source,dataset_id,table_title,variable,theme,label,definition,unit,decimals,period,source_detail,geography,nonempty_rows,nonempty_amsterdam_rows
RIVM Beweegvriendelijke omgeving,50143NED,Beweegvriendelijke omgeving per wijk en buurt; 2024,Gemeentenaam_1,Regioaanduiding,Gemeentenaam,De naam van de bestuurlijke gemeente. Deze naam volgt de officiële schrijfwijze,naam,0,2024,"Diverse bronnen, Mulier Instituut",buurt/wijk/gemeente,18310,628
RIVM Beweegvriendelijke omgeving,50143NED,Beweegvriendelijke omgeving per wijk en buurt; 2024,SoortRegio_2,Regioaanduiding,Soort regio,"De gekozen regioaanduiding betreft: Gemeente, Wijk of Buurt.",omschrijving,0,2024,"Diverse bronnen, Mulier Instituut",buurt/wijk/gemeente,18310,628
RIVM Beweegvriendelijke omgeving,50143NED,Beweegvriendelijke omgeving per wijk en buurt; 2024,Codering_3,Regioaanduiding,Codering,"Gemeentecode heeft 4 posities, voorafgegaan door ""GM"". 

Wijkcode heeft 6 posities: gemeentecode (4) + wijkcode (2), voorafgegaan door ""WK"". 

Buurtcode heeft 8 posities: gemeentecode (4) + wijkcode (2) + buurtcode (2), voorafgegaan door ""BU"".",code,0,2024,"Diverse bronnen, Mulier Instituut",buurt/wijk/gemeente,18310,628
RIVM Beweegvriendelijke omgeving,50143NED,Beweegvriendelijke omgeving per wijk en buurt; 2024,BeweegvriendelijkeOmgeving_4,,Beweegvriendelijke omgeving,"Beweegvriendelijke omgeving geeft de score van de openbare ruimte op de mogelijkheid voor mensen om te sporten en te bewegen. De veronderstelling is dat een meer beweegvriendelijke omgeving bijdraagt aan meer sporten en bewegen.

De totaalscore is het gemiddelde van de scores op de deelindicatoren. Hoe hoger de score, hoe meer mensen een goede bereikbaarheid, nabijheid of diversiteit van een deelindicator hebben.
",score,0,2024,"Diverse bronnen, Mulier Instituut",buurt/wijk/gemeente,17726,598
RIVM Beweegvriendelijke omgeving,50143NED,Beweegvriendelijke omgeving per wijk en buurt; 2024,RecreatiefGroenEnBlauw_5,Deelindicatoren,Recreatief groen en blauw,"De deelindicator recreatief groen en blauw brengt de nabijheid en het oppervlakte van recreatief groen en blauw (water) in kaart. 
Binnen een straal van 300 meter om een CBS-vierkant wordt het oppervlak groen en blauw berekend Hierbij wordt alleen groen en blauw meegenomen dat bereikbaar is via een weg die te voet of met de fiets toegankelijk is. Een vierkant krijgt op basis daarvan een aantal punten:

0 – 2 hectare recreatief groen en/of blauw = 0 punten
2 – 4 hectare recreatief groen en/of blauw =  1 punt
4 – 7 hectare recreatief groen en/of blauw =  2 punten
7 – 10,5 hectare recreatief groen en/of blauw =  3 punten
meer dan 10,5 hectare recreatief groen en/of blauw =  4 punten

Op buurt, gemeente en landelijk niveau wordt het percentage van de punten die behaald kunnen worden, gewogen naar inwonersaantal, de score van de deelindicator.",score,0,2024,"Diverse bronnen, Mulier Instituut",buurt/wijk/gemeente,17726,598
RIVM Beweegvriendelijke omgeving,50143NED,Beweegvriendelijke omgeving per wijk en buurt; 2024,SportEnSpeelplekken_6,Deelindicatoren,Sport- en speelplekken ,"De deelindicator sport- en speelplekken brengt de nabijheid van sport- en speelplekken in kaart. 

Hiervoor wordt nagegaan welke CBS-vierkanten een sport- of speelplek binnen maximaal 400 meter hebben. Voor deze berekening wordt gebruik gemaakt van wegen die te voet of met de fiets toegankelijk zijn. Op buurt, gemeente of landelijk niveau wordt het percentage vierkanten dat aan deze eis voldoet, gewogen naar inwonersaantal, gerapporteerd. Bij deze deelindicator is het van belang dat de gegevens over speelplekken momenteel niet landsdekkend en uniform worden geregistreerd in de Basisregistratie Grootschalige Topografie (BGT). De verwachting is dat dit in de toekomst wel het geval zal zijn. Gezien het belang van sport- en speelplekken en de verwachting dat de onderliggende data in de nabije toekomst zal verbeteren, is deze deelindicator ondanks de beperkingen van de onderliggende gegevens, al opgenomen in de kernindicator Beweegvriendelijke Omgeving. In 2024 is de data uit de BGT aangevuld met openbare data over sport- en speelplekken van OpenStreetMap.

Enkele gemeenten hebben een score van ‘0’ op deze indicator. In deze gemeenten heeft een heel klein deel van de inwoners wel een speelplek binnen 400 meter, maar ligt die in een aangrenzende gemeente. Wanneer we de gemiddelde score voor die gemeenten berekenen, wordt het afgerond ‘0’.",score,0,2024,"Diverse bronnen, Mulier Instituut",buurt/wijk/gemeente,17726,598
RIVM Beweegvriendelijke omgeving,50143NED,Beweegvriendelijke omgeving per wijk en buurt; 2024,Sportaccommodaties_7,Deelindicatoren,Sportaccommodaties ,"De deelindicator sportaccommodaties brengt de nabijheid en diversiteit van de meest gebruikte sportaccommodaties (voetbalvelden, hockeyvelden, tennisbanen, sporthallen, fitnessvoorzieningen en zwembaden) in kaart. 

Voor elk type sportaccommodatie is een afstand bereikbaar met de fiets of te voet berekend die als “verzorgingsgebied” geldt. Zo is het verzorgingsgebied van fitnessaccommodaties 1.400 meter en van een zwembad 2.300 meter. Als de afstand tot de dichtstbijzijnde accommodatie groter is dan 150% van die afstand krijgt het CBS-vierkant een score van 0, als de afstand binnen 150% valt krijgt het vierkant score van 1, als het binnen de afstand valt een score van 2, en binnen 50% van de afstand een score van 3 punten. Zo krijgt het CBS-vierkant voor elk van de vijf typen accommodaties een score, die maximaal 15 punten bedraagt. Het percentage van het aantal behaalde punten betreft de score voor dat CBS-vierkant. Deze percentages worden vervolgens, gewogen naar het aantal inwoners per CBS-vierkant, geaggregeerd naar buurt, gemeente of landelijk niveau.",score,0,2024,"Diverse bronnen, Mulier Instituut",buurt/wijk/gemeente,17726,598
RIVM Beweegvriendelijke omgeving,50143NED,Beweegvriendelijke omgeving per wijk en buurt; 2024,NabijheidVanVoorzieningen_8,Deelindicatoren,Nabijheid van voorzieningen,"De deelindicator nabijheid van voorzieningens brengt de nabijheid en diversiteit van voorzieningen voor algemeen dagelijks gebruik in kaart. Hierbij zijn meegenomen: huisarts, apotheek, supermarkt, overige levensmiddelenwinkels, kinderdagverblijf, buitenschoolse opvang, basisschool en middelbare school, trein, lokale OV-halte (bus, tram en metro), restaurant en museum.

Voor elk type voorziening is een afstand berekend die als “verzorgingsgebied” geldt. Als de afstand tot de dichtstbijzijnde voorziening groter is dan 150% van die afstand krijgt het CBS-vierkant een score van 0, als de afstand binnen 150% valt krijgt het vierkant score van 1, als het binnen de afstand valt een score van 2, en binnen 50% van de afstand een score van 3 punten. Zo krijgt het CBS-vierkant voor elk van de typen voorzieningen een score. Het percentage behaalde punten van de punten die behaald kunnen worden betreft de score voor dat CBS-vierkant. Deze percentages worden vervolgens, gewogen naar het aantal inwoners per CBS-vierkant, geaggregeerd naar buurt, gemeente of landelijk niveau.",score,0,2024,"Diverse bronnen, Mulier Instituut",buurt/wijk/gemeente,17726,598
RIVM Gezondheid wijk/buurt,50150NED,Gezondheid per wijk en buurt; 2012/2016/2020/2022/2024 (indeling 2024),Gemeentenaam_1,Regioaanduiding,Gemeentenaam,De naam van de bestuurlijke gemeente. Deze naam volgt de officiële schrijfwijze,naam,0,"2012, 2016, 2020, 2022, 2024","Gezondheidsmonitor Volwassenen en Ouderen 2012/2016/2020/2022/2024, GGD'en/CBS/RIVM (bewerking o.b.v. SMAP-methodiek, RIVM)",buurt/wijk/gemeente,91550,3140
RIVM Gezondheid wijk/buurt,50150NED,Gezondheid per wijk en buurt; 2012/2016/2020/2022/2024 (indeling 2024),SoortRegio_2,Regioaanduiding,Soort regio,"De gekozen regioaanduiding betreft: Gemeente, Wijk of Buurt.",omschrijving,0,"2012, 2016, 2020, 2022, 2024","Gezondheidsmonitor Volwassenen en Ouderen 2012/2016/2020/2022/2024, GGD'en/CBS/RIVM (bewerking o.b.v. SMAP-methodiek, RIVM)",buurt/wijk/gemeente,91550,3140
RIVM Gezondheid wijk/buurt,50150NED,Gezondheid per wijk en buurt; 2012/2016/2020/2022/2024 (indeling 2024),Codering_3,Regioaanduiding,Codering,"Gemeentecode heeft 4 posities, voorafgegaan door ""GM"". 

Wijkcode heeft 6 posities: gemeentecode (4) + wijkcode (2), voorafgegaan door ""WK"". 

Buurtcode heeft 8 posities: gemeentecode (4) + wijkcode (2) + buurtcode (2), voorafgegaan door ""BU"".",codering,0,"2012, 2016, 2020, 2022, 2024","Gezondheidsmonitor Volwassenen en Ouderen 2012/2016/2020/2022/2024, GGD'en/CBS/RIVM (bewerking o.b.v. SMAP-methodiek, RIVM)",buurt/wijk/gemeente,91550,3140
RIVM Gezondheid wijk/buurt,50150NED,Gezondheid per wijk en buurt; 2012/2016/2020/2022/2024 (indeling 2024),GoedErvarenGezondheid_4,Ervaren gezondheid,Goed ervaren gezondheid,"Percentage personen van 18 jaar of ouder met antwoordcategorie 'zeer goed' of 'goed' op de vraag naar de algemene gezondheidstoestand.

Indicator code: KLGGA208

Let op: de percentages zijn gebaseerd op een modelmatige schatting.",%,1,"2012, 2016, 2020, 2022, 2024","Gezondheidsmonitor Volwassenen en Ouderen 2012/2016/2020/2022/2024, GGD'en/CBS/RIVM (bewerking o.b.v. SMAP-methodiek, RIVM)",buurt/wijk/gemeente,76140,2693
RIVM Gezondheid wijk/buurt,50150NED,Gezondheid per wijk en buurt; 2012/2016/2020/2022/2024 (indeling 2024),EenOfMeerLangdurigeAandoeningen_5,Lichamelijke gezondheid,Één of meer langdurige aandoeningen,"Percentage personen van 18 jaar of ouder met de antwoordcategorie 'ja' op de vraag: Heeft u één of meer langdurige ziekten of aandoeningen? Langdurig is (naar verwachting) 6 maanden of langer.

Indicator code: CALGA260

Cijfers over 2012 zijn niet beschikbaar.

Let op: de percentages zijn gebaseerd op een modelmatige schatting.",%,1,"2012, 2016, 2020, 2022, 2024","Gezondheidsmonitor Volwassenen en Ouderen 2012/2016/2020/2022/2024, GGD'en/CBS/RIVM (bewerking o.b.v. SMAP-methodiek, RIVM)",buurt/wijk/gemeente,60989,2162
RIVM Gezondheid wijk/buurt,50150NED,Gezondheid per wijk en buurt; 2012/2016/2020/2022/2024 (indeling 2024),LangdurigBeperkt_6,Lichamelijke gezondheid,Langdurig beperkt,"Percentage personen dat aangeeft (ernstig) beperkt te zijn in het dagelijks leven vanwege problemen gezondheid.

Indicator code: CALGS267

Cijfers over 2012 en 2016 zijn niet beschikbaar.

Let op: de percentages zijn gebaseerd op een modelmatige schatting.",%,1,"2012, 2016, 2020, 2022, 2024","Gezondheidsmonitor Volwassenen en Ouderen 2012/2016/2020/2022/2024, GGD'en/CBS/RIVM (bewerking o.b.v. SMAP-methodiek, RIVM)",buurt/wijk/gemeente,45799,1626
RIVM Gezondheid wijk/buurt,50150NED,Gezondheid per wijk en buurt; 2012/2016/2020/2022/2024 (indeling 2024),BeperktVanwegeGezondheid_7,Lichamelijke gezondheid,Beperkt vanwege gezondheid,"Percentage personen dat aangeeft ernstig beperkt te zijn in het dagelijks leven vanwege problemen gezondheid.

Indicator code: CALGA264

Cijfers over 2012 en 2016 zijn niet beschikbaar.

Let op: de percentages zijn gebaseerd op een modelmatige schatting.",%,1,"2012, 2016, 2020, 2022, 2024","Gezondheidsmonitor Volwassenen en Ouderen 2012/2016/2020/2022/2024, GGD'en/CBS/RIVM (bewerking o.b.v. SMAP-methodiek, RIVM)",buurt/wijk/gemeente,45799,1626
RIVM Gezondheid wijk/buurt,50150NED,Gezondheid per wijk en buurt; 2012/2016/2020/2022/2024 (indeling 2024),ErnstigBeperktVanwegeGezondheid_8,Lichamelijke gezondheid,Ernstig beperkt vanwege gezondheid,"Percentage personen dat aangeeft langdurig (ernstig) beperkt te zijn in het dagelijks leven vanwege problemen met de gezondheid.

De internationaal gebruikte en afgestemde indicator voor gezondheidsbeperking wordt de GALI-indicator genoemd. GALI staat voor Global Activity Limitation Indicator.

Indicator code: CALGA265

Cijfers over 2012 en 2016 zijn niet beschikbaar.

Let op: de percentages zijn gebaseerd op een modelmatige schatting.",%,1,"2012, 2016, 2020, 2022, 2024","Gezondheidsmonitor Volwassenen en Ouderen 2012/2016/2020/2022/2024, GGD'en/CBS/RIVM (bewerking o.b.v. SMAP-methodiek, RIVM)",buurt/wijk/gemeente,45799,1626
RIVM Gezondheid wijk/buurt,50150NED,Gezondheid per wijk en buurt; 2012/2016/2020/2022/2024 (indeling 2024),EenOfMeerLichamelijkeBeperkingen_9,Beperkingen,Één of meer lichamelijke beperkingen,"Percentage personen van 65 jaar of ouder met minstens 1 OESO-beperking. Een respondent heeft een beperking als hij of zij op minstens één van de 7 vragen met 'kan niet' of 'met grote moeite' antwoordt.

Indicator code: LGBPS209

In 2024 alleen uitgevraagd bij personen van 65 jaar en ouder.

Let op: de percentages zijn gebaseerd op een modelmatige schatting.",%,1,"2012, 2016, 2020, 2022, 2024","Gezondheidsmonitor Volwassenen en Ouderen 2012/2016/2020/2022/2024, GGD'en/CBS/RIVM (bewerking o.b.v. SMAP-methodiek, RIVM)",buurt/wijk/gemeente,0,0
RIVM Gezondheid wijk/buurt,50150NED,Gezondheid per wijk en buurt; 2012/2016/2020/2022/2024 (indeling 2024),BeperkingInHoren_10,Beperkingen > Soort beperking,Beperking in horen,"Percentage personen van 65 jaar of ouder met de antwoordcategorie 'ja, met grote moeite' of 'nee, dat kan ik niet' op minstens 1 van de vragen naar beperkingen in horen (volgens de OESO indicator).

Indicator code: LGBPS203

In 2024 alleen uitgevraagd bij personen van 65 jaar en ouder.

Let op: de percentages zijn gebaseerd op een modelmatige schatting.",%,1,"2012, 2016, 2020, 2022, 2024","Gezondheidsmonitor Volwassenen en Ouderen 2012/2016/2020/2022/2024, GGD'en/CBS/RIVM (bewerking o.b.v. SMAP-methodiek, RIVM)",buurt/wijk/gemeente,0,0
RIVM Gezondheid wijk/buurt,50150NED,Gezondheid per wijk en buurt; 2012/2016/2020/2022/2024 (indeling 2024),BeperkingInZien_11,Beperkingen > Soort beperking,Beperking in zien,"Percentage personen van 65 jaar of ouder met de antwoordcategorie 'ja, met grote moeite' of 'nee, dat kan ik niet' op minstens 1 van de vragen naar beperkingen in zien (volgens de OESO indicator).

Indicator code: LGBPS204

In 2024 alleen uitgevraagd bij personen van 65 jaar en ouder.

Let op: de percentages zijn gebaseerd op een modelmatige schatting.",%,1,"2012, 2016, 2020, 2022, 2024","Gezondheidsmonitor Volwassenen en Ouderen 2012/2016/2020/2022/2024, GGD'en/CBS/RIVM (bewerking o.b.v. SMAP-methodiek, RIVM)",buurt/wijk/gemeente,0,0
RIVM Gezondheid wijk/buurt,50150NED,Gezondheid per wijk en buurt; 2012/2016/2020/2022/2024 (indeling 2024),BeperkingInBewegen_12,Beperkingen > Soort beperking,Beperking in bewegen,"Percentage personen van 65 jaar of ouder met de antwoordcategorie 'ja, met grote moeite' of 'nee, dat kan ik niet' op minstens 1 van de vragen naar beperkingen in bewegen (volgens de OESO indicator).

Indicator code: LGBPS205

In 2024 alleen uitgevraagd bij personen van 65 jaar en ouder.

Let op: de percentages zijn gebaseerd op een modelmatige schatting.",%,1,"2012, 2016, 2020, 2022, 2024","Gezondheidsmonitor Volwassenen en Ouderen 2012/2016/2020/2022/2024, GGD'en/CBS/RIVM (bewerking o.b.v. SMAP-methodiek, RIVM)",buurt/wijk/gemeente,0,0
RIVM Gezondheid wijk/buurt,50150NED,Gezondheid per wijk en buurt; 2012/2016/2020/2022/2024 (indeling 2024),EenOfMeerdereKerenGevallen_13,Valongevallen,Één of meerdere keren gevallen,"Percentage personen van 65 jaar en ouder dat één of meerdere keren is gevallen in de laatste 12 maanden. Deze indicator is alleen beschikbaar voor personen van 65 jaar en ouder.

Indicator code: LGVOS302

In 2024 alleen uitgevraagd bij personen van 65 jaar en ouder.

Let op: de percentages zijn gebaseerd op een modelmatige schatting.",%,1,"2012, 2016, 2020, 2022, 2024","Gezondheidsmonitor Volwassenen en Ouderen 2012/2016/2020/2022/2024, GGD'en/CBS/RIVM (bewerking o.b.v. SMAP-methodiek, RIVM)",buurt/wijk/gemeente,0,0
RIVM Gezondheid wijk/buurt,50150NED,Gezondheid per wijk en buurt; 2012/2016/2020/2022/2024 (indeling 2024),HoogRisicoAngststoornisOfDepressie_14,Mentale gezondheid,Hoog risico angststoornis of depressie,"Percentage van 18 jaar of ouder met een hoog risico op een angststoornis of depressie.

Dit is gebaseerd op een veel gebruikte vragenlijst voor screening van angst en depressie (Kessler-10 vragenlijst). De antwoorden worden samengevat in een score.

Iedere vraag heeft 5 antwoordcategorieën:1 'Altijd'; 2 'Meestal'; 3 'Soms'; 4 'Af en toe'; 5 'Nooit' 9 'onbekend'

Bij antwoord 1 'altijd' krijg je in dit geval de hoogste score 5, bij antwoord 5 'nooit' krijgt de laagste score 1. (Bij 3 of meer items Impossible, krijgt de indicator de waarde Impossible. Bij 1 of 2 items Impossible wordt de waarde geïmputeerd o.b.v. de gemiddelde score op dat item)

Vragenlijst: De volgende vragen gaan over hoe u zich voelde in de afgelopen 4 weken?
1 - Hoe vaak voelde u zich erg vermoeid zonder duidelijke reden?
2 - Hoe vaak voelde u zich zenuwachtig?
3 - Hoe vaak was u zo zenuwachtig dat u niet tot rust kon komen?
4 - Hoe vaak voelde u zich hopeloos?
5 -  Hoe vaak voelde u zich rusteloos of ongedurig?
6 - Hoe vaak voelde u zich zo rusteloos dat u niet meer stil kon zitten?
7 - Hoe vaak voelde u zich somber of depressief?
8 - Hoe vaak had u het gevoel dat alles veel moeite kostte?
9 - Hoe vaak voelde u zich zo somber dat niets hielp om u op te vrolijken?
10 - Hoe vaak vond u zichzelf afkeurenswaardig, minderwaardig of waardeloos?

De antwoorden op de vragen worden samengevat in een score tussen de 10-50:
10 t/m 15: geen of laag risico
16 t/m 29: matig risico
30 t/m 50: hoog risico op een angststoornis of depressie.

Indicator code: GGADA203

In 2012 is deze indicator afgeleid van GGADA201 - GGADA201 bevat alle drie categorieën van de K10 somscore: geen of laag risico, matig risico, hoog risico op een angststoornis of depressie.
Vanaf 2012 is er een afzonderlijke indicator gemaakt voor hoog risico op een angststoornis of depressie: GGADA203.

Let op: de percentages zijn gebaseerd op een modelmatige schatting.",%,1,"2012, 2016, 2020, 2022, 2024","Gezondheidsmonitor Volwassenen en Ouderen 2012/2016/2020/2022/2024, GGD'en/CBS/RIVM (bewerking o.b.v. SMAP-methodiek, RIVM)",buurt/wijk/gemeente,76140,2693
RIVM Gezondheid wijk/buurt,50150NED,Gezondheid per wijk en buurt; 2012/2016/2020/2022/2024 (indeling 2024),SuicideGedachtenDeLaatste12Maanden_15,Mentale gezondheid,Suïcide gedachten de laatste 12 maanden,"Percentage personen van 18 jaar en ouder dat er in de laatste 12 maanden een enkele keer tot heel vaak serieus over heeft gedacht een eind te maken aan diens leven.

Indicator code: GGSUA201

Cijfers over 2012, 2016 en 2020 zijn niet beschikbaar.

Let op: de percentages zijn gebaseerd op een modelmatige schatting.",%,1,"2012, 2016, 2020, 2022, 2024","Gezondheidsmonitor Volwassenen en Ouderen 2012/2016/2020/2022/2024, GGD'en/CBS/RIVM (bewerking o.b.v. SMAP-methodiek, RIVM)",buurt/wijk/gemeente,30552,1084
RIVM Gezondheid wijk/buurt,50150NED,Gezondheid per wijk en buurt; 2012/2016/2020/2022/2024 (indeling 2024),AngstDepressiegevoelensAfg4Weken_16,Mentale gezondheid,Angst-/depressiegevoelens afg. 4 weken,"Percentage personen van 18 jaar en ouder met angst- of depressiegevoelens in de laatste 4 weken.

Het hebben van angst- of depressiegevoelens is gemeten middels de Mental Health Inventory 5 (MHI-5). De MHI-5 is een internationale standaard voor een specifieke meting van de mentale gezondheid, bestaande uit vijf vragen. De MHI-5 is feitelijk een deelschaal van de Short Format 36 (SF-36), een uitvoerige internationale standaard voor de meting van gezondheid. De MHI-5 betreft vragen die steeds betrekking hebben op hoe men zich in de afgelopen vier weken voelde. Gevraagd is:
1.       Voelde je je erg zenuwachtig?
2.       Voelde je je kalm en rustig?
3.       Voelde je je neerslachtig en somber?
4.       Voelde je je gelukkig? 
5.       Zat je zo erg in de put dat niets je kon opvrolijken?

Iedere vraag heeft de volgende zes antwoordcategorieën: voortdurend – meestal – vaak – soms – zelden – nooit. Op basis van deze vijf vragen wordt een somscore berekend, welke loopt van 0 tot en met 100. Een respondent is gekwalificeerd als het hebben van angst- of depressiegevoelens bij een score van 76 of minder.

Let op! De score van 76 of minder is gebaseerd op een herijking van de afkappunten van de MHI-5, waarover is gepubliceerd in september 2024. Een score van 76 of minder indiceert de aanwezigheid van angst- of depressiegevoelens in de laatste 4 weken. Vóór deze herijking werd in de Gezondheidsmonitors het MHI-5 afkappunt van Perenboom et al. gebruikt, waarmee bij een score van 60 of minder sprake was van psychische klachten. Deze oude indicator voor ‘psychische klachten’ op basis van de MHI-5 wordt vanaf september 2024 niet meer gebruikt.

Indicator code: GGKLS405

Cijfers over 2012, 2016 en 2020 zijn niet beschikbaar.

Let op: de percentages zijn gebaseerd op een modelmatige schatting.",%,1,"2012, 2016, 2020, 2022, 2024","Gezondheidsmonitor Volwassenen en Ouderen 2012/2016/2020/2022/2024, GGD'en/CBS/RIVM (bewerking o.b.v. SMAP-methodiek, RIVM)",buurt/wijk/gemeente,30552,1084
RIVM Gezondheid wijk/buurt,50150NED,Gezondheid per wijk en buurt; 2012/2016/2020/2022/2024 (indeling 2024),HeelVeelStressAfg4Weken_17,Mentale gezondheid,(Heel) veel stress afg. 4 weken,"Percentage personen van 18 jaar of ouder dat de afgelopen 4 weken (heel) veel stress heeft ervaren.

Indicator code: GGSTS216

Cijfers over 2012 en 2016 zijn niet beschikbaar.

Let op: de percentages zijn gebaseerd op een modelmatige schatting.",%,1,"2012, 2016, 2020, 2022, 2024","Gezondheidsmonitor Volwassenen en Ouderen 2012/2016/2020/2022/2024, GGD'en/CBS/RIVM (bewerking o.b.v. SMAP-methodiek, RIVM)",buurt/wijk/gemeente,45799,1626
RIVM Gezondheid wijk/buurt,50150NED,Gezondheid per wijk en buurt; 2012/2016/2020/2022/2024 (indeling 2024),BrozeGezondheid_18,Broze gezondheid,Broze gezondheid,"Percentage personen van 65 jaar en ouder dat een broze gezondheid heeft.

Broosheid (ook wel kwetsbaarheid of frailty genoemd) is een extreme uiting van het normale verouderingsproces. Er zijn diverse meetinstrumenten geschikt voor het meten van broosheid bij individuen. Recent is een voorstel gepubliceerd voor een Frailty-index voor populaties gebaseerd op 37 vragen uit de Gezondheidsmonitor Volwassen en Ouderen (FI-HM37).

De vragen in de index zijn gehercodeerd naar waardes tussen de 0 en de 1 voor elke vraag, waarbij de 1 staat voor een tekort. De items zijn vervolgens gesommeerd, hetgeen resulteert in een score die kan variëren van 0 tot en met 37. Deze score is gedeeld door het aantal items (37). Dit levert een frailty-index score op tussen de 0 en de 1. De gemiddelde score op deze index in Nederland op basis van de Gezondheidsmonitor lag in 2016 op 0,19 (Kleinenberg-Talsma et al., 2021). In de literatuur (Rockwood, Andrew en Mitnisky , 2007; Hoogendijk et al., 2017) wordt doorgaans een afkappunt voor broosheid gelegd  (niet/wel broos) bij 0.25.

De vragen betreffen zowel het fysieke (10 vragen), het psychische (16 vragen) als het sociale domein (11 vragen). Zowel voor de totale als voor de subdomeinen is een index berekend.

Vragen per domein:
Fysiek domein
1    Hoe is over het algemeen uw gezondheid?
2    Heeft u één of meer langdurige ziekten of aandoeningen?
3    Bent u vanwege problemen met uw gezondheid beperkt in uw dagelijks leven?
4    Kunt u een gesprek volgen in een groep van 3 of meer personen?
5    Kunt u met één andere persoon een gesprek voeren?
6    Zijn uw ogen goed genoeg om de kleine letters in de krant te kunnen lezen?
7    Kunt u op een afstand van 4 meter het gezicht van iemand herkennen?
8    Kunt u een voorwerp van 5 kg 10 meter dragen?
9    Kunt u als u staat, bukken en iets van de grond oppakken?
10  Kunt u 400 meter aan een stuk lopen, zonder stil te staan?

Psychologisch domein
11  Hoe vaak voelde u zich erg vermoeid zonder duidelijke reden?
12  Hoe vaak voelde u zich zenuwachtig?
13  Hoe vaak was u zo zenuwachtig dat u niet tot rust kon komen?
14  Hoe vaak voelde u zich hopeloos?
15  Hoe vaak voelde u zich rusteloos of ongedurig?
16  Hoe vaak voelde u zich zo rusteloos dat u niet meer stil kon zitten?
17  Hoe vaak voelde u zich somber of depressief?
18  Hoe vaak had u het gevoel dat alles veel moeite kostte?
19  Hoe vaak voelde u zich zo somber dat niets hielp om u op te vrolijken?
20  Hoe vaak vond u zichzelf afkeurenswaardig, minderwaardig of waardeloos?
21  Ik heb weinig controle over de dingen die me overkomen
22  Sommige van mijn problemen kan ik met geen mogelijkheid oplossen
23  Er is weinig dat ik kan doen om belangrijke dingen in mijn leven  te veranderen
24  Ik voel me vaak hulpeloos bij het omgaan met de problemen van het leven
25  Soms voel ik dat ik een speelbal van het leven ben
26  Ik kan ongeveer alles als ik m’n zinnen erop gezet heb

Sociaal domein
27  Er is altijd wel iemand in mijn omgeving bij wie ik met mijn dagelijkse probleempjes terecht kan.
28  Er zijn genoeg mensen op wie ik in geval van narigheid kan terugvallen.
29  Ik heb veel mensen op wie ik volledig kan vertrouwen.
30  Er zijn voldoende mensen met wie ik me nauw verbonden voel.
31  Wanneer ik daar behoefte aan heb, kan ik altijd bij mijn vrienden terecht.
32  Ik mis een echt goede vriend of vriendin.
33  Ik ervaar een leegte om mij heen.
34  Ik mis gezelligheid om mij heen.
35  Ik vind mijn kring van kennissen te beperkt.
36  Ik mis mensen om mij heen.
37  Vaak voel ik me in de steek gelaten

Indicator code: FRAILTYINDEX_cat

Let op: de percentages zijn gebaseerd op een modelmatige schatting.",%,1,"2012, 2016, 2020, 2022, 2024","Gezondheidsmonitor Volwassenen en Ouderen 2012/2016/2020/2022/2024, GGD'en/CBS/RIVM (bewerking o.b.v. SMAP-methodiek, RIVM)",buurt/wijk/gemeente,0,0
RIVM Gezondheid wijk/buurt,50150NED,Gezondheid per wijk en buurt; 2012/2016/2020/2022/2024 (indeling 2024),BrozeGezondheidPsychologischDomein_19,Broze gezondheid > Broze gezondheid per domein,Broze gezondheid psychologisch domein,"Percentage personen van 65 jaar en ouder dat een broze gezondheid op het psychologische domein heeft. 

Broosheid (ook wel kwetsbaarheid of frailty genoemd) is een extreme uiting van het normale verouderingsproces. Er zijn diverse meetinstrumenten geschikt voor het meten van broosheid bij individuen. Recent is een voorstel gepubliceerd voor een Frailty-index voor populaties gebaseerd op 37 vragen uit de Gezondheidsmonitor Volwassen en Ouderen (FI-HM37).

Berekening van de psychologische frailty-index op basis van 16 vragen uit de Gezondheidsmonitor over de psychologische gezondheid.

Vragen in het psychologisch domein:
1  Hoe vaak voelde u zich erg vermoeid zonder duidelijke reden?
2  Hoe vaak voelde u zich zenuwachtig?
3  Hoe vaak was u zo zenuwachtig dat u niet tot rust kon komen?
4  Hoe vaak voelde u zich hopeloos?
5  Hoe vaak voelde u zich rusteloos of ongedurig?
6  Hoe vaak voelde u zich zo rusteloos dat u niet meer stil kon zitten?
7  Hoe vaak voelde u zich somber of depressief?
8  Hoe vaak had u het gevoel dat alles veel moeite kostte?
9  Hoe vaak voelde u zich zo somber dat niets hielp om u op te vrolijken?
10  Hoe vaak vond u zichzelf afkeurenswaardig, minderwaardig of waardeloos?
11  Ik heb weinig controle over de dingen die me overkomen
12  Sommige van mijn problemen kan ik met geen mogelijkheid oplossen
13  Er is weinig dat ik kan doen om belangrijke dingen in mijn leven  te veranderen
14  Ik voel me vaak hulpeloos bij het omgaan met de problemen van het leven
15  Soms voel ik dat ik een speelbal van het leven ben
16  Ik kan ongeveer alles als ik m’n zinnen erop gezet heb

Indicator code: FI_Psychisch_cat

Let op: de percentages zijn gebaseerd op een modelmatige schatting.",%,1,"2012, 2016, 2020, 2022, 2024","Gezondheidsmonitor Volwassenen en Ouderen 2012/2016/2020/2022/2024, GGD'en/CBS/RIVM (bewerking o.b.v. SMAP-methodiek, RIVM)",buurt/wijk/gemeente,0,0
RIVM Gezondheid wijk/buurt,50150NED,Gezondheid per wijk en buurt; 2012/2016/2020/2022/2024 (indeling 2024),BrozeGezondheidFysiekDomein_20,Broze gezondheid > Broze gezondheid per domein,Broze gezondheid fysiek domein,"Percentage personen van 65 jaar en ouder dat een broze fysieke gezondheid heeft.

Broosheid (ook wel kwetsbaarheid of frailty genoemd) is een extreme uiting van het normale verouderingsproces. Er zijn diverse meetinstrumenten geschikt voor het meten van broosheid bij individuen. Recent is een voorstel gepubliceerd voor een Frailty-index voor populaties gebaseerd op 37 vragen uit de Gezondheidsmonitor Volwassen en Ouderen (FI-HM37).

Berekening van de fysieke frailty-index op basis van 10 vragen uit de Gezondheidsmonitor over de fysieke gezondheid.

Vragen in het fysieke domein:
1    Hoe is over het algemeen uw gezondheid?
2    Heeft u één of meer langdurige ziekten of aandoeningen?
3    Bent u vanwege problemen met uw gezondheid beperkt in uw dagelijks leven?
4    Kunt u een gesprek volgen in een groep van 3 of meer personen?
5    Kunt u met één andere persoon een gesprek voeren?
6    Zijn uw ogen goed genoeg om de kleine letters in de krant te kunnen lezen?
7    Kunt u op een afstand van 4 meter het gezicht van iemand herkennen?
8    Kunt u een voorwerp van 5 kg 10 meter dragen?
9    Kunt u als u staat, bukken en iets van de grond oppakken?
10  Kunt u 400 meter aan een stuk lopen, zonder stil te staan?

Indicator code: FI_Fysiek_cat

Let op: de percentages zijn gebaseerd op een modelmatige schatting.",%,1,"2012, 2016, 2020, 2022, 2024","Gezondheidsmonitor Volwassenen en Ouderen 2012/2016/2020/2022/2024, GGD'en/CBS/RIVM (bewerking o.b.v. SMAP-methodiek, RIVM)",buurt/wijk/gemeente,0,0
RIVM Gezondheid wijk/buurt,50150NED,Gezondheid per wijk en buurt; 2012/2016/2020/2022/2024 (indeling 2024),BrozeGezondheidSociaalDomein_21,Broze gezondheid > Broze gezondheid per domein,Broze gezondheid sociaal domein,"Percentage personen van 65 jaar en ouder dat een broze gezondheid op het sociale domein heeft.

Broosheid (ook wel kwetsbaarheid of frailty genoemd) is een extreme uiting van het normale verouderingsproces. Er zijn diverse meetinstrumenten geschikt voor het meten van broosheid bij individuen. Recent is een voorstel gepubliceerd voor een Frailty-index voor populaties gebaseerd op 37 vragen uit de Gezondheidsmonitor Volwassen en Ouderen (FI-HM37).

Berekening van de sociale frailty-index op basis van 11 vragen uit de Gezondheidsmonitor over de sociale gezondheid.

Vragen in het sociale domein:
1    Er is altijd wel iemand in mijn omgeving bij wie ik met mijn dagelijkse probleempjes terecht kan.
2    Er zijn genoeg mensen op wie ik in geval van narigheid kan terugvallen.
3    Ik heb veel mensen op wie ik volledig kan vertrouwen.
4    Er zijn voldoende mensen met wie ik me nauw verbonden voel.
5    Wanneer ik daar behoefte aan heb, kan ik altijd bij mijn vrienden terecht.
6    Ik mis een echt goede vriend of vriendin.
7    Ik ervaar een leegte om mij heen.
8    Ik mis gezelligheid om mij heen.
9    Ik vind mijn kring van kennissen te beperkt.
10  Ik mis mensen om mij heen.
11  Vaak voel ik me in de steek gelaten

Indicator code: FI_Sociaal_cat

Let op: de percentages zijn gebaseerd op een modelmatige schatting.",%,1,"2012, 2016, 2020, 2022, 2024","Gezondheidsmonitor Volwassenen en Ouderen 2012/2016/2020/2022/2024, GGD'en/CBS/RIVM (bewerking o.b.v. SMAP-methodiek, RIVM)",buurt/wijk/gemeente,0,0
RIVM Gezondheid wijk/buurt,50150NED,Gezondheid per wijk en buurt; 2012/2016/2020/2022/2024 (indeling 2024),LageVeerkracht_22,Veerkracht,Lage veerkracht,"Percentage personen dat aangeeft een (zeer) lage veerkracht te hebben.

Veerkracht is gemeten met de volgende 5 uitspraken over hoe men zich de afgelopen 4 weken voelde uit de Nederlandse vitaliteitsmeter VITA-16:
- Ik kan heel goed omgaan met tegenslagen
- Ik kan heel goed oplossingen vinden in moeilijke situaties
- Na een moeilijke periode ben ik snel weer de oude
- Door mijn ervaring voel ik mij sterker in moeilijke tijden
- Elke ervaring in het leven maakt mij sterker

Elke uitspraak had de volgende antwoordmogelijkheden: Zelden – Soms - Af en toe – Regelmatig – Meestal – Bijna altijd – Altijd. Hierbij krijgt 'Zelden' een score van 1 en 'Altijd' een score van 7. Uit de 5 uitspraken is een gemiddelde score van 1 t/m 7 berekend:
- Score van lager dan 3,8 is lage veerkracht
- Score van 3,8 tot 5,4 is gemiddelde veerkracht
- Score van 5,4 of hoger is hoge veerkracht

Indicator code: GGVKS201

Cijfers over 2012, 2016 en 2020 zijn niet beschikbaar.

Let op: de percentages zijn gebaseerd op een modelmatige schatting.",%,1,"2012, 2016, 2020, 2022, 2024","Gezondheidsmonitor Volwassenen en Ouderen 2012/2016/2020/2022/2024, GGD'en/CBS/RIVM (bewerking o.b.v. SMAP-methodiek, RIVM)",buurt/wijk/gemeente,30552,1084
RIVM Gezondheid wijk/buurt,50150NED,Gezondheid per wijk en buurt; 2012/2016/2020/2022/2024 (indeling 2024),HogeVeerkracht_23,Veerkracht,Hoge veerkracht,"Percentage personen dat aangeeft een (zeer) hoge veerkracht te hebben.

Veerkracht is gemeten met de volgende 5 uitspraken over hoe men zich de afgelopen 4 weken voelde uit de Nederlandse vitaliteitsmeter VITA-16:
- Ik kan heel goed omgaan met tegenslagen
- Ik kan heel goed oplossingen vinden in moeilijke situaties
- Na een moeilijke periode ben ik snel weer de oude
- Door mijn ervaring voel ik mij sterker in moeilijke tijden
- Elke ervaring in het leven maakt mij sterker

Elke uitspraak had de volgende antwoordmogelijkheden: Zelden – Soms - Af en toe – Regelmatig – Meestal – Bijna altijd – Altijd. Hierbij krijgt 'Zelden' een score van 1 en 'Altijd' een score van 7. Uit de 5 uitspraken is een gemiddelde score van 1 t/m 7 berekend:
- Score van lager dan 3,8 is lage veerkracht
- Score van 3,8 tot 5,4 is gemiddelde veerkracht
- Score van 5,4 of hoger is hoge veerkracht

Indicator code: GGVKS203

Cijfers over 2012, 2016 en 2020 zijn niet beschikbaar.

Let op: de percentages zijn gebaseerd op een modelmatige schatting.",%,1,"2012, 2016, 2020, 2022, 2024","Gezondheidsmonitor Volwassenen en Ouderen 2012/2016/2020/2022/2024, GGD'en/CBS/RIVM (bewerking o.b.v. SMAP-methodiek, RIVM)",buurt/wijk/gemeente,30552,1084
RIVM Gezondheid wijk/buurt,50150NED,Gezondheid per wijk en buurt; 2012/2016/2020/2022/2024 (indeling 2024),MatigVeelRegieOverHetEigenLeven_24,Regie over het eigen leven,Matig/veel regie over het eigen leven,"Percentage personen van 18 jaar of ouder dat matig of veel regie over eigen leven ervaart. Dit is gebaseerd op een 7-tal stellingen.

Deze indicator is gebaseerd op een vraag met 7 stellingen. De antwoorden worden samengevat in een score tussen de 7-35.7 t/m 19: onvoldoende eigen regie20 t/m 35: matig of veel regie over eigen leven.

Iedere vraag heeft 5 antwoordcategorieën: 1 'Helemaal mee eens'; 2 'Meestal'; 3 'Niet mee eens, niet mee oneens'; 4 'Niet mee eens'; 5 'Helemaal mee oneens'.

Bij antwoord 1 'Helemaal mee eens' krijg je in dit geval de laagste score 1, bij antwoord 5 'Helemaal mee oneens' krijgt de hoogste score 5.

Het betreft de volgende stellingen:
1  Ik heb weinig controle over de dingen die me overkomen.
2  Sommige van mijn problemen kan ik met geen mogelijkheid oplossen.
3  Er is weinig dat ik kan doen om belangrijke dingen in mijn leven te veranderen.
4  Ik voel me vaak hopeloos bij het omgaan met de problemen van het leven.
5  Soms voel ik dat ik een speelbal van het leven ben.
6  Wat er in de toekomst met me gebeurt hangt voor het grootste deel van mezelf af.
7  Ik kan ongeveer alles als ik mijn zinnen er op heb gezet.

Indicator code: GGRLS203

Let op: de percentages zijn gebaseerd op een modelmatige schatting.",%,1,"2012, 2016, 2020, 2022, 2024","Gezondheidsmonitor Volwassenen en Ouderen 2012/2016/2020/2022/2024, GGD'en/CBS/RIVM (bewerking o.b.v. SMAP-methodiek, RIVM)",buurt/wijk/gemeente,45721,1620
RIVM Gezondheid wijk/buurt,50150NED,Gezondheid per wijk en buurt; 2012/2016/2020/2022/2024 (indeling 2024),Eenzaam_25,Eenzaamheid,Eenzaam,"Percentage personen van 18 jaar en ouder dat zich eenzaam voelt. Dit percentage is gebaseerd op de eenzaamheidsschaal, een vragenlijst om eenzaamheid te meten en bestaat uit elf uitspraken over emotionele eenzaamheid en sociale eenzaamheid.

De eenzaamheidsschaal die gebruikt is, is de meest bekende Nederlandse vragenlijst om eenzaamheid te meten. Ook buiten Nederland gebruiken onderzoekers in meer dan twintig andere landen de eenzaamheidsschaal (Gierveld-de Jong en van Tilburg, 2007).

De eenzaamheidsschaal bestaat uit 11 uitspraken over emotionele eenzaamheid en sociale eenzaamheid. Voorafgaand aan de uitspraken staat de vraag: ""Wilt u van elk van de volgende uitspraken aangeven in hoeverre die op u, zoals u de laatste tijd bent, van toepassing is?"", met de toelichting ""U kunt antwoorden met nee, min of meer, ja"". Een uitspraak voor het meten van emotionele eenzaamheid is bijvoorbeeld ""Ik mis een echte goede vriend of vriendin"". Sociale eenzaamheid wordt gemeten met onder andere de uitspraak: ""Wanneer ik daar behoefte aan heb, kan ik altijd bij mijn vrienden terecht"".

Iemand is sociaal of emotioneel eenzaam als diegene op minstens drie van de bijbehorende items ongunstig scoort. Iemand is eenzaam bij minstens drie ongunstige scores op alle items. Bij negen ongunstige scores is dat ""ernstig eenzaam"".

Niet eenzaam: score 0-2
Matig eenzaam: score 3-8
Ernstig eenzaam: score 9-10
Zeer ernstig eenzaam: score 11

De vragenlijst is bedoeld voor onderzoek onder grote groepen mensen. De eenzaamheidsschaal is niet toepasbaar voor het stellen van een diagnose van afzonderlijke personen.

Indicator code: GGEES217

Let op: de percentages zijn gebaseerd op een modelmatige schatting.",%,1,"2012, 2016, 2020, 2022, 2024","Gezondheidsmonitor Volwassenen en Ouderen 2012/2016/2020/2022/2024, GGD'en/CBS/RIVM (bewerking o.b.v. SMAP-methodiek, RIVM)",buurt/wijk/gemeente,76140,2693
RIVM Gezondheid wijk/buurt,50150NED,Gezondheid per wijk en buurt; 2012/2016/2020/2022/2024 (indeling 2024),SterkEenzaam_26,Eenzaamheid,Sterk eenzaam,"Percentage personen van 18 jaar en ouder dat zich (zeer) sterk eenzaam voelt. Dit percentage is gebaseerd op de eenzaamheidsschaal, een vragenlijst om eenzaamheid te meten en bestaat uit elf uitspraken over emotionele eenzaamheid en sociale eenzaamheid.

De eenzaamheidsschaal die gebruikt is, is de meest bekende Nederlandse vragenlijst om eenzaamheid te meten. Ook buiten Nederland gebruiken onderzoekers in meer dan twintig andere landen de eenzaamheidsschaal (Gierveld-de Jong en van Tilburg, 2007).

De eenzaamheidsschaal bestaat uit 11 uitspraken over emotionele eenzaamheid en sociale eenzaamheid. Voorafgaand aan de uitspraken staat de vraag: ""Wilt u van elk van de volgende uitspraken aangeven in hoeverre die op u, zoals u de laatste tijd bent, van toepassing is?"", met de toelichting ""U kunt antwoorden met nee, min of meer, ja"". Een uitspraak voor het meten van emotionele eenzaamheid is bijvoorbeeld ""Ik mis een echte goede vriend of vriendin"". Sociale eenzaamheid wordt gemeten met onder andere de uitspraak: ""Wanneer ik daar behoefte aan heb, kan ik altijd bij mijn vrienden terecht"".

Iemand is sociaal of emotioneel eenzaam als diegene op minstens drie van de bijbehorende items ongunstig scoort. Iemand is eenzaam bij minstens drie ongunstige scores op alle items. Bij negen ongunstige scores is dat ""ernstig eenzaam"".

Niet eenzaam: score 0-2
Matig eenzaam: score 3-8
Ernstig eenzaam: score 9-10
Zeer ernstig eenzaam: score 11

De vragenlijst is bedoeld voor onderzoek onder grote groepen mensen. De eenzaamheidsschaal is niet toepasbaar voor het stellen van een diagnose van afzonderlijke personen.

Indicator code: GGEES209

Let op: de percentages zijn gebaseerd op een modelmatige schatting.",%,1,"2012, 2016, 2020, 2022, 2024","Gezondheidsmonitor Volwassenen en Ouderen 2012/2016/2020/2022/2024, GGD'en/CBS/RIVM (bewerking o.b.v. SMAP-methodiek, RIVM)",buurt/wijk/gemeente,76140,2693
RIVM Gezondheid wijk/buurt,50150NED,Gezondheid per wijk en buurt; 2012/2016/2020/2022/2024 (indeling 2024),EmotioneelEenzaam_27,Eenzaamheid,Emotioneel eenzaam,"Percentage personen van 18 jaar en ouder dat zich emotioneel eenzaam voelt. Dit percentage is gebaseerd op de eenzaamheidsschaal, een vragenlijst om eenzaamheid te meten en bestaat uit elf uitspraken over emotionele eenzaamheid en sociale eenzaamheid.

De eenzaamheidsschaal die gebruikt is, is de meest bekende Nederlandse vragenlijst om eenzaamheid te meten. Ook buiten Nederland gebruiken onderzoekers in meer dan twintig andere landen de eenzaamheidsschaal (Gierveld-de Jong en van Tilburg, 2007).

De eenzaamheidsschaal bestaat uit 11 uitspraken over emotionele eenzaamheid en sociale eenzaamheid. Voorafgaand aan de uitspraken staat de vraag: ""Wilt u van elk van de volgende uitspraken aangeven in hoeverre die op u, zoals u de laatste tijd bent, van toepassing is?"", met de toelichting ""U kunt antwoorden met nee, min of meer, ja"". Een uitspraak voor het meten van emotionele eenzaamheid is bijvoorbeeld ""Ik mis een echte goede vriend of vriendin"". Sociale eenzaamheid wordt gemeten met onder andere de uitspraak: ""Wanneer ik daar behoefte aan heb, kan ik altijd bij mijn vrienden terecht"".

Iemand is sociaal of emotioneel eenzaam als diegene op minstens drie van de bijbehorende items ongunstig scoort. Iemand is eenzaam bij minstens drie ongunstige scores op alle items. Bij negen ongunstige scores is dat ""ernstig eenzaam"".

Niet eenzaam: score 0-2
Matig eenzaam: score 3-8
Ernstig eenzaam: score 9-10
Zeer ernstig eenzaam: score 11

De vragenlijst is bedoeld voor onderzoek onder grote groepen mensen. De eenzaamheidsschaal is niet toepasbaar voor het stellen van een diagnose van afzonderlijke personen.

Indicator code: GGEES218

In 2012 en 2016 is deze indicator afgeleid van GGEES204 met een oud afkappunt.

Let op: de percentages zijn gebaseerd op een modelmatige schatting.",%,1,"2012, 2016, 2020, 2022, 2024","Gezondheidsmonitor Volwassenen en Ouderen 2012/2016/2020/2022/2024, GGD'en/CBS/RIVM (bewerking o.b.v. SMAP-methodiek, RIVM)",buurt/wijk/gemeente,76140,2693
RIVM Gezondheid wijk/buurt,50150NED,Gezondheid per wijk en buurt; 2012/2016/2020/2022/2024 (indeling 2024),SociaalEenzaam_28,Eenzaamheid,Sociaal eenzaam,"Percentage personen van 18 jaar en ouder dat zich sociaal eenzaam voelt. Dit percentage is gebaseerd op de eenzaamheidsschaal, een vragenlijst om eenzaamheid te meten en bestaat uit elf uitspraken over emotionele eenzaamheid en sociale eenzaamheid.

De eenzaamheidsschaal die gebruikt is, is de meest bekende Nederlandse vragenlijst om eenzaamheid te meten. Ook buiten Nederland gebruiken onderzoekers in meer dan twintig andere landen de eenzaamheidsschaal (Gierveld-de Jong en van Tilburg, 2007).

De eenzaamheidsschaal bestaat uit 11 uitspraken over emotionele eenzaamheid en sociale eenzaamheid. Voorafgaand aan de uitspraken staat de vraag: ""Wilt u van elk van de volgende uitspraken aangeven in hoeverre die op u, zoals u de laatste tijd bent, van toepassing is?"", met de toelichting ""U kunt antwoorden met nee, min of meer, ja"". Een uitspraak voor het meten van emotionele eenzaamheid is bijvoorbeeld ""Ik mis een echte goede vriend of vriendin"". Sociale eenzaamheid wordt gemeten met onder andere de uitspraak: ""Wanneer ik daar behoefte aan heb, kan ik altijd bij mijn vrienden terecht"".

Iemand is sociaal of emotioneel eenzaam als diegene op minstens drie van de bijbehorende items ongunstig scoort. Iemand is eenzaam bij minstens drie ongunstige scores op alle items. Bij negen ongunstige scores is dat ""ernstig eenzaam"".

Niet eenzaam: score 0-2
Matig eenzaam: score 3-8
Ernstig eenzaam: score 9-10
Zeer ernstig eenzaam: score 11

De vragenlijst is bedoeld voor onderzoek onder grote groepen mensen. De eenzaamheidsschaal is niet toepasbaar voor het stellen van een diagnose van afzonderlijke personen.

Indicator code: GGEES219

In 2016 is deze indicator afgeleid van GGEES205 met een oud afkappunt. Cijfers over 2012 zijn niet beschikbaar.

Let op: de percentages zijn gebaseerd op een modelmatige schatting.",%,1,"2012, 2016, 2020, 2022, 2024","Gezondheidsmonitor Volwassenen en Ouderen 2012/2016/2020/2022/2024, GGD'en/CBS/RIVM (bewerking o.b.v. SMAP-methodiek, RIVM)",buurt/wijk/gemeente,60989,2162
RIVM Gezondheid wijk/buurt,50150NED,Gezondheid per wijk en buurt; 2012/2016/2020/2022/2024 (indeling 2024),KrijgtSteunVanAnderen_29,Steun,Krijgt steun van anderen,"Percentage personen van 18 jaar en ouder dat dat redelijk tot goed sociale steun vanuit de omgeving kan ontvangen.

Indicator code: GGSSS202

Cijfers over 2012, 2016, 2020 en 2022 zijn niet beschikbaar.

Let op: de percentages zijn gebaseerd op een modelmatige schatting.",%,1,"2012, 2016, 2020, 2022, 2024","Gezondheidsmonitor Volwassenen en Ouderen 2012/2016/2020/2022/2024, GGD'en/CBS/RIVM (bewerking o.b.v. SMAP-methodiek, RIVM)",buurt/wijk/gemeente,15284,542
RIVM Gezondheid wijk/buurt,50150NED,Gezondheid per wijk en buurt; 2012/2016/2020/2022/2024 (indeling 2024),Mantelzorger_30,Mantelzorg en vrijwilligerswerk,Mantelzorger,"Percentage personen van 18 jaar of ouder dat mantelzorg geeft. De mantelzorg moet daarbij al minimaal 3 maanden duren, of het moet gaan om minimaal 8 uur zorg per week.

Indicator code: MCMZGS203

Let op: de percentages zijn gebaseerd op een modelmatige schatting.",%,1,"2012, 2016, 2020, 2022, 2024","Gezondheidsmonitor Volwassenen en Ouderen 2012/2016/2020/2022/2024, GGD'en/CBS/RIVM (bewerking o.b.v. SMAP-methodiek, RIVM)",buurt/wijk/gemeente,76140,2693
RIVM Gezondheid wijk/buurt,50150NED,Gezondheid per wijk en buurt; 2012/2016/2020/2022/2024 (indeling 2024),Vrijwilligerswerk_31,Mantelzorg en vrijwilligerswerk,Vrijwilligerswerk,"Percentage personen van 18 jaar of ouder dat de vraag ""Doet u vrijwilligerswerk? Hieronder wordt verstaan: werk dat in georganiseerd verband (bijvoorbeeld sportvereniging, kerkbestuur, school) onbetaald wordt uitgevoerd"" met 'ja' beantwoordt.

Indicator code: MMVWA201

Cijfers over 2012 zijn niet beschikbaar.

Let op: de percentages zijn gebaseerd op een modelmatige schatting.",%,1,"2012, 2016, 2020, 2022, 2024","Gezondheidsmonitor Volwassenen en Ouderen 2012/2016/2020/2022/2024, GGD'en/CBS/RIVM (bewerking o.b.v. SMAP-methodiek, RIVM)",buurt/wijk/gemeente,60989,2162
RIVM Gezondheid wijk/buurt,50150NED,Gezondheid per wijk en buurt; 2012/2016/2020/2022/2024 (indeling 2024),MoeiteMetRondkomen_32,Moeite met rondkomen,Moeite met rondkomen,"Percentage personen van 18 jaar of ouder dat moeite heeft met rondkomen.

Indicator code: MMIKA201

Let op: de percentages zijn gebaseerd op een modelmatige schatting.",%,1,"2012, 2016, 2020, 2022, 2024","Gezondheidsmonitor Volwassenen en Ouderen 2012/2016/2020/2022/2024, GGD'en/CBS/RIVM (bewerking o.b.v. SMAP-methodiek, RIVM)",buurt/wijk/gemeente,76140,2693
RIVM Gezondheid wijk/buurt,50150NED,Gezondheid per wijk en buurt; 2012/2016/2020/2022/2024 (indeling 2024),Overgewicht_33,Overgewicht en ernstig overgewicht,Overgewicht,"Percentage personen van 18 jaar of ouder met een BMI van 25,0 kg/m2 en hoger.

Een maat voor onder- of overgewicht is de Body Mass Index (BMI). Het is het quotiënt van het gewicht in kilogrammen en het kwadraat van de lengte in meters [kg/m2]. Het is een algemeen aanvaarde maat voor het bepalen van onder- en overgewicht.

Indicator code: AGGWS204

In 2012 is deze indicator afgeleid van AGGWS203 - AGGWS203 bevat alle vijf categorieën van BMI-scoren. Vanaf 2012 is er een afzonderlijke indicator gemaakt voor overgewicht: AGGWS204.

Let op: de percentages zijn gebaseerd op een modelmatige schatting.",%,1,"2012, 2016, 2020, 2022, 2024","Gezondheidsmonitor Volwassenen en Ouderen 2012/2016/2020/2022/2024, GGD'en/CBS/RIVM (bewerking o.b.v. SMAP-methodiek, RIVM)",buurt/wijk/gemeente,76140,2693
RIVM Gezondheid wijk/buurt,50150NED,Gezondheid per wijk en buurt; 2012/2016/2020/2022/2024 (indeling 2024),ErnstigOvergewichtObesitas_34,Overgewicht en ernstig overgewicht,Ernstig overgewicht (obesitas),"Percentage personen van 18 jaar of ouder met een BMI van 30,0 kg/m2 en hoger.

Een maat voor onder- of overgewicht is de Body Mass Index (BMI). Het is het quotiënt van het gewicht in kilogrammen en het kwadraat van de lengte in meters [kg/m2]. Het is een algemeen aanvaarde maat voor het bepalen van onder- en overgewicht.

Indicator code: AGGWS205

In 2012 is deze indicator afgeleid van AGGWS203 - AGGWS203 bevat alle vijf categorieën van BMI-scoren. Vanaf 2012 is er een afzonderlijke indicator gemaakt voor ernstig overgewicht (obesitas): AGGWS205.

Let op: de percentages zijn gebaseerd op een modelmatige schatting.",%,1,"2012, 2016, 2020, 2022, 2024","Gezondheidsmonitor Volwassenen en Ouderen 2012/2016/2020/2022/2024, GGD'en/CBS/RIVM (bewerking o.b.v. SMAP-methodiek, RIVM)",buurt/wijk/gemeente,76140,2693
RIVM Gezondheid wijk/buurt,50150NED,Gezondheid per wijk en buurt; 2012/2016/2020/2022/2024 (indeling 2024),RooktTabak_35,Roken,Rookt tabak,"Percentage personen van 18 jaar of ouder dat de vraag ""Rookt u weleens?"" beantwoordt met 'ja', exclusief elektronische sigaret.

Indicator code: LFRKA205

Let op: de percentages zijn gebaseerd op een modelmatige schatting.",%,1,"2012, 2016, 2020, 2022, 2024","Gezondheidsmonitor Volwassenen en Ouderen 2012/2016/2020/2022/2024, GGD'en/CBS/RIVM (bewerking o.b.v. SMAP-methodiek, RIVM)",buurt/wijk/gemeente,76140,2693
RIVM Gezondheid wijk/buurt,50150NED,Gezondheid per wijk en buurt; 2012/2016/2020/2022/2024 (indeling 2024),Drinken_36,Alcoholgebruik,Drinken,"Percentage personen van 18 jaar of ouder dat wel eens alcohol drinkt.

Indicator code: LFALA217

LFALA217 in 2020 en 2024, LFALA201 in 2012 en 2016, LFALA219 in 2022.  Wijzingen in de indicator code komen door aanpassingen in de vraagstelling door harmonisatie van de alcohol standaard en later door aanpassingen in antwoordopties.

Let op: de percentages zijn gebaseerd op een modelmatige schatting.",%,1,"2012, 2016, 2020, 2022, 2024","Gezondheidsmonitor Volwassenen en Ouderen 2012/2016/2020/2022/2024, GGD'en/CBS/RIVM (bewerking o.b.v. SMAP-methodiek, RIVM)",buurt/wijk/gemeente,76140,2693
RIVM Gezondheid wijk/buurt,50150NED,Gezondheid per wijk en buurt; 2012/2016/2020/2022/2024 (indeling 2024),OvermatigDrinken_37,Alcoholgebruik,Overmatig drinken,"Percentage personen van 18 jaar of ouder dat per week meer dan 14 glazen (voor vrouwen) en 21 (voor mannen) glazen alcohol drinkt.

Indicator code: LFALS230

Let op: de percentages zijn gebaseerd op een modelmatige schatting.",%,1,"2012, 2016, 2020, 2022, 2024","Gezondheidsmonitor Volwassenen en Ouderen 2012/2016/2020/2022/2024, GGD'en/CBS/RIVM (bewerking o.b.v. SMAP-methodiek, RIVM)",buurt/wijk/gemeente,76140,2693
RIVM Gezondheid wijk/buurt,50150NED,Gezondheid per wijk en buurt; 2012/2016/2020/2022/2024 (indeling 2024),VoldoetAanDeAlcoholrichtlijn_38,Alcoholgebruik,Voldoet aan de alcoholrichtlijn,"Percentage personen van 18 jaar of ouder dat geen of maximaal een glas alcohol per dag drinkt.

Indicator code: LFALS232

Cijfers over 2012 zijn niet beschikbaar.

Let op: de percentages zijn gebaseerd op een modelmatige schatting.",%,1,"2012, 2016, 2020, 2022, 2024","Gezondheidsmonitor Volwassenen en Ouderen 2012/2016/2020/2022/2024, GGD'en/CBS/RIVM (bewerking o.b.v. SMAP-methodiek, RIVM)",buurt/wijk/gemeente,60989,2162
RIVM Gezondheid wijk/buurt,50150NED,Gezondheid per wijk en buurt; 2012/2016/2020/2022/2024 (indeling 2024),ZwaarDrinken_39,Alcoholgebruik,Zwaar drinken,"Percentage personen van 18 jaar of ouder dat minstens 1 keer per week ten minste vier (voor vrouwen) en zes (voor mannen) glazen alcohol op één dag drinkt.

Indicator code: LFALA213

LFALA213 in 2012, 2016, 2020 en 2024. LFALA219 in 2022, deze is niet meer geharmoniseerd met CBS respondenten. Wijzingen in de indicator code komen door aanpassingen in de vraagstelling door harmonisatie van de alcohol standaard en later door aanpassingen in antwoordopties.

Let op: de percentages zijn gebaseerd op een modelmatige schatting.",%,1,"2012, 2016, 2020, 2022, 2024","Gezondheidsmonitor Volwassenen en Ouderen 2012/2016/2020/2022/2024, GGD'en/CBS/RIVM (bewerking o.b.v. SMAP-methodiek, RIVM)",buurt/wijk/gemeente,76140,2693
RIVM Gezondheid wijk/buurt,50150NED,Gezondheid per wijk en buurt; 2012/2016/2020/2022/2024 (indeling 2024),VoldoetAanDeBeweegrichtlijn_40,Bewegen,Voldoet aan de beweegrichtlijn,"Percentage personen van 18 jaar of ouder dat voldoet aan de beweegrichtlijn. Personen vanaf 18 jaar dienen minstens 150 minuten per week matig intensieve inspanning  te verrichten verspreid over diverse dagen, zoals wandelen en fietsen, en minstens tweemaal per week spier- en botversterkende activiteiten te verrichten.

In de Gezondheidsmonitor Volwassenen en Ouderen 2020 is de zogeheten Short Questionnaire to Assess Health enhancing physical activity (SQUASH) opgenomen.

Deze vragenlijst is ontwikkeld door het RIVM (Rijksinstituut voor Volksgezondheid en Milieu) en beoogt een volledig beeld te leveren van de lichamelijke activiteit.
Gevraagd wordt naar frequentie, duur en intensiteit van de volgende deelvormen van lichamelijke activiteit:
1. Activiteiten in woon-werk of woon-school verkeer,
2. Activiteiten op het werk of op school,
3. Activiteiten in het huishouden,
4. Sporten,
5. Andere vrijetijdsactiviteiten.

Indicator code: RIVMBeweegRichtlijn

KI_RLBEW2017 in 2016, 2020 en 2022. In 2024 is alleen de indicatorcode gewijzigd, niet de berekening van de indicator. Cijfers over 2012 zijn niet beschikbaar.

Let op: de percentages zijn gebaseerd op een modelmatige schatting.",%,1,"2012, 2016, 2020, 2022, 2024","Gezondheidsmonitor Volwassenen en Ouderen 2012/2016/2020/2022/2024, GGD'en/CBS/RIVM (bewerking o.b.v. SMAP-methodiek, RIVM)",buurt/wijk/gemeente,76140,2693
RIVM Gezondheid wijk/buurt,50150NED,Gezondheid per wijk en buurt; 2012/2016/2020/2022/2024 (indeling 2024),WekelijksSporten_41,Bewegen,Wekelijks sporten,"Percentage personen van 18 jaar of ouder dat minimaal 1 keer per week sport.

In de Gezondheidsmonitor Volwassenen en Ouderen 2020 is de zogeheten Short Questionnaire to Assess Health enhancing physical activity (SQUASH) opgenomen.

Deze vragenlijst is ontwikkeld door het RIVM (Rijksinstituut voor Volksgezondheid en Milieu) en beoogt een volledig beeld te leveren van de lichamelijke activiteit.
Gevraagd wordt naar frequentie, duur en intensiteit van de volgende deelvormen van lichamelijke activiteit:
1. Activiteiten in woon-werk of woon-school verkeer,
2. Activiteiten op het werk of op school,
3. Activiteiten in het huishouden,
4. Sporten,
5. Andere vrijetijdsactiviteiten.

Indicator code: RIVMWekelijksSporter

KIsporter in 2016, 2020 en 2022. In 2024 is alleen de indicatorcode gewijzigd, niet de berekening van de indicator. Cijfers over 2012 zijn niet beschikbaar.

Let op: de percentages zijn gebaseerd op een modelmatige schatting.",%,1,"2012, 2016, 2020, 2022, 2024","Gezondheidsmonitor Volwassenen en Ouderen 2012/2016/2020/2022/2024, GGD'en/CBS/RIVM (bewerking o.b.v. SMAP-methodiek, RIVM)",buurt/wijk/gemeente,76140,2693
RIVM Gezondheid wijk/buurt,50150NED,Gezondheid per wijk en buurt; 2012/2016/2020/2022/2024 (indeling 2024),LopenEnOfFietsenNaarSchoolOfWerk_42,Bewegen,Lopen en/of fietsen naar school of werk,"Percentage personen van 18 tot 65 jaar dat (deels) één of meer dagen per week lopend en/of fietsend naar school of werk gaat.

Deze indicator is alleen beschikbaar voor personen van 18 tot 65 jaar.

Indicator code: wwlmwk+wwfmwk

Let op: de percentages zijn gebaseerd op een modelmatige schatting.",%,1,"2012, 2016, 2020, 2022, 2024","Gezondheidsmonitor Volwassenen en Ouderen 2012/2016/2020/2022/2024, GGD'en/CBS/RIVM (bewerking o.b.v. SMAP-methodiek, RIVM)",buurt/wijk/gemeente,0,0
RIVM Gezondheid wijk/buurt,50150NED,Gezondheid per wijk en buurt; 2012/2016/2020/2022/2024 (indeling 2024),LopenNaarSchoolOfWerk_43,Bewegen,Lopen naar school of werk,"Percentage personen van 18 tot 65 jaar dat (deels) één of meer dagen per week lopend naar school of werk gaat.

Deze indicator is alleen beschikbaar voor personen van 18 tot 65 jaar.

Indicator code: wwlmwk

Let op: de percentages zijn gebaseerd op een modelmatige schatting.",%,1,"2012, 2016, 2020, 2022, 2024","Gezondheidsmonitor Volwassenen en Ouderen 2012/2016/2020/2022/2024, GGD'en/CBS/RIVM (bewerking o.b.v. SMAP-methodiek, RIVM)",buurt/wijk/gemeente,0,0
RIVM Gezondheid wijk/buurt,50150NED,Gezondheid per wijk en buurt; 2012/2016/2020/2022/2024 (indeling 2024),FietsenNaarSchoolOfWerk_44,Bewegen,Fietsen naar school of werk,"Percentage personen van 18 tot 65 jaar dat (deels) één of meer dagen per week fietsend naar school of werk gaat.

Deze indicator is alleen beschikbaar voor personen van 18 tot 65 jaar.

Indicator code: wwfmwk

Let op: de percentages zijn gebaseerd op een modelmatige schatting.",%,1,"2012, 2016, 2020, 2022, 2024","Gezondheidsmonitor Volwassenen en Ouderen 2012/2016/2020/2022/2024, GGD'en/CBS/RIVM (bewerking o.b.v. SMAP-methodiek, RIVM)",buurt/wijk/gemeente,0,0
RIVM Gezondheid wijk/buurt,50150NED,Gezondheid per wijk en buurt; 2012/2016/2020/2022/2024 (indeling 2024),ErnstigeGeluidhinderWegverkeer_45,Geluidhinder en slaapverstoring > Geluidhinder,Ernstige geluidhinder wegverkeer,"Percentage personen van 18 jaar en ouder dat ernstige geluidhinder ervaart door wegverkeer.

Indicator code: WOGHBA203+WOGHBA206

Cijfers over 2012 en 2022 zijn niet beschikbaar.

Let op: de percentages zijn gebaseerd op een modelmatige schatting.",%,1,"2012, 2016, 2020, 2022, 2024","Gezondheidsmonitor Volwassenen en Ouderen 2012/2016/2020/2022/2024, GGD'en/CBS/RIVM (bewerking o.b.v. SMAP-methodiek, RIVM)",buurt/wijk/gemeente,45721,1620
RIVM Gezondheid wijk/buurt,50150NED,Gezondheid per wijk en buurt; 2012/2016/2020/2022/2024 (indeling 2024),ErnstigeGeluidhinderWegverkeer50kmU_46,Geluidhinder en slaapverstoring > Geluidhinder,Ernstige geluidhinder wegverkeer <50km/u,"Percentage personen van 18 jaar en ouder dat ernstige geluidhinder ervaart door wegverkeer van < 50 km/uur.

Indicator code: WOGHBA206

Cijfers over 2012 en 2022 zijn niet beschikbaar.

Let op: de percentages zijn gebaseerd op een modelmatige schatting.",%,1,"2012, 2016, 2020, 2022, 2024","Gezondheidsmonitor Volwassenen en Ouderen 2012/2016/2020/2022/2024, GGD'en/CBS/RIVM (bewerking o.b.v. SMAP-methodiek, RIVM)",buurt/wijk/gemeente,45721,1620
RIVM Gezondheid wijk/buurt,50150NED,Gezondheid per wijk en buurt; 2012/2016/2020/2022/2024 (indeling 2024),ErnstigeGeluidhinderWegverkeer50kmU_47,Geluidhinder en slaapverstoring > Geluidhinder,Ernstige geluidhinder wegverkeer >50km/u,"Percentage personen van 18 jaar en ouder dat ernstige geluidhinder ervaart door wegverkeer van > 50 km/uur.

Indicator code: WOGHBA203

Cijfers over 2012 en 2022 zijn niet beschikbaar.

Let op: de percentages zijn gebaseerd op een modelmatige schatting.",%,1,"2012, 2016, 2020, 2022, 2024","Gezondheidsmonitor Volwassenen en Ouderen 2012/2016/2020/2022/2024, GGD'en/CBS/RIVM (bewerking o.b.v. SMAP-methodiek, RIVM)",buurt/wijk/gemeente,45721,1620
RIVM Gezondheid wijk/buurt,50150NED,Gezondheid per wijk en buurt; 2012/2016/2020/2022/2024 (indeling 2024),ErnstigeGeluidhinderTreinverkeer_48,Geluidhinder en slaapverstoring > Geluidhinder,Ernstige geluidhinder treinverkeer,"Percentage personen van 18 jaar en ouder dat ernstige geluidhinder ervaart door treinverkeer.

Indicator code: WOGHBA209

Cijfers over 2012 en 2022 zijn niet beschikbaar.

Let op: de percentages zijn gebaseerd op een modelmatige schatting.",%,1,"2012, 2016, 2020, 2022, 2024","Gezondheidsmonitor Volwassenen en Ouderen 2012/2016/2020/2022/2024, GGD'en/CBS/RIVM (bewerking o.b.v. SMAP-methodiek, RIVM)",buurt/wijk/gemeente,45721,1620
RIVM Gezondheid wijk/buurt,50150NED,Gezondheid per wijk en buurt; 2012/2016/2020/2022/2024 (indeling 2024),ErnstigeGeluidhinderVliegverkeer_49,Geluidhinder en slaapverstoring > Geluidhinder,Ernstige geluidhinder vliegverkeer,"Percentage personen van 18 jaar en ouder dat ernstige geluidhinder ervaart door vliegverkeer.

Indicator code: WOGHBA212

Cijfers over 2012 en 2022 zijn niet beschikbaar.

Let op: de percentages zijn gebaseerd op een modelmatige schatting.",%,1,"2012, 2016, 2020, 2022, 2024","Gezondheidsmonitor Volwassenen en Ouderen 2012/2016/2020/2022/2024, GGD'en/CBS/RIVM (bewerking o.b.v. SMAP-methodiek, RIVM)",buurt/wijk/gemeente,45721,1620
RIVM Gezondheid wijk/buurt,50150NED,Gezondheid per wijk en buurt; 2012/2016/2020/2022/2024 (indeling 2024),ErnstigeGeluidhinderDoorWindturbines_50,Geluidhinder en slaapverstoring > Geluidhinder,Ernstige geluidhinder door windturbines,"Percentage personen van 18 jaar en ouder dat ernstige geluidhinder ervaart door windturbines/windmolens.

Indicator code: WOGHBA224

Cijfers over 2012, 2016, 2020 en 2022 zijn niet beschikbaar.

Let op: de percentages zijn gebaseerd op een modelmatige schatting.",%,1,"2012, 2016, 2020, 2022, 2024","Gezondheidsmonitor Volwassenen en Ouderen 2012/2016/2020/2022/2024, GGD'en/CBS/RIVM (bewerking o.b.v. SMAP-methodiek, RIVM)",buurt/wijk/gemeente,15284,542
RIVM Gezondheid wijk/buurt,50150NED,Gezondheid per wijk en buurt; 2012/2016/2020/2022/2024 (indeling 2024),ErsntigeGeluidhinderBuren_51,Geluidhinder en slaapverstoring > Geluidhinder,Ersntige geluidhinder buren,"Percentage personen van 18 jaar en ouder dat ernstige geluidhinder ervaart door buren.

Indicator code: WOGHBA218

Cijfers over 2012 en 2022 zijn niet beschikbaar.

Let op: de percentages zijn gebaseerd op een modelmatige schatting.",%,1,"2012, 2016, 2020, 2022, 2024","Gezondheidsmonitor Volwassenen en Ouderen 2012/2016/2020/2022/2024, GGD'en/CBS/RIVM (bewerking o.b.v. SMAP-methodiek, RIVM)",buurt/wijk/gemeente,45721,1620
RIVM Gezondheid wijk/buurt,50150NED,Gezondheid per wijk en buurt; 2012/2016/2020/2022/2024 (indeling 2024),ErnstigeSlaapverstoringWegverkeer_52,Geluidhinder en slaapverstoring > Slaapverstoring,Ernstige slaapverstoring wegverkeer,"Percentage personen van 18 jaar en ouder dat ernstige slaapverstoring ervaart door wegverkeer.

Indicator code: WOSLBA203+WOSLBA206

Cijfers over 2012, 2016, 2020 en 2022 zijn niet beschikbaar.

Let op: de percentages zijn gebaseerd op een modelmatige schatting.",%,1,"2012, 2016, 2020, 2022, 2024","Gezondheidsmonitor Volwassenen en Ouderen 2012/2016/2020/2022/2024, GGD'en/CBS/RIVM (bewerking o.b.v. SMAP-methodiek, RIVM)",buurt/wijk/gemeente,15284,542
RIVM Gezondheid wijk/buurt,50150NED,Gezondheid per wijk en buurt; 2012/2016/2020/2022/2024 (indeling 2024),ErnstigeSlaapverstoringTreinverkeer_53,Geluidhinder en slaapverstoring > Slaapverstoring,Ernstige slaapverstoring treinverkeer,"Percentage personen van 18 jaar en ouder dat ernstige slaapverstoring ervaart door treinverkeer.

Indicator code: WOSLBA209

Cijfers over 2012, 2016, 2020 en 2022 zijn niet beschikbaar.

Let op: de percentages zijn gebaseerd op een modelmatige schatting.",%,1,"2012, 2016, 2020, 2022, 2024","Gezondheidsmonitor Volwassenen en Ouderen 2012/2016/2020/2022/2024, GGD'en/CBS/RIVM (bewerking o.b.v. SMAP-methodiek, RIVM)",buurt/wijk/gemeente,15284,542
RIVM Gezondheid wijk/buurt,50150NED,Gezondheid per wijk en buurt; 2012/2016/2020/2022/2024 (indeling 2024),ErnstigeSlaapverstoringVliegverkeer_54,Geluidhinder en slaapverstoring > Slaapverstoring,Ernstige slaapverstoring vliegverkeer,"Percentage personen van 18 jaar en ouder dat ernstige slaapverstoring ervaart door vliegverkeer.

Indicator code: WOSLBA212

Cijfers over 2012, 2016 en 2022 zijn niet beschikbaar.

Let op: de percentages zijn gebaseerd op een modelmatige schatting.",%,1,"2012, 2016, 2020, 2022, 2024","Gezondheidsmonitor Volwassenen en Ouderen 2012/2016/2020/2022/2024, GGD'en/CBS/RIVM (bewerking o.b.v. SMAP-methodiek, RIVM)",buurt/wijk/gemeente,30531,1084
RIVM Gezondheid wijk/buurt,50150NED,Gezondheid per wijk en buurt; 2012/2016/2020/2022/2024 (indeling 2024),ErnstigeSlaapverstoringBuren_55,Geluidhinder en slaapverstoring > Slaapverstoring,Ernstige slaapverstoring buren,"Percentage personen van 18 jaar en ouder dat ernstige slaapverstoring ervaart door buren.

Indicator code: WOSLBA218

Cijfers over 2012, 2016, 2020 en 2022 zijn niet beschikbaar.

Let op: de percentages zijn gebaseerd op een modelmatige schatting.",%,1,"2012, 2016, 2020, 2022, 2024","Gezondheidsmonitor Volwassenen en Ouderen 2012/2016/2020/2022/2024, GGD'en/CBS/RIVM (bewerking o.b.v. SMAP-methodiek, RIVM)",buurt/wijk/gemeente,15284,542
RIVM Gezondheid wijk/buurt,50150NED,Gezondheid per wijk en buurt; 2012/2016/2020/2022/2024 (indeling 2024),TevredenMetDeWoning_56,Wonen en woonomgeving,Tevreden met de woning,"Percentage personen van 18 jaar en ouder dat (zeer) tevreden is met hun woning.

Indicator code: WOLOA202

Cijfers over 2012, 2016, 2020 en 2022 zijn niet beschikbaar.

Let op: de percentages zijn gebaseerd op een modelmatige schatting.",%,1,"2012, 2016, 2020, 2022, 2024","Gezondheidsmonitor Volwassenen en Ouderen 2012/2016/2020/2022/2024, GGD'en/CBS/RIVM (bewerking o.b.v. SMAP-methodiek, RIVM)",buurt/wijk/gemeente,15284,542
RIVM Gezondheid wijk/buurt,50150NED,Gezondheid per wijk en buurt; 2012/2016/2020/2022/2024 (indeling 2024),TevredenMetDeWoonomgeving_57,Wonen en woonomgeving,Tevreden met de woonomgeving,"Percentage personen van 18 jaar en ouder dat (zeer) tevreden is met hun woonomgeving.

Indicator code: WOLOA205

Cijfers over 2012, 2016, 2020 en 2022 zijn niet beschikbaar.

Let op: de percentages zijn gebaseerd op een modelmatige schatting.",%,1,"2012, 2016, 2020, 2022, 2024","Gezondheidsmonitor Volwassenen en Ouderen 2012/2016/2020/2022/2024, GGD'en/CBS/RIVM (bewerking o.b.v. SMAP-methodiek, RIVM)",buurt/wijk/gemeente,15284,542
RIVM Gezondheid wijk/buurt,50150NED,Gezondheid per wijk en buurt; 2012/2016/2020/2022/2024 (indeling 2024),TevredenMetHetGroenInDeOmgeving_58,Wonen en woonomgeving,Tevreden met het groen in de omgeving,"Percentage personen van 18 jaar en ouder dat (zeer) tevreden is met groen in de buurt.

Indicator code: WOLOA208

Cijfers over 2012, 2016, 2020 en 2022 zijn niet beschikbaar.

Let op: de percentages zijn gebaseerd op een modelmatige schatting.",%,1,"2012, 2016, 2020, 2022, 2024","Gezondheidsmonitor Volwassenen en Ouderen 2012/2016/2020/2022/2024, GGD'en/CBS/RIVM (bewerking o.b.v. SMAP-methodiek, RIVM)",buurt/wijk/gemeente,15284,542
RIVM Gezondheid wijk/buurt,50150NED,Gezondheid per wijk en buurt; 2012/2016/2020/2022/2024 (indeling 2024),KanGoedVerkoelingVindenBinnen_59,Hitte,Kan goed verkoeling vinden binnen,"Percentage personen van 18 jaar en ouder dat (heel) goed verkoeling kan vinden binnen in woning tijdens aanhoudend warm weer.

Indicator code: WOHIA203

Cijfers over 2012, 2016, 2020 en 2022 zijn niet beschikbaar.

Let op: de percentages zijn gebaseerd op een modelmatige schatting.",%,1,"2012, 2016, 2020, 2022, 2024","Gezondheidsmonitor Volwassenen en Ouderen 2012/2016/2020/2022/2024, GGD'en/CBS/RIVM (bewerking o.b.v. SMAP-methodiek, RIVM)",buurt/wijk/gemeente,15284,542
RIVM Gezondheid wijk/buurt,50150NED,Gezondheid per wijk en buurt; 2012/2016/2020/2022/2024 (indeling 2024),KanGoedVerkoelingVindenBuiten_60,Hitte,Kan goed verkoeling vinden buiten,"Percentage personen van 18 jaar en ouder dat (heel) goed verkoeling kan vinden buiten (balkon/tuin/buurt) tijdens aanhoudend warm weer.

Indicator code: WOHIA206

Cijfers over 2012, 2016, 2020 en 2022 zijn niet beschikbaar.

Let op: de percentages zijn gebaseerd op een modelmatige schatting.",%,1,"2012, 2016, 2020, 2022, 2024","Gezondheidsmonitor Volwassenen en Ouderen 2012/2016/2020/2022/2024, GGD'en/CBS/RIVM (bewerking o.b.v. SMAP-methodiek, RIVM)",buurt/wijk/gemeente,15284,542
RIVM Regiobeeld wijk/buurt,50149NED,"RIVM Regiobeeld; wijk en buurt (indeling 2024), 2014-2023",Gem7_1,Psychische problematiek > Sociaaleconomische status,gem7,"Gemiddelde SES-WOA score

Bron: CBS",,3,1999-2040,"Regiobeeld.nl; Rijksinstituut voor Volksgezondheid en Milieu (RIVM), Bilthoven",buurt/wijk/gemeente,133922,5155
RIVM Regiobeeld wijk/buurt,50149NED,"RIVM Regiobeeld; wijk en buurt (indeling 2024), 2014-2023",ZorgkostenAlezorgKosten_2,Zorggebruik > Zorgkosten,zorgkosten:-alezorg:kosten,"Kosten aan totale zorg binnen de basisverzekering

Bron: Vektis (via CBS Remote Access), bewerking RIVM",,0,1999-2040,"Regiobeeld.nl; Rijksinstituut voor Volksgezondheid en Milieu (RIVM), Bilthoven",buurt/wijk/gemeente,174614,5840
RIVM Regiobeeld wijk/buurt,50149NED,"RIVM Regiobeeld; wijk en buurt (indeling 2024), 2014-2023",ZorgkostenAlezorgPatienten_3,Zorggebruik > Zorgkosten,zorgkosten:-alezorg:patiënten,"Patiënten totale zorg binnen de basisverzekering

Bron: Vektis (via CBS Remote Access), bewerking RIVM",,0,1999-2040,"Regiobeeld.nl; Rijksinstituut voor Volksgezondheid en Milieu (RIVM), Bilthoven",buurt/wijk/gemeente,174614,5840
RIVM Regiobeeld wijk/buurt,50149NED,"RIVM Regiobeeld; wijk en buurt (indeling 2024), 2014-2023",ZorgkostenFarmacieKosten_4,Zorggebruik > Zorgkosten,zorgkosten:farmacie:kosten,"Kosten aan farmacie binnen de basisverzekering

Bron: Vektis (via CBS Remote Access), bewerking RIVM",,0,1999-2040,"Regiobeeld.nl; Rijksinstituut voor Volksgezondheid en Milieu (RIVM), Bilthoven",buurt/wijk/gemeente,172880,5756
RIVM Regiobeeld wijk/buurt,50149NED,"RIVM Regiobeeld; wijk en buurt (indeling 2024), 2014-2023",ZorgkostenFarmaciePatienten_5,Zorggebruik > Zorgkosten,zorgkosten:farmacie:patiënten,"Patiënten farmacie binnen de basisverzekering

Bron: Vektis (via CBS Remote Access), bewerking RIVM",,0,1999-2040,"Regiobeeld.nl; Rijksinstituut voor Volksgezondheid en Milieu (RIVM), Bilthoven",buurt/wijk/gemeente,172880,5756
RIVM Regiobeeld wijk/buurt,50149NED,"RIVM Regiobeeld; wijk en buurt (indeling 2024), 2014-2023",ZorgkostenGeb2Kosten_6,Zorggebruik > Zorgkosten,zorgkosten:geb2:kosten,"Kosten aan geboortezorg binnen de basisverzekering

Bron: Vektis (via CBS Remote Access), bewerking RIVM",,0,1999-2040,"Regiobeeld.nl; Rijksinstituut voor Volksgezondheid en Milieu (RIVM), Bilthoven",buurt/wijk/gemeente,101796,4706
RIVM Regiobeeld wijk/buurt,50149NED,"RIVM Regiobeeld; wijk en buurt (indeling 2024), 2014-2023",ZorgkostenGeb2Patienten_7,Zorggebruik > Zorgkosten,zorgkosten:geb2:patiënten,"Patiënten geboortezorg binnen de basisverzekering

Bron: Vektis (via CBS Remote Access), bewerking RIVM",,0,1999-2040,"Regiobeeld.nl; Rijksinstituut voor Volksgezondheid en Milieu (RIVM), Bilthoven",buurt/wijk/gemeente,101796,4706
RIVM Regiobeeld wijk/buurt,50149NED,"RIVM Regiobeeld; wijk en buurt (indeling 2024), 2014-2023",ZorgkostenGgzKosten_8,Zorggebruik > Zorgkosten,zorgkosten:ggz:kosten,"Kosten aan GGZ(geestelijke gezondheidszorg)  binnen de basisverzekering

Bron: Vektis (via CBS Remote Access), bewerking RIVM",,0,1999-2040,"Regiobeeld.nl; Rijksinstituut voor Volksgezondheid en Milieu (RIVM), Bilthoven",buurt/wijk/gemeente,126238,5264
RIVM Regiobeeld wijk/buurt,50149NED,"RIVM Regiobeeld; wijk en buurt (indeling 2024), 2014-2023",ZorgkostenGgzPatienten_9,Zorggebruik > Zorgkosten,zorgkosten:ggz:patiënten,"Patiënten GGZ(geestelijke gezondheidszorg) binnen de basisverzekering

Bron: Vektis (via CBS Remote Access), bewerking RIVM",,0,1999-2040,"Regiobeeld.nl; Rijksinstituut voor Volksgezondheid en Milieu (RIVM), Bilthoven",buurt/wijk/gemeente,126238,5264
RIVM Regiobeeld wijk/buurt,50149NED,"RIVM Regiobeeld; wijk en buurt (indeling 2024), 2014-2023",ZorgkostenHui2Kosten_10,Zorggebruik > Zorgkosten,zorgkosten:hui2:kosten,"Kosten aan huisartsenzorg binnen de basisverzekering

Bron: Vektis (via CBS Remote Access), bewerking RIVM",,0,1999-2040,"Regiobeeld.nl; Rijksinstituut voor Volksgezondheid en Milieu (RIVM), Bilthoven",buurt/wijk/gemeente,174554,5838
RIVM Regiobeeld wijk/buurt,50149NED,"RIVM Regiobeeld; wijk en buurt (indeling 2024), 2014-2023",ZorgkostenHui2Patienten_11,Zorggebruik > Zorgkosten,zorgkosten:hui2:patiënten,"Patiënten huisartsenzorg binnen de basisverzekering

Bron: Vektis (via CBS Remote Access), bewerking RIVM",,0,1999-2040,"Regiobeeld.nl; Rijksinstituut voor Volksgezondheid en Milieu (RIVM), Bilthoven",buurt/wijk/gemeente,174554,5838
RIVM Regiobeeld wijk/buurt,50149NED,"RIVM Regiobeeld; wijk en buurt (indeling 2024), 2014-2023",ZorgkostenHul1Kosten_12,Zorggebruik > Zorgkosten,zorgkosten:hul1:kosten,"Kosten aan hulpmiddelen binnen de basisverzekering

Bron: Vektis (via CBS Remote Access), bewerking RIVM",,0,1999-2040,"Regiobeeld.nl; Rijksinstituut voor Volksgezondheid en Milieu (RIVM), Bilthoven",buurt/wijk/gemeente,158036,5310
RIVM Regiobeeld wijk/buurt,50149NED,"RIVM Regiobeeld; wijk en buurt (indeling 2024), 2014-2023",ZorgkostenHul1Patienten_13,Zorggebruik > Zorgkosten,zorgkosten:hul1:patiënten,"Patiënten hulpmiddelen binnen de basisverzekering

Bron: Vektis (via CBS Remote Access), bewerking RIVM",,0,1999-2040,"Regiobeeld.nl; Rijksinstituut voor Volksgezondheid en Milieu (RIVM), Bilthoven",buurt/wijk/gemeente,158036,5310
RIVM Regiobeeld wijk/buurt,50149NED,"RIVM Regiobeeld; wijk en buurt (indeling 2024), 2014-2023",ZorgkostenMondzorgKosten_14,Zorggebruik > Zorgkosten,zorgkosten:mondzorg:kosten,"Kosten aan mondzorg binnen de basisverzekering

Bron: Vektis (via CBS Remote Access), bewerking RIVM",,0,1999-2040,"Regiobeeld.nl; Rijksinstituut voor Volksgezondheid en Milieu (RIVM), Bilthoven",buurt/wijk/gemeente,161372,5334
RIVM Regiobeeld wijk/buurt,50149NED,"RIVM Regiobeeld; wijk en buurt (indeling 2024), 2014-2023",ZorgkostenMondzorgPatienten_15,Zorggebruik > Zorgkosten,zorgkosten:mondzorg:patiënten,"Patiënten mondzorg binnen de basisverzekering

Bron: Vektis (via CBS Remote Access), bewerking RIVM",,0,1999-2040,"Regiobeeld.nl; Rijksinstituut voor Volksgezondheid en Milieu (RIVM), Bilthoven",buurt/wijk/gemeente,161372,5334
RIVM Regiobeeld wijk/buurt,50149NED,"RIVM Regiobeeld; wijk en buurt (indeling 2024), 2014-2023",ZorgkostenMul2Kosten_16,Zorggebruik > Zorgkosten,zorgkosten:mul2:kosten,"Kosten aan multidisciplinaire zorg binnen de basisverzekering

Bron: Vektis (via CBS Remote Access), bewerking RIVM",,0,1999-2040,"Regiobeeld.nl; Rijksinstituut voor Volksgezondheid en Milieu (RIVM), Bilthoven",buurt/wijk/gemeente,168336,5676
RIVM Regiobeeld wijk/buurt,50149NED,"RIVM Regiobeeld; wijk en buurt (indeling 2024), 2014-2023",ZorgkostenMul2Patienten_17,Zorggebruik > Zorgkosten,zorgkosten:mul2:patiënten,"Patiënten multidisciplinaire zorg binnen de basisverzekering

Bron: Vektis (via CBS Remote Access), bewerking RIVM",,0,1999-2040,"Regiobeeld.nl; Rijksinstituut voor Volksgezondheid en Milieu (RIVM), Bilthoven",buurt/wijk/gemeente,168336,5676
RIVM Regiobeeld wijk/buurt,50149NED,"RIVM Regiobeeld; wijk en buurt (indeling 2024), 2014-2023",ZorgkostenPar1Kosten_18,Zorggebruik > Zorgkosten,zorgkosten:par1:kosten,"Kosten aan paramedische zorg binnen de basisverzekering

Bron: Vektis (via CBS Remote Access), bewerking RIVM",,0,1999-2040,"Regiobeeld.nl; Rijksinstituut voor Volksgezondheid en Milieu (RIVM), Bilthoven",buurt/wijk/gemeente,149712,5218
RIVM Regiobeeld wijk/buurt,50149NED,"RIVM Regiobeeld; wijk en buurt (indeling 2024), 2014-2023",ZorgkostenPar1Patienten_19,Zorggebruik > Zorgkosten,zorgkosten:par1:patiënten,"Patiënten paramedische zorg binnen de basisverzekering

Bron: Vektis (via CBS Remote Access), bewerking RIVM",,0,1999-2040,"Regiobeeld.nl; Rijksinstituut voor Volksgezondheid en Milieu (RIVM), Bilthoven",buurt/wijk/gemeente,149712,5218
RIVM Regiobeeld wijk/buurt,50149NED,"RIVM Regiobeeld; wijk en buurt (indeling 2024), 2014-2023",ZorgkostenVer3Kosten_20,Zorggebruik > Zorgkosten,zorgkosten:ver3:kosten,"Kosten aan verpleging en verzorging zonder verblijf binnen de basisverzekering

Bron: Vektis (via CBS Remote Access), bewerking RIVM",,0,1999-2040,"Regiobeeld.nl; Rijksinstituut voor Volksgezondheid en Milieu (RIVM), Bilthoven",buurt/wijk/gemeente,122100,4442
RIVM Regiobeeld wijk/buurt,50149NED,"RIVM Regiobeeld; wijk en buurt (indeling 2024), 2014-2023",ZorgkostenVer3Patienten_21,Zorggebruik > Zorgkosten,zorgkosten:ver3:patiënten,"Patiënten verpleging en verzorging zonder verblijf binnen de basisverzekering

Bron: Vektis (via CBS Remote Access), bewerking RIVM",,0,1999-2040,"Regiobeeld.nl; Rijksinstituut voor Volksgezondheid en Milieu (RIVM), Bilthoven",buurt/wijk/gemeente,122100,4442
RIVM Regiobeeld wijk/buurt,50149NED,"RIVM Regiobeeld; wijk en buurt (indeling 2024), 2014-2023",ZorgkostenZie5Kosten_22,Zorggebruik > Zorgkosten,zorgkosten:zie5:kosten,"Kosten aan ziekenhuisvervoer binnen de basisverzekering

Bron: Vektis (via CBS Remote Access), bewerking RIVM",,0,1999-2040,"Regiobeeld.nl; Rijksinstituut voor Volksgezondheid en Milieu (RIVM), Bilthoven",buurt/wijk/gemeente,130534,4894
RIVM Regiobeeld wijk/buurt,50149NED,"RIVM Regiobeeld; wijk en buurt (indeling 2024), 2014-2023",ZorgkostenZie5Patienten_23,Zorggebruik > Zorgkosten,zorgkosten:zie5:patiënten,"Patiënten ziekenhuisvervoer binnen de basisverzekering

Bron: Vektis (via CBS Remote Access), bewerking RIVM",,0,1999-2040,"Regiobeeld.nl; Rijksinstituut voor Volksgezondheid en Milieu (RIVM), Bilthoven",buurt/wijk/gemeente,130534,4894
RIVM Regiobeeld wijk/buurt,50149NED,"RIVM Regiobeeld; wijk en buurt (indeling 2024), 2014-2023",ZorgkostenZie6Kosten_24,Zorggebruik > Zorgkosten,zorgkosten:zie6:kosten,"Kosten aan ziekenhuiszorg binnen de basisverzekering

Bron: Vektis (via CBS Remote Access), bewerking RIVM",,0,1999-2040,"Regiobeeld.nl; Rijksinstituut voor Volksgezondheid en Milieu (RIVM), Bilthoven",buurt/wijk/gemeente,172376,5760
RIVM Regiobeeld wijk/buurt,50149NED,"RIVM Regiobeeld; wijk en buurt (indeling 2024), 2014-2023",ZorgkostenZie6Patienten_25,Zorggebruik > Zorgkosten,zorgkosten:zie6:patiënten,"Patiënten ziekenhuiszorg binnen de basisverzekering

Bron: Vektis (via CBS Remote Access), bewerking RIVM",,0,1999-2040,"Regiobeeld.nl; Rijksinstituut voor Volksgezondheid en Milieu (RIVM), Bilthoven",buurt/wijk/gemeente,172376,5760
RIVM Regiobeeld wijk/buurt,50149NED,"RIVM Regiobeeld; wijk en buurt (indeling 2024), 2014-2023",ZorgkostenZor1Kosten_26,Zorggebruik > Zorgkosten,zorgkosten:zor1:kosten,"Kosten aan zorg in het buitenland binnen de basisverzekering

Bron: Vektis (via CBS Remote Access), bewerking RIVM",,0,1999-2040,"Regiobeeld.nl; Rijksinstituut voor Volksgezondheid en Milieu (RIVM), Bilthoven",buurt/wijk/gemeente,86762,4690
RIVM Regiobeeld wijk/buurt,50149NED,"RIVM Regiobeeld; wijk en buurt (indeling 2024), 2014-2023",ZorgkostenZor1Patienten_27,Zorggebruik > Zorgkosten,zorgkosten:zor1:patiënten,"Patiënten zorg in het buitenland binnen de basisverzekering

Bron: Vektis (via CBS Remote Access), bewerking RIVM",,0,1999-2040,"Regiobeeld.nl; Rijksinstituut voor Volksgezondheid en Milieu (RIVM), Bilthoven",buurt/wijk/gemeente,86762,4690
CBS SES-WOA,86296NED,"Sociaal-economische status; scores per wijk en buurt, regio-indeling 2025",RegiocodeGemeenteWijkBuurt_1,,"Regiocode (gemeente, wijk, buurt)","Gemeentecode heeft 4 posities, voorafgegaan door ‘GM’.
Wijkcode heeft 6 posities: gemeentecode (4) + wijkcode (2), voorafgegaan door ‘WK’.
Buurtcode heeft 8 posities: gemeentecode (4) + wijkcode (2) + buurtcode (2), voorafgegaan door ‘BU’.

De naam van de bestuurlijke gemeente. Deze naam volgt de officiële schrijfwijze.
De gekozen regioaanduiding betreft: Gemeente, Wijk of Buurt.

Deze indicator geeft per wijk en buurt aan of de cijfers uit deze tabel zonder problemen kunnen worden gekoppeld aan en vergeleken met de cijfers van een jaar eerder, of dat er wijzigingen in de Wijk- en Buurtindeling zijn waardoor dit niet kan. Detailinformatie over wijzigingen in de Wijk- en Buurtindeling kan worden verkregen door de wijk- en buurtkaart van twee opeenvolgende jaren met elkaar te vergelijken.

De indicator kent drie mogelijke waarden:
1: De codering en afbakening van deze wijk/buurt is ongewijzigd ten opzichte van het voorgaande jaar. Het is wel mogelijk dat een naamswijziging heeft plaatsgevonden. De cijfers kunnen worden gekoppeld en vergeleken met die van het voorgaande jaar.
2: De codering van de wijk/buurt is veranderd ten opzichte van het voorgaande jaar. De afbakening is ongewijzigd. Om te kunnen koppelen met cijfers van het voorgaande jaar zal eerst moeten worden achterhaald wat de codering van het voorgaande jaar was. Is de koppeling eenmaal geslaagd dan kunnen de cijfers alsnog met elkaar worden vergeleken.
3: De afbakening van de wijk/buurt is veranderd ten opzichte van het voorgaande jaar. Dit kan gepaard zijn gegaan met een gewijzigde codering. De cijfers kunnen niet zonder meer worden vergeleken met die van het voorgaande jaar. Verschillen kunnen immers samenhangen met de verandering in de afbakening van de wijk of buurt.

Voor een wijk of buurt wordt alleen een wijziging in de afbakening geconstateerd wanneer een grens circa 5 meter of meer is verlegd. Kleinere grenswijzigingen worden niet als significant beschouwd.
",code,0,2014-2024,CBS.,buurt/wijk/gemeente,203434,6908
CBS SES-WOA,86296NED,"Sociaal-economische status; scores per wijk en buurt, regio-indeling 2025",ParticuliereHuishoudens_2,,Particuliere huishoudens,"Aantal particuliere huishoudens
",Aantal,0,2014-2024,CBS.,buurt/wijk/gemeente,203434,6908
CBS SES-WOA,86296NED,"Sociaal-economische status; scores per wijk en buurt, regio-indeling 2025",k_1eTotEnMet40ePercentielgroep_3,Financiële Welvaart,1e tot en met 40e percentielgroep,"1e tot en met 40e percentielgroep
De toekenning aan percentielgroepen is gebaseerd op alle particuliere huishoudens in Nederland. Deze worden van laag naar hoog gerangschikt op financiële welvaart en vervolgens ingedeeld in honderd opeenvolgende groepen van gelijke omvang: de percentielgroepen. Voor huishoudens in de 1e t/m 40e percentielgroep geldt dus dat deze behoren tot de 40% huishoudens met de laagste financiële welvaart.

",%,1,2014-2024,CBS.,buurt/wijk/gemeente,149023,5686
CBS SES-WOA,86296NED,"Sociaal-economische status; scores per wijk en buurt, regio-indeling 2025",k_41eTotEnMet80ePercentielgroep_4,Financiële Welvaart,41e tot en met 80e percentielgroep,"41e tot en met 80e percentielgroep
De toekenning aan percentielgroepen is gebaseerd op alle particuliere huishoudens in Nederland. Deze worden van laag naar hoog gerangschikt op financiële welvaart en vervolgens ingedeeld in honderd opeenvolgende groepen van gelijke omvang: de percentielgroepen. Voor huishoudens in de 41e t/m 80e percentielgroep geldt dus dat 40% van de huishoudens een lagere financiële welvaart hebben en 20% van de huishoudens een hogere financiële welvaart.

",%,1,2014-2024,CBS.,buurt/wijk/gemeente,149023,5686
CBS SES-WOA,86296NED,"Sociaal-economische status; scores per wijk en buurt, regio-indeling 2025",k_81eTotEnMet100ePercentielgroep_5,Financiële Welvaart,81e tot en met 100e percentielgroep,"81e tot en met 100e percentielgroep
De toekenning aan percentielgroepen is gebaseerd op alle particuliere huishoudens in Nederland. Deze worden van laag naar hoog gerangschikt op financiële welvaart en vervolgens ingedeeld in honderd opeenvolgende groepen van gelijke omvang: de percentielgroepen. Voor huishoudens in de 81e t/m 100e percentielgroep geldt dus dat deze behoren tot de 20% huishoudens met de hoogste financiële welvaart.

",%,1,2014-2024,CBS.,buurt/wijk/gemeente,149023,5686
CBS SES-WOA,86296NED,"Sociaal-economische status; scores per wijk en buurt, regio-indeling 2025",GemiddeldePercentielgroep_6,Financiële Welvaart,Gemiddelde percentielgroep,"Gemiddelde percentielgroep
De gemiddelde percentielgroep wordt berekend door de percentielgroepen waartoe de huishoudens in de regio behoren op te tellen en vervolgens te delen door het totaal aantal huishoudens in de regio.

",Getal,1,2014-2024,CBS.,buurt/wijk/gemeente,149023,5686
CBS SES-WOA,86296NED,"Sociaal-economische status; scores per wijk en buurt, regio-indeling 2025",k_1eTotEnMet40ePercentielgroep_7,Gestandaardiseerd inkomen,1e tot en met 40e percentielgroep,"1e tot en met 40e percentielgroep
De toekenning aan percentielgroepen is gebaseerd op alle particuliere huishoudens in Nederland. Deze worden van laag naar hoog gerangschikt op inkomen en vervolgens ingedeeld in honderd opeenvolgende groepen van gelijke omvang: de percentielgroepen. Voor huishoudens in de 1e t/m 40e percentielgroep geldt dus dat deze behoren tot de 40% huishoudens met het laagste inkomen. Nb. Studentenhuishoudens worden per definitie bij deze groep ingedeeld.

",%,1,2014-2024,CBS.,buurt/wijk/gemeente,149023,5686
CBS SES-WOA,86296NED,"Sociaal-economische status; scores per wijk en buurt, regio-indeling 2025",k_41eTotEnMet80ePercentielgroep_8,Gestandaardiseerd inkomen,41e tot en met 80e percentielgroep,"41e tot en met 80e percentielgroep
De toekenning aan percentielgroepen is gebaseerd op alle particuliere huishoudens in Nederland. Deze worden van laag naar hoog gerangschikt op inkomen en vervolgens ingedeeld in honderd opeenvolgende groepen van gelijke omvang: de percentielgroepen. Voor huishoudens in de 41e t/m 80e percentielgroep geldt dus dat 40% van de huishoudens een lager inkomen heeft en 20% van de huishoudens een hoger inkomen.
",%,1,2014-2024,CBS.,buurt/wijk/gemeente,149023,5686
CBS SES-WOA,86296NED,"Sociaal-economische status; scores per wijk en buurt, regio-indeling 2025",k_81eTotEnMet100ePercentielgroep_9,Gestandaardiseerd inkomen,81e tot en met 100e percentielgroep,"81 tot en met 100e percentielgroep
De toekenning aan percentielgroepen is gebaseerd op alle particuliere huishoudens in Nederland. Deze worden van laag naar hoog gerangschikt op inkomen en vervolgens ingedeeld in honderd opeenvolgende groepen van gelijke omvang: de percentielgroepen. Voor huishoudens in de 81e t/m 100e percentielgroep geldt dus dat deze behoren tot de 20% huishoudens met het hoogste inkomen.

",%,1,2014-2024,CBS.,buurt/wijk/gemeente,149023,5686
CBS SES-WOA,86296NED,"Sociaal-economische status; scores per wijk en buurt, regio-indeling 2025",GemiddeldePercentielgroep_10,Gestandaardiseerd inkomen,Gemiddelde percentielgroep,"Gemiddelde percentielgroep
De gemiddelde percentielgroep wordt berekend door de percentielgroepen waartoe de huishoudens in de regio behoren op te tellen en vervolgens te delen door het totaal aantal huishoudens in de regio.
",Getal,1,2014-2024,CBS.,buurt/wijk/gemeente,149023,5686
CBS SES-WOA,86296NED,"Sociaal-economische status; scores per wijk en buurt, regio-indeling 2025",k_1eTotEnMet40ePercentielgroep_11,Vermogen,1e tot en met 40e percentielgroep,"1e tot en met 40e percentielgroep
De toekenning aan percentielgroepen is gebaseerd op alle particuliere huishoudens in Nederland. Deze worden van laag naar hoog gerangschikt op vermogen en vervolgens ingedeeld in honderd opeenvolgende groepen van gelijke omvang: de percentielgroepen. Voor huishoudens in de 1e t/m 40e percentielgroep geldt dus dat deze behoren tot de 40% huishoudens met het laagste vermogen.
",%,1,2014-2024,CBS.,buurt/wijk/gemeente,149023,5686
CBS SES-WOA,86296NED,"Sociaal-economische status; scores per wijk en buurt, regio-indeling 2025",k_41eTotEnMet80ePercentielgroep_12,Vermogen,41e tot en met 80e percentielgroep,"41e tot en met 80e percentielgroep
De toekenning aan percentielgroepen is gebaseerd op alle particuliere huishoudens in Nederland. Deze worden van laag naar hoog gerangschikt op vermogen en vervolgens ingedeeld in honderd opeenvolgende groepen van gelijke omvang: de percentielgroepen. Voor huishoudens in de 41e t/m 80e percentielgroep geldt dus dat 40% van de huishoudens een lager vermogen heeft en 20% van de huishoudens een hoger vermogen.
",%,1,2014-2024,CBS.,buurt/wijk/gemeente,149023,5686
CBS SES-WOA,86296NED,"Sociaal-economische status; scores per wijk en buurt, regio-indeling 2025",k_81eTotEnMet100ePercentielgroep_13,Vermogen,81e tot en met 100e percentielgroep,"81e tot en met 100e percentielgroep
De toekenning aan percentielgroepen is gebaseerd op alle particuliere huishoudens in Nederland. Deze worden van laag naar hoog gerangschikt op vermogen en vervolgens ingedeeld in honderd opeenvolgende groepen van gelijke omvang: de percentielgroepen. Voor huishoudens in de 81e t/m 100e percentielgroep geldt dus dat deze behoren tot de 20% huishoudens met het hoogste vermogen.
",%,1,2014-2024,CBS.,buurt/wijk/gemeente,149023,5686
CBS SES-WOA,86296NED,"Sociaal-economische status; scores per wijk en buurt, regio-indeling 2025",GemiddeldePercentielgroep_14,Vermogen,Gemiddelde percentielgroep,"Gemiddelde percentielgroep
De gemiddelde percentielgroep wordt berekend door de percentielgroepen waartoe de huishoudens in de regio behoren op te tellen en vervolgens te delen door het totaal aantal huishoudens in de regio.
",Getal,1,2014-2024,CBS.,buurt/wijk/gemeente,149023,5686
CBS SES-WOA,86296NED,"Sociaal-economische status; scores per wijk en buurt, regio-indeling 2025",Ondergrens95Interval_15,"Opleidingsniveau > 1 Basisonderwijs, vmbo, mbo1",Ondergrens 95%-interval,"Ondergrens 95%-interval
Dit is de ondergrens van het interval waarvan met 95% zekerheid verwacht wordt dat de werkelijke waarde er binnen ligt.

",%,1,2014-2024,CBS.,buurt/wijk/gemeente,149023,5686
CBS SES-WOA,86296NED,"Sociaal-economische status; scores per wijk en buurt, regio-indeling 2025",Waarde_16,"Opleidingsniveau > 1 Basisonderwijs, vmbo, mbo1",Waarde,,%,1,2014-2024,CBS.,buurt/wijk/gemeente,149023,5686
CBS SES-WOA,86296NED,"Sociaal-economische status; scores per wijk en buurt, regio-indeling 2025",Bovengrens95Interval_17,"Opleidingsniveau > 1 Basisonderwijs, vmbo, mbo1",Bovengrens 95%-interval,"Bovengrens 95%-interval
Dit is de bovengrens van het interval waarvan met 95% zekerheid verwacht wordt dat de werkelijke waarde er binnen ligt.
",%,1,2014-2024,CBS.,buurt/wijk/gemeente,149023,5686
CBS SES-WOA,86296NED,"Sociaal-economische status; scores per wijk en buurt, regio-indeling 2025",Ondergrens95Interval_18,"Opleidingsniveau > 2 Havo, vwo, mbo2-4",Ondergrens 95%-interval,"Ondergrens 95%-interval
Dit is de ondergrens van het interval waarvan met 95% zekerheid verwacht wordt dat de werkelijke waarde er binnen ligt.
",%,1,2014-2024,CBS.,buurt/wijk/gemeente,149023,5686
CBS SES-WOA,86296NED,"Sociaal-economische status; scores per wijk en buurt, regio-indeling 2025",Waarde_19,"Opleidingsniveau > 2 Havo, vwo, mbo2-4",Waarde,,%,1,2014-2024,CBS.,buurt/wijk/gemeente,149023,5686
CBS SES-WOA,86296NED,"Sociaal-economische status; scores per wijk en buurt, regio-indeling 2025",Bovengrens95Interval_20,"Opleidingsniveau > 2 Havo, vwo, mbo2-4",Bovengrens 95%-interval,"Bovengrens 95%-interval
Dit is de bovengrens van het interval waarvan met 95% zekerheid verwacht wordt dat de werkelijke waarde er binnen ligt.

",%,1,2014-2024,CBS.,buurt/wijk/gemeente,149023,5686
CBS SES-WOA,86296NED,"Sociaal-economische status; scores per wijk en buurt, regio-indeling 2025",Ondergrens95Interval_21,"Opleidingsniveau > 3 Hbo, wo",Ondergrens 95%-interval,"Ondergrens 95%-interval
Dit is de ondergrens van het interval waarvan met 95% zekerheid verwacht wordt dat de werkelijke waarde er binnen ligt.
",%,1,2014-2024,CBS.,buurt/wijk/gemeente,149023,5686
CBS SES-WOA,86296NED,"Sociaal-economische status; scores per wijk en buurt, regio-indeling 2025",Waarde_22,"Opleidingsniveau > 3 Hbo, wo",Waarde,,%,1,2014-2024,CBS.,buurt/wijk/gemeente,149023,5686
CBS SES-WOA,86296NED,"Sociaal-economische status; scores per wijk en buurt, regio-indeling 2025",Bovengrens95Interval_23,"Opleidingsniveau > 3 Hbo, wo",Bovengrens 95%-interval,"Bovengrens 95%-interval
Dit is de bovengrens van het interval waarvan met 95% zekerheid verwacht wordt dat de werkelijke waarde er binnen ligt.
",%,1,2014-2024,CBS.,buurt/wijk/gemeente,149023,5686
CBS SES-WOA,86296NED,"Sociaal-economische status; scores per wijk en buurt, regio-indeling 2025",Afgelopen4JaarVoortdurendWerkzaam_24,Arbeidsverleden,Afgelopen 4 jaar voortdurend werkzaam,"Afgelopen 4 jaar voortdurend werkzaam 
De afgelopen vier jaar ononderbroken werkzaam.
",%,1,2014-2024,CBS.,buurt/wijk/gemeente,149023,5686
CBS SES-WOA,86296NED,"Sociaal-economische status; scores per wijk en buurt, regio-indeling 2025",Afgelopen4JrNietVoortdurendWerkzaam_25,Arbeidsverleden,Afgelopen 4 jr niet voortdurend werkzaam,"Afgelopen 4 jr niet voortdurend werkzaam
De afgelopen vier jaar werkzaam maar niet voortdurend.

",%,1,2014-2024,CBS.,buurt/wijk/gemeente,149023,5686
CBS SES-WOA,86296NED,"Sociaal-economische status; scores per wijk en buurt, regio-indeling 2025",Afgelopen4JaarNietWerkzaam_26,Arbeidsverleden,Afgelopen 4 jaar niet werkzaam,"Afgelopen 4 jaar niet werkzaam 
Niet werkzaam geweest in de afgelopen 4 jaar.
",%,1,2014-2024,CBS.,buurt/wijk/gemeente,149023,5686
CBS SES-WOA,86296NED,"Sociaal-economische status; scores per wijk en buurt, regio-indeling 2025",Gepensioneerd_27,Arbeidsverleden,Gepensioneerd,"Gepensioneerd
Hoofdkostwinner heeft pensioen als voornaamste persoonlijke inkomensbron.
",%,1,2014-2024,CBS.,buurt/wijk/gemeente,149023,5686
CBS SES-WOA,86296NED,"Sociaal-economische status; scores per wijk en buurt, regio-indeling 2025",Ondergrens95Interval_28,SES-WOA > Totaalscore,Ondergrens 95%-interval,,Getal,3,2014-2024,CBS.,buurt/wijk/gemeente,149023,5686
CBS SES-WOA,86296NED,"Sociaal-economische status; scores per wijk en buurt, regio-indeling 2025",GemiddeldeScore_29,SES-WOA > Totaalscore,Gemiddelde score,,Getal,3,2014-2024,CBS.,buurt/wijk/gemeente,149023,5686
CBS SES-WOA,86296NED,"Sociaal-economische status; scores per wijk en buurt, regio-indeling 2025",Bovengrens95Interval_30,SES-WOA > Totaalscore,Bovengrens 95%-interval,,Getal,3,2014-2024,CBS.,buurt/wijk/gemeente,149023,5686
CBS SES-WOA,86296NED,"Sociaal-economische status; scores per wijk en buurt, regio-indeling 2025",GemiddeldeScore_31,SES-WOA > Deelscore financiële welvaart,Gemiddelde score,,Getal,3,2014-2024,CBS.,buurt/wijk/gemeente,149023,5686
CBS SES-WOA,86296NED,"Sociaal-economische status; scores per wijk en buurt, regio-indeling 2025",Ondergrens95Interval_32,SES-WOA > Deelscore opleidingsniveau,Ondergrens 95%-interval,,Getal,3,2014-2024,CBS.,buurt/wijk/gemeente,149023,5686
CBS SES-WOA,86296NED,"Sociaal-economische status; scores per wijk en buurt, regio-indeling 2025",GemiddeldeScore_33,SES-WOA > Deelscore opleidingsniveau,Gemiddelde score,,Getal,3,2014-2024,CBS.,buurt/wijk/gemeente,149023,5686
CBS SES-WOA,86296NED,"Sociaal-economische status; scores per wijk en buurt, regio-indeling 2025",Bovengrens95Interval_34,SES-WOA > Deelscore opleidingsniveau,Bovengrens 95%-interval,,Getal,3,2014-2024,CBS.,buurt/wijk/gemeente,149023,5686
CBS SES-WOA,86296NED,"Sociaal-economische status; scores per wijk en buurt, regio-indeling 2025",GemiddeldeScore_35,SES-WOA > Deelscore arbeidsverleden,Gemiddelde score,,Getal,3,2014-2024,CBS.,buurt/wijk/gemeente,149023,5686
CBS SES-WOA,86296NED,"Sociaal-economische status; scores per wijk en buurt, regio-indeling 2025",Ondergrens95Interval_36,Spreiding > Spreiding totaal,Ondergrens 95%-interval,"Ondergrens 95%-interval
Dit is de ondergrens van het interval waarvan met 95% zekerheid verwacht wordt dat de werkelijke waarde er binnen ligt.
",Getal,3,2014-2024,CBS.,buurt/wijk/gemeente,149023,5686
CBS SES-WOA,86296NED,"Sociaal-economische status; scores per wijk en buurt, regio-indeling 2025",Waarde_37,Spreiding > Spreiding totaal,Waarde,,Getal,3,2014-2024,CBS.,buurt/wijk/gemeente,149023,5686
CBS SES-WOA,86296NED,"Sociaal-economische status; scores per wijk en buurt, regio-indeling 2025",Bovengrens95Interval_38,Spreiding > Spreiding totaal,Bovengrens 95%-interval,"Bovengrens 95%-interval
Dit is de bovengrens van het interval waarvan met 95% zekerheid verwacht wordt dat de werkelijke waarde er binnen ligt.
",Getal,3,2014-2024,CBS.,buurt/wijk/gemeente,149023,5686
CBS SES-WOA,86296NED,"Sociaal-economische status; scores per wijk en buurt, regio-indeling 2025",Waarde_39,Spreiding > Spreiding welvaart,Waarde,,Getal,3,2014-2024,CBS.,buurt/wijk/gemeente,149023,5686
CBS SES-WOA,86296NED,"Sociaal-economische status; scores per wijk en buurt, regio-indeling 2025",Ondergrens95Interval_40,Spreiding > Spreiding opleidingsniveau,Ondergrens 95%-interval,"Ondergrens 95%-interval
Dit is de ondergrens van het interval waarvan met 95% zekerheid verwacht wordt dat de werkelijke waarde er binnen ligt.
",Getal,3,2014-2024,CBS.,buurt/wijk/gemeente,149023,5686
CBS SES-WOA,86296NED,"Sociaal-economische status; scores per wijk en buurt, regio-indeling 2025",Waarde_41,Spreiding > Spreiding opleidingsniveau,Waarde,,Getal,3,2014-2024,CBS.,buurt/wijk/gemeente,149023,5686
CBS SES-WOA,86296NED,"Sociaal-economische status; scores per wijk en buurt, regio-indeling 2025",Bovengrens95Interval_42,Spreiding > Spreiding opleidingsniveau,Bovengrens 95%-interval,"Bovengrens 95%-interval
Dit is de bovengrens van het interval waarvan met 95% zekerheid verwacht wordt dat de werkelijke waarde er binnen ligt.
",Getal,3,2014-2024,CBS.,buurt/wijk/gemeente,149023,5686
CBS SES-WOA,86296NED,"Sociaal-economische status; scores per wijk en buurt, regio-indeling 2025",Waarde_43,Spreiding > Spreiding arbeidsverleden,Waarde,,Getal,3,2014-2024,CBS.,buurt/wijk/gemeente,149023,5686
CBS Nabijheid voorzieningen,86270NED,"Nabijheid voorzieningen; afstand locatie, wijk- en buurtcijfers 2025",Gemeentenaam_1,Regioaanduiding,Gemeentenaam,De naam van de bestuurlijke gemeente. Deze naam volgt de officiële schrijfwijze.,naam,0,2025,CBS.,buurt/wijk/gemeente,18495,628
CBS Nabijheid voorzieningen,86270NED,"Nabijheid voorzieningen; afstand locatie, wijk- en buurtcijfers 2025",SoortRegio_2,Regioaanduiding,Soort regio,"De gekozen regioaanduiding betreft: Gemeente, Wijk of Buurt.",omschrijving,0,2025,CBS.,buurt/wijk/gemeente,18495,628
CBS Nabijheid voorzieningen,86270NED,"Nabijheid voorzieningen; afstand locatie, wijk- en buurtcijfers 2025",Codering_3,Regioaanduiding,Codering,"Gemeentecode heeft 4 posities, voorafgegaan door 'GM'.
Wijkcode heeft 6 posities: gemeentecode (4) + wijkcode (2), voorafgegaan door 'WK'.
Buurtcode heeft 8 posities: gemeentecode (4) + wijkcode (2) + buurtcode (2), voorafgegaan door 'BU'.
",code,0,2025,CBS.,buurt/wijk/gemeente,18495,628
CBS Nabijheid voorzieningen,86270NED,"Nabijheid voorzieningen; afstand locatie, wijk- en buurtcijfers 2025",IndelingswijzigingWijkenEnBuurten_4,Regioaanduiding,Indelingswijziging wijken en buurten,"Deze indicator geeft per wijk en buurt aan of de cijfers uit deze tabel zonder problemen kunnen worden gekoppeld aan en vergeleken met de cijfers van een jaar eerder, of dat er wijzigingen in de Wijk- en Buurtindeling zijn waardoor dit niet kan. Detailinformatie over wijzigingen in de Wijk- en Buurtindeling kan worden verkregen door de wijk- en buurtkaart van twee opeenvolgende jaren met elkaar te vergelijken.

De indicator kent drie mogelijke waarden:
1: De codering en afbakening van deze wijk/buurt is ongewijzigd ten opzichte van het voorgaande jaar. Het is wel mogelijk dat een naamswijziging heeft plaatsgevonden. De cijfers kunnen worden gekoppeld en vergeleken met die van het voorgaande jaar.
2: De codering van de wijk/buurt is veranderd ten opzichte van het voorgaande jaar. De afbakening is ongewijzigd. Om te kunnen koppelen met cijfers van het voorgaande jaar zal eerst moeten worden achterhaald wat de codering van het voorgaande jaar was. Is de koppeling eenmaal geslaagd dan kunnen de cijfers alsnog met elkaar worden vergeleken.
3: De afbakening van de wijk/buurt is veranderd ten opzichte van het voorgaande jaar. Dit kan gepaard zijn gegaan met een gewijzigde codering. De cijfers kunnen niet zonder meer worden vergeleken met die van het voorgaande jaar. Verschillen kunnen immers samenhangen met de verandering in de afbakening van de wijk of buurt.

Voor een wijk of buurt wordt alleen een wijziging in de afbakening geconstateerd, wanneer een grens circa 5 meter of meer is verlegd. Kleinere grenswijzigingen worden niet als significant beschouwd.
",code,0,2025,CBS.,buurt/wijk/gemeente,18494,628
CBS Nabijheid voorzieningen,86270NED,"Nabijheid voorzieningen; afstand locatie, wijk- en buurtcijfers 2025",AfstandTotHuisartsenpraktijk_5,Gezondheid en welzijn > Huisartsenpraktijk,Afstand tot huisartsenpraktijk,"De gemiddelde afstand van alle inwoners in een gebied tot de dichtstbijzijnde huisartsenpraktijk, berekend over de weg.
Met ingang van verslagjaar 2020 krijgt het CBS de populatie huisartsenpraktijken in een andere vorm dan voorheen aangeleverd: de nevenadressen van huisartsenpraktijken maken geen deel meer uit van de populatie. Door deze wijziging in de bronbestanden zijn de uitkomsten vanaf verslagjaar 2020 niet meer vergelijkbaar met die van de voorgaande jaren. Uit een analyse voor verslagjaar 2019 naar het effect van het weglaten van de nevenadressen blijkt dat de afstand tot de dichtstbijzijnde huisartsenpraktijk op landelijk niveau met 0,1 km toeneemt. Op buurtniveau kan de afstand in bepaalde regio’s tot 7 km langer worden.
",km,1,2025,CBS.,buurt/wijk/gemeente,17677,586
CBS Nabijheid voorzieningen,86270NED,"Nabijheid voorzieningen; afstand locatie, wijk- en buurtcijfers 2025",Binnen1Km_6,Gezondheid en welzijn > Huisartsenpraktijk > Aantal huisartsenpraktijken,Binnen 1 km,,aantal,1,2025,CBS.,buurt/wijk/gemeente,17677,586
CBS Nabijheid voorzieningen,86270NED,"Nabijheid voorzieningen; afstand locatie, wijk- en buurtcijfers 2025",Binnen3Km_7,Gezondheid en welzijn > Huisartsenpraktijk > Aantal huisartsenpraktijken,Binnen 3 km,,aantal,1,2025,CBS.,buurt/wijk/gemeente,17677,586
CBS Nabijheid voorzieningen,86270NED,"Nabijheid voorzieningen; afstand locatie, wijk- en buurtcijfers 2025",Binnen5Km_8,Gezondheid en welzijn > Huisartsenpraktijk > Aantal huisartsenpraktijken,Binnen 5 km,,aantal,1,2025,CBS.,buurt/wijk/gemeente,17677,586
CBS Nabijheid voorzieningen,86270NED,"Nabijheid voorzieningen; afstand locatie, wijk- en buurtcijfers 2025",AfstandTotHuisartsenpost_9,Gezondheid en welzijn > Huisartsenpraktijk,Afstand tot huisartsenpost,"Huisartsenpost
Plaats waar huisartsen uit de regio de avond-, nacht- en weekenddiensten verzorgen. Voor een aantal huisartsenposten geldt een wisseldienst.

De gemiddelde afstand van alle inwoners in een gebied tot de dichtstbijzijnde huisartsenpost, berekend over de weg.

De afstand van een woonadres tot een van de huisartsenposten in een cluster van wisseldiensten bepaald als het gemiddelde van de afstanden tot alle huisartsenposten binnen dat cluster.
",km,1,2025,CBS.,buurt/wijk/gemeente,0,0
CBS Nabijheid voorzieningen,86270NED,"Nabijheid voorzieningen; afstand locatie, wijk- en buurtcijfers 2025",AfstandTotApotheek_10,Gezondheid en welzijn,Afstand tot apotheek,"Apotheek, inclusief apotheekhoudende huisarts.

De gemiddelde afstand van alle inwoners in een gebied tot de dichtstbijzijnde apotheek, berekend over de weg.
",km,1,2025,CBS.,buurt/wijk/gemeente,17677,586
CBS Nabijheid voorzieningen,86270NED,"Nabijheid voorzieningen; afstand locatie, wijk- en buurtcijfers 2025",AfstandTotZiekenhuis_11,Gezondheid en welzijn > Ziekenhuis (incl. buitenpolikliniek),Afstand tot ziekenhuis,"De gemiddelde afstand van alle inwoners in een gebied tot het dichtstbijzijnde ziekenhuis, berekend over de weg.",km,1,2025,CBS.,buurt/wijk/gemeente,17677,586
CBS Nabijheid voorzieningen,86270NED,"Nabijheid voorzieningen; afstand locatie, wijk- en buurtcijfers 2025",Binnen5Km_12,Gezondheid en welzijn > Ziekenhuis (incl. buitenpolikliniek) > Aantal ziekenhuizen,Binnen 5 km,,aantal,1,2025,CBS.,buurt/wijk/gemeente,17677,586
CBS Nabijheid voorzieningen,86270NED,"Nabijheid voorzieningen; afstand locatie, wijk- en buurtcijfers 2025",Binnen10Km_13,Gezondheid en welzijn > Ziekenhuis (incl. buitenpolikliniek) > Aantal ziekenhuizen,Binnen 10 km,,aantal,1,2025,CBS.,buurt/wijk/gemeente,17677,586
CBS Nabijheid voorzieningen,86270NED,"Nabijheid voorzieningen; afstand locatie, wijk- en buurtcijfers 2025",Binnen20Km_14,Gezondheid en welzijn > Ziekenhuis (incl. buitenpolikliniek) > Aantal ziekenhuizen,Binnen 20 km,,aantal,1,2025,CBS.,buurt/wijk/gemeente,17677,586
CBS Nabijheid voorzieningen,86270NED,"Nabijheid voorzieningen; afstand locatie, wijk- en buurtcijfers 2025",AfstandTotZiekenhuis_15,Gezondheid en welzijn > Ziekenhuis (excl. buitenpolikliniek),Afstand tot ziekenhuis,"De gemiddelde afstand van alle inwoners in een gebied tot het dichtstbijzijnde ziekenhuis, berekend over de weg.",km,1,2025,CBS.,buurt/wijk/gemeente,17677,586
CBS Nabijheid voorzieningen,86270NED,"Nabijheid voorzieningen; afstand locatie, wijk- en buurtcijfers 2025",Binnen5Km_16,Gezondheid en welzijn > Ziekenhuis (excl. buitenpolikliniek) > Aantal ziekenhuizen,Binnen 5 km,,aantal,1,2025,CBS.,buurt/wijk/gemeente,17677,586
CBS Nabijheid voorzieningen,86270NED,"Nabijheid voorzieningen; afstand locatie, wijk- en buurtcijfers 2025",Binnen10Km_17,Gezondheid en welzijn > Ziekenhuis (excl. buitenpolikliniek) > Aantal ziekenhuizen,Binnen 10 km,,aantal,1,2025,CBS.,buurt/wijk/gemeente,17677,586
CBS Nabijheid voorzieningen,86270NED,"Nabijheid voorzieningen; afstand locatie, wijk- en buurtcijfers 2025",Binnen20Km_18,Gezondheid en welzijn > Ziekenhuis (excl. buitenpolikliniek) > Aantal ziekenhuizen,Binnen 20 km,,aantal,1,2025,CBS.,buurt/wijk/gemeente,17677,586
CBS Nabijheid voorzieningen,86270NED,"Nabijheid voorzieningen; afstand locatie, wijk- en buurtcijfers 2025",AfstandTotConsultatiebureau_19,Gezondheid en welzijn,Afstand tot consultatiebureau,"Instelling binnen de Jeugdgezondheidszorg waar medische basiszorg en preventie wordt verzorgd voor alle kinderen van 0 tot 4 jaar.

De gemiddelde afstand van alle inwoners in een gebied tot het dichtstbijzijnde consultatiebureau, berekend over de weg.

Vanaf verslagjaar 2007 zijn geen nieuwe cijfers meer beschikbaar voor deze voorziening.
",km,1,2025,CBS.,buurt/wijk/gemeente,0,0
CBS Nabijheid voorzieningen,86270NED,"Nabijheid voorzieningen; afstand locatie, wijk- en buurtcijfers 2025",AfstandTotFysiotherapeut_20,Gezondheid en welzijn > Fysiotherapeut,Afstand tot fysiotherapeut,"De gemiddelde afstand van alle inwoners in een gebied tot de dichtstbijzijnde fysiotherapeutenpraktijk, berekend over de weg.
Vanaf verslagjaar 2013 zijn geen nieuwe cijfers meer beschikbaar voor deze voorziening.
",km,1,2025,CBS.,buurt/wijk/gemeente,0,0
CBS Nabijheid voorzieningen,86270NED,"Nabijheid voorzieningen; afstand locatie, wijk- en buurtcijfers 2025",Binnen1Km_21,Gezondheid en welzijn > Fysiotherapeut > Aantal fysiotherapeuten,Binnen 1 km,,aantal,1,2025,CBS.,buurt/wijk/gemeente,0,0
CBS Nabijheid voorzieningen,86270NED,"Nabijheid voorzieningen; afstand locatie, wijk- en buurtcijfers 2025",Binnen3Km_22,Gezondheid en welzijn > Fysiotherapeut > Aantal fysiotherapeuten,Binnen 3 km,,aantal,1,2025,CBS.,buurt/wijk/gemeente,0,0
CBS Nabijheid voorzieningen,86270NED,"Nabijheid voorzieningen; afstand locatie, wijk- en buurtcijfers 2025",Binnen5Km_23,Gezondheid en welzijn > Fysiotherapeut > Aantal fysiotherapeuten,Binnen 5 km,,aantal,1,2025,CBS.,buurt/wijk/gemeente,0,0
CBS Nabijheid voorzieningen,86270NED,"Nabijheid voorzieningen; afstand locatie, wijk- en buurtcijfers 2025",AfstandTotGroteSupermarkt_24,Detailhandel > Winkels dagelijkse boodschappen,Afstand tot grote supermarkt,"Winkel met meerdere soorten dagelijkse artikelen en een minimale oppervlakte van 150 m2.

De gemiddelde afstand van alle inwoners in een gebied tot de dichtstbijzijnde grote supermarkt, berekend over de weg.
",km,1,2025,CBS.,buurt/wijk/gemeente,17677,586
CBS Nabijheid voorzieningen,86270NED,"Nabijheid voorzieningen; afstand locatie, wijk- en buurtcijfers 2025",Binnen1Km_25,Detailhandel > Winkels dagelijkse boodschappen > Aantal grote supermarkten,Binnen 1 km,,aantal,1,2025,CBS.,buurt/wijk/gemeente,17677,586
CBS Nabijheid voorzieningen,86270NED,"Nabijheid voorzieningen; afstand locatie, wijk- en buurtcijfers 2025",Binnen3Km_26,Detailhandel > Winkels dagelijkse boodschappen > Aantal grote supermarkten,Binnen 3 km,,aantal,1,2025,CBS.,buurt/wijk/gemeente,17677,586
CBS Nabijheid voorzieningen,86270NED,"Nabijheid voorzieningen; afstand locatie, wijk- en buurtcijfers 2025",Binnen5Km_27,Detailhandel > Winkels dagelijkse boodschappen > Aantal grote supermarkten,Binnen 5 km,,aantal,1,2025,CBS.,buurt/wijk/gemeente,17677,586
CBS Nabijheid voorzieningen,86270NED,"Nabijheid voorzieningen; afstand locatie, wijk- en buurtcijfers 2025",AfstandTotOvDagelLevensmiddelen_28,Detailhandel > Winkels dagelijkse boodschappen,Afstand tot ov. dagel. levensmiddelen,"Groenteboer, bakker, vlaaienwinkel, toko, chocoladewinkel, koffie/theewinkel, delicatessenwinkel, kaaswinkel, mini supermarkt, boerderijwinkel, nachtwinkel, poelier,  dieet/voedingsupplementenwinkel, slagerij, slijterij, tabak- en tabaklectuurswinkel, visboer, zoetwarenwinkel en ziekenhuiswinkel.

De gemiddelde afstand van alle inwoners in een gebied tot de dichtstbijzijnde overige winkels voor dagelijkse levensmiddelen, berekend over de weg.
",km,1,2025,CBS.,buurt/wijk/gemeente,17677,586
CBS Nabijheid voorzieningen,86270NED,"Nabijheid voorzieningen; afstand locatie, wijk- en buurtcijfers 2025",Binnen1Km_29,Detailhandel > Winkels dagelijkse boodschappen > Aantal overige dagelijkse levensmiddelen,Binnen 1 km,,aantal,1,2025,CBS.,buurt/wijk/gemeente,17677,586
CBS Nabijheid voorzieningen,86270NED,"Nabijheid voorzieningen; afstand locatie, wijk- en buurtcijfers 2025",Binnen3Km_30,Detailhandel > Winkels dagelijkse boodschappen > Aantal overige dagelijkse levensmiddelen,Binnen 3 km,,aantal,1,2025,CBS.,buurt/wijk/gemeente,17677,586
CBS Nabijheid voorzieningen,86270NED,"Nabijheid voorzieningen; afstand locatie, wijk- en buurtcijfers 2025",Binnen5Km_31,Detailhandel > Winkels dagelijkse boodschappen > Aantal overige dagelijkse levensmiddelen,Binnen 5 km,,aantal,1,2025,CBS.,buurt/wijk/gemeente,17677,586
CBS Nabijheid voorzieningen,86270NED,"Nabijheid voorzieningen; afstand locatie, wijk- en buurtcijfers 2025",AfstandTotWarenhuis_32,Detailhandel > Warenhuis,Afstand tot warenhuis,"Winkels waar 50 of meer personen werkzaam zijn, en die voldoen aan de volgende criteria:
-  de verkochte producten behoren tot acht of meer branches, waarbij elke branche een omzetaandeel heeft van meer dan 5 procent;
- geen enkele klasse heeft een omzetaandeel van 50 procent of meer;
- voedings- en genotmiddelen hebben een omzetaandeel van minder dan 50 procent.

De gemiddelde afstand van alle inwoners in een gebied tot het dichtstbijzijnde warenhuis, berekend over de weg.
",km,1,2025,CBS.,buurt/wijk/gemeente,17677,586
CBS Nabijheid voorzieningen,86270NED,"Nabijheid voorzieningen; afstand locatie, wijk- en buurtcijfers 2025",Binnen5Km_33,Detailhandel > Warenhuis > Aantal warenhuizen,Binnen 5 km,,aantal,1,2025,CBS.,buurt/wijk/gemeente,17677,586
CBS Nabijheid voorzieningen,86270NED,"Nabijheid voorzieningen; afstand locatie, wijk- en buurtcijfers 2025",Binnen10Km_34,Detailhandel > Warenhuis > Aantal warenhuizen,Binnen 10 km,,aantal,1,2025,CBS.,buurt/wijk/gemeente,17677,586
CBS Nabijheid voorzieningen,86270NED,"Nabijheid voorzieningen; afstand locatie, wijk- en buurtcijfers 2025",Binnen20Km_35,Detailhandel > Warenhuis > Aantal warenhuizen,Binnen 20 km,,aantal,1,2025,CBS.,buurt/wijk/gemeente,17677,586
CBS Nabijheid voorzieningen,86270NED,"Nabijheid voorzieningen; afstand locatie, wijk- en buurtcijfers 2025",AfstandTotCafeED_36,Horeca > Cafés en dergelijke,Afstand tot café e.d.,"De gemiddelde afstand van alle inwoners in een gebied tot het dichtstbijzijnde café e.d., berekend over de weg.",km,1,2025,CBS.,buurt/wijk/gemeente,17677,586
CBS Nabijheid voorzieningen,86270NED,"Nabijheid voorzieningen; afstand locatie, wijk- en buurtcijfers 2025",Binnen1Km_37,Horeca > Cafés en dergelijke > Aantal cafés e.d.,Binnen 1 km,,aantal,1,2025,CBS.,buurt/wijk/gemeente,17677,586
CBS Nabijheid voorzieningen,86270NED,"Nabijheid voorzieningen; afstand locatie, wijk- en buurtcijfers 2025",Binnen3Km_38,Horeca > Cafés en dergelijke > Aantal cafés e.d.,Binnen 3 km,,aantal,1,2025,CBS.,buurt/wijk/gemeente,17677,586
CBS Nabijheid voorzieningen,86270NED,"Nabijheid voorzieningen; afstand locatie, wijk- en buurtcijfers 2025",Binnen5Km_39,Horeca > Cafés en dergelijke > Aantal cafés e.d.,Binnen 5 km,,aantal,1,2025,CBS.,buurt/wijk/gemeente,17677,586
CBS Nabijheid voorzieningen,86270NED,"Nabijheid voorzieningen; afstand locatie, wijk- en buurtcijfers 2025",AfstandTotCafetariaED_40,Horeca > Cafetaria's en dergelijke,Afstand tot cafetaria e.d.,"De gemiddelde afstand van alle inwoners in een gebied tot het dichtstbijzijnde cafetaria e.d., berekend over de weg.",km,1,2025,CBS.,buurt/wijk/gemeente,17677,586
CBS Nabijheid voorzieningen,86270NED,"Nabijheid voorzieningen; afstand locatie, wijk- en buurtcijfers 2025",Binnen1Km_41,Horeca > Cafetaria's en dergelijke > Aantal cafetaria's e.d.,Binnen 1 km,,aantal,1,2025,CBS.,buurt/wijk/gemeente,17677,586
CBS Nabijheid voorzieningen,86270NED,"Nabijheid voorzieningen; afstand locatie, wijk- en buurtcijfers 2025",Binnen3Km_42,Horeca > Cafetaria's en dergelijke > Aantal cafetaria's e.d.,Binnen 3 km,,aantal,1,2025,CBS.,buurt/wijk/gemeente,17677,586
CBS Nabijheid voorzieningen,86270NED,"Nabijheid voorzieningen; afstand locatie, wijk- en buurtcijfers 2025",Binnen5Km_43,Horeca > Cafetaria's en dergelijke > Aantal cafetaria's e.d.,Binnen 5 km,,aantal,1,2025,CBS.,buurt/wijk/gemeente,17677,586
CBS Nabijheid voorzieningen,86270NED,"Nabijheid voorzieningen; afstand locatie, wijk- en buurtcijfers 2025",AfstandTotRestaurant_44,Horeca > Restaurants,Afstand tot restaurant,"De gemiddelde afstand van alle inwoners in een gebied tot het dichtstbijzijnde restaurant, berekend over de weg.",km,1,2025,CBS.,buurt/wijk/gemeente,17677,586
CBS Nabijheid voorzieningen,86270NED,"Nabijheid voorzieningen; afstand locatie, wijk- en buurtcijfers 2025",Binnen1Km_45,Horeca > Restaurants > Aantal restaurants,Binnen 1 km,,aantal,1,2025,CBS.,buurt/wijk/gemeente,17677,586
CBS Nabijheid voorzieningen,86270NED,"Nabijheid voorzieningen; afstand locatie, wijk- en buurtcijfers 2025",Binnen3Km_46,Horeca > Restaurants > Aantal restaurants,Binnen 3 km,,aantal,1,2025,CBS.,buurt/wijk/gemeente,17677,586
CBS Nabijheid voorzieningen,86270NED,"Nabijheid voorzieningen; afstand locatie, wijk- en buurtcijfers 2025",Binnen5Km_47,Horeca > Restaurants > Aantal restaurants,Binnen 5 km,,aantal,1,2025,CBS.,buurt/wijk/gemeente,17677,586
CBS Nabijheid voorzieningen,86270NED,"Nabijheid voorzieningen; afstand locatie, wijk- en buurtcijfers 2025",AfstandTotHotelED_48,Horeca > Hotels en dergelijke,Afstand tot hotel e.d.,"De gemiddelde afstand van alle inwoners in een gebied tot het dichtstbijzijnde hotel e.d., berekend over de weg.",km,1,2025,CBS.,buurt/wijk/gemeente,17677,586
CBS Nabijheid voorzieningen,86270NED,"Nabijheid voorzieningen; afstand locatie, wijk- en buurtcijfers 2025",Binnen5Km_49,Horeca > Hotels en dergelijke > Aantal hotels e.d.,Binnen 5 km,,aantal,1,2025,CBS.,buurt/wijk/gemeente,17677,586
CBS Nabijheid voorzieningen,86270NED,"Nabijheid voorzieningen; afstand locatie, wijk- en buurtcijfers 2025",Binnen10Km_50,Horeca > Hotels en dergelijke > Aantal hotels e.d.,Binnen 10 km,,aantal,1,2025,CBS.,buurt/wijk/gemeente,17677,586
CBS Nabijheid voorzieningen,86270NED,"Nabijheid voorzieningen; afstand locatie, wijk- en buurtcijfers 2025",Binnen20Km_51,Horeca > Hotels en dergelijke > Aantal hotels e.d.,Binnen 20 km,,aantal,1,2025,CBS.,buurt/wijk/gemeente,17677,586
CBS Nabijheid voorzieningen,86270NED,"Nabijheid voorzieningen; afstand locatie, wijk- en buurtcijfers 2025",AfstandTotKinderdagverblijf_52,Kinderopvang > Kinderdagverblijf,Afstand tot kinderdagverblijf,"De gemiddelde afstand van alle inwoners in een gebied tot het dichtstbijzijnde kinderdagverblijf, berekend over de weg.",km,1,2025,CBS.,buurt/wijk/gemeente,17677,586
CBS Nabijheid voorzieningen,86270NED,"Nabijheid voorzieningen; afstand locatie, wijk- en buurtcijfers 2025",Binnen1Km_53,Kinderopvang > Kinderdagverblijf > Aantal kinderdagverblijven,Binnen 1 km,,aantal,1,2025,CBS.,buurt/wijk/gemeente,17677,586
CBS Nabijheid voorzieningen,86270NED,"Nabijheid voorzieningen; afstand locatie, wijk- en buurtcijfers 2025",Binnen3Km_54,Kinderopvang > Kinderdagverblijf > Aantal kinderdagverblijven,Binnen 3 km,,aantal,1,2025,CBS.,buurt/wijk/gemeente,17677,586
CBS Nabijheid voorzieningen,86270NED,"Nabijheid voorzieningen; afstand locatie, wijk- en buurtcijfers 2025",Binnen5Km_55,Kinderopvang > Kinderdagverblijf > Aantal kinderdagverblijven,Binnen 5 km,,aantal,1,2025,CBS.,buurt/wijk/gemeente,17677,586
CBS Nabijheid voorzieningen,86270NED,"Nabijheid voorzieningen; afstand locatie, wijk- en buurtcijfers 2025",AfstandTotBuitenschoolseOpvang_56,Kinderopvang > Buitenschoolse opvang,Afstand tot buitenschoolse opvang,"De gemiddelde afstand van alle inwoners in een gebied tot de dichtstbijzijnde buitenschoolse opvang, berekend over de weg.",km,1,2025,CBS.,buurt/wijk/gemeente,17677,586
CBS Nabijheid voorzieningen,86270NED,"Nabijheid voorzieningen; afstand locatie, wijk- en buurtcijfers 2025",Binnen1Km_57,Kinderopvang > Buitenschoolse opvang > Aantal buitenschoolse opvang,Binnen 1 km,,aantal,1,2025,CBS.,buurt/wijk/gemeente,17677,586
CBS Nabijheid voorzieningen,86270NED,"Nabijheid voorzieningen; afstand locatie, wijk- en buurtcijfers 2025",Binnen3Km_58,Kinderopvang > Buitenschoolse opvang > Aantal buitenschoolse opvang,Binnen 3 km,,aantal,1,2025,CBS.,buurt/wijk/gemeente,17677,586
CBS Nabijheid voorzieningen,86270NED,"Nabijheid voorzieningen; afstand locatie, wijk- en buurtcijfers 2025",Binnen5Km_59,Kinderopvang > Buitenschoolse opvang > Aantal buitenschoolse opvang,Binnen 5 km,,aantal,1,2025,CBS.,buurt/wijk/gemeente,17677,586
CBS Nabijheid voorzieningen,86270NED,"Nabijheid voorzieningen; afstand locatie, wijk- en buurtcijfers 2025",AfstandTotSchool_60,Onderwijs > Basisonderwijs,Afstand tot school,"De gemiddelde afstand van alle inwoners in een gebied tot de dichtstbijzijnde school, berekend over de weg.",km,1,2025,CBS.,buurt/wijk/gemeente,17677,586
CBS Nabijheid voorzieningen,86270NED,"Nabijheid voorzieningen; afstand locatie, wijk- en buurtcijfers 2025",Binnen1Km_61,Onderwijs > Basisonderwijs > Aantal scholen,Binnen 1 km,,aantal,1,2025,CBS.,buurt/wijk/gemeente,17677,586
CBS Nabijheid voorzieningen,86270NED,"Nabijheid voorzieningen; afstand locatie, wijk- en buurtcijfers 2025",Binnen3Km_62,Onderwijs > Basisonderwijs > Aantal scholen,Binnen 3 km,,aantal,1,2025,CBS.,buurt/wijk/gemeente,17677,586
CBS Nabijheid voorzieningen,86270NED,"Nabijheid voorzieningen; afstand locatie, wijk- en buurtcijfers 2025",Binnen5Km_63,Onderwijs > Basisonderwijs > Aantal scholen,Binnen 5 km,,aantal,1,2025,CBS.,buurt/wijk/gemeente,17677,586
CBS Nabijheid voorzieningen,86270NED,"Nabijheid voorzieningen; afstand locatie, wijk- en buurtcijfers 2025",AfstandTotSchool_64,Onderwijs > Voortgezet onderwijs > Voortgezet onderwijs totaal,Afstand tot school,"De gemiddelde afstand van alle inwoners in een gebied tot de dichtstbijzijnde school, berekend over de weg.",km,1,2025,CBS.,buurt/wijk/gemeente,0,0
CBS Nabijheid voorzieningen,86270NED,"Nabijheid voorzieningen; afstand locatie, wijk- en buurtcijfers 2025",Binnen3Km_65,Onderwijs > Voortgezet onderwijs > Voortgezet onderwijs totaal > Aantal scholen,Binnen 3 km,,aantal,1,2025,CBS.,buurt/wijk/gemeente,0,0
CBS Nabijheid voorzieningen,86270NED,"Nabijheid voorzieningen; afstand locatie, wijk- en buurtcijfers 2025",Binnen5Km_66,Onderwijs > Voortgezet onderwijs > Voortgezet onderwijs totaal > Aantal scholen,Binnen 5 km,,aantal,1,2025,CBS.,buurt/wijk/gemeente,0,0
CBS Nabijheid voorzieningen,86270NED,"Nabijheid voorzieningen; afstand locatie, wijk- en buurtcijfers 2025",Binnen10Km_67,Onderwijs > Voortgezet onderwijs > Voortgezet onderwijs totaal > Aantal scholen,Binnen 10 km,,aantal,1,2025,CBS.,buurt/wijk/gemeente,0,0
CBS Nabijheid voorzieningen,86270NED,"Nabijheid voorzieningen; afstand locatie, wijk- en buurtcijfers 2025",AfstandTotSchool_68,Onderwijs > Voortgezet onderwijs > Vmbo,Afstand tot school,"De gemiddelde afstand van alle inwoners in een gebied tot de dichtstbijzijnde school, berekend over de weg.",km,1,2025,CBS.,buurt/wijk/gemeente,0,0
CBS Nabijheid voorzieningen,86270NED,"Nabijheid voorzieningen; afstand locatie, wijk- en buurtcijfers 2025",Binnen3Km_69,Onderwijs > Voortgezet onderwijs > Vmbo > Aantal scholen,Binnen 3  km,,aantal,1,2025,CBS.,buurt/wijk/gemeente,0,0
CBS Nabijheid voorzieningen,86270NED,"Nabijheid voorzieningen; afstand locatie, wijk- en buurtcijfers 2025",Binnen5Km_70,Onderwijs > Voortgezet onderwijs > Vmbo > Aantal scholen,Binnen 5  km,,aantal,1,2025,CBS.,buurt/wijk/gemeente,0,0
CBS Nabijheid voorzieningen,86270NED,"Nabijheid voorzieningen; afstand locatie, wijk- en buurtcijfers 2025",Binnen10Km_71,Onderwijs > Voortgezet onderwijs > Vmbo > Aantal scholen,Binnen 10  km,,aantal,1,2025,CBS.,buurt/wijk/gemeente,0,0
CBS Nabijheid voorzieningen,86270NED,"Nabijheid voorzieningen; afstand locatie, wijk- en buurtcijfers 2025",AfstandTotSchool_72,Onderwijs > Voortgezet onderwijs > Havo/vwo,Afstand tot school,"De gemiddelde afstand van alle inwoners in een gebied tot de dichtstbijzijnde school, berekend over de weg.",km,1,2025,CBS.,buurt/wijk/gemeente,0,0
CBS Nabijheid voorzieningen,86270NED,"Nabijheid voorzieningen; afstand locatie, wijk- en buurtcijfers 2025",Binnen3Km_73,Onderwijs > Voortgezet onderwijs > Havo/vwo > Aantal scholen,Binnen 3 km,,aantal,1,2025,CBS.,buurt/wijk/gemeente,0,0
CBS Nabijheid voorzieningen,86270NED,"Nabijheid voorzieningen; afstand locatie, wijk- en buurtcijfers 2025",Binnen5Km_74,Onderwijs > Voortgezet onderwijs > Havo/vwo > Aantal scholen,Binnen 5 km,,aantal,1,2025,CBS.,buurt/wijk/gemeente,0,0
CBS Nabijheid voorzieningen,86270NED,"Nabijheid voorzieningen; afstand locatie, wijk- en buurtcijfers 2025",Binnen10Km_75,Onderwijs > Voortgezet onderwijs > Havo/vwo > Aantal scholen,Binnen 10 km,,aantal,1,2025,CBS.,buurt/wijk/gemeente,0,0
CBS Nabijheid voorzieningen,86270NED,"Nabijheid voorzieningen; afstand locatie, wijk- en buurtcijfers 2025",AfstandTotOpenbaarGroenTotaal_76,Groenvoorzieningen > Openbaar groen,Afstand tot openbaar groen totaal,"De gemiddelde afstand van alle inwoners in een gebied tot het dichtstbijzijnde openbaar groen, berekend over de weg.",km,1,2025,CBS.,buurt/wijk/gemeente,0,0
CBS Nabijheid voorzieningen,86270NED,"Nabijheid voorzieningen; afstand locatie, wijk- en buurtcijfers 2025",AfstandTotParkOfPlantsoen_77,Groenvoorzieningen > Openbaar groen,Afstand tot park of plantsoen,"Terrein in gebruik voor ontspanning zoals ligweiden, heesterbeplantingen, beboste delen van parken en forse groenstroken.

De gemiddelde afstand van alle inwoners in een gebied tot het dichtstbijzijnde park of plantsoen, berekend over de weg.
",km,1,2025,CBS.,buurt/wijk/gemeente,0,0
CBS Nabijheid voorzieningen,86270NED,"Nabijheid voorzieningen; afstand locatie, wijk- en buurtcijfers 2025",AfstandTotDagrecreatiefTerrein_78,Groenvoorzieningen > Openbaar groen,Afstand tot dagrecreatief terrein,"Terrein in gebruik voor dagrecreatie zoals dierentuinen, jachthavens, kinderboerderijen, openluchtmusea, picknickplaatsen en speelweiden (buiten park en plantsoen) en pretparken.

De gemiddelde afstand van alle inwoners in een gebied tot het dichtstbijzijnde dagrecreatief terrein, berekend over de weg.
",km,1,2025,CBS.,buurt/wijk/gemeente,0,0
CBS Nabijheid voorzieningen,86270NED,"Nabijheid voorzieningen; afstand locatie, wijk- en buurtcijfers 2025",AfstandTotBos_79,Groenvoorzieningen > Openbaar groen,Afstand tot bos,"Terrein begroeid met bomen bestemd voor houtproductie en/of natuurbeheer.

De gemiddelde afstand van alle inwoners in een gebied tot het dichtstbijzijnde bos, berekend over de weg.
",km,1,2025,CBS.,buurt/wijk/gemeente,0,0
CBS Nabijheid voorzieningen,86270NED,"Nabijheid voorzieningen; afstand locatie, wijk- en buurtcijfers 2025",AfstandTotOpenNatTerreinTotaal_80,Groenvoorzieningen > Openbaar groen > Afstand tot open natuurlijk terrein,Afstand tot open nat. terrein totaal,"De gemiddelde afstand van alle inwoners in een gebied tot het dichtstbijzijnde open natuurlijk terrein, berekend over de weg.",km,1,2025,CBS.,buurt/wijk/gemeente,0,0
CBS Nabijheid voorzieningen,86270NED,"Nabijheid voorzieningen; afstand locatie, wijk- en buurtcijfers 2025",AfstandTotOpenDroogNatTerrein_81,Groenvoorzieningen > Openbaar groen > Afstand tot open natuurlijk terrein,Afstand tot open droog nat. terrein,"Terrein met een droge ondergrond in gebruik als natuur, zoals droge heide, duinen, zandverstuivingen en strand.

De gemiddelde afstand van alle inwoners in een gebied tot het dichtstbijzijnde droog open natuurlijk terrein, berekend over de weg.
",km,1,2025,CBS.,buurt/wijk/gemeente,0,0
CBS Nabijheid voorzieningen,86270NED,"Nabijheid voorzieningen; afstand locatie, wijk- en buurtcijfers 2025",AfstandTotOpenNatNatuurlijkTerrein_82,Groenvoorzieningen > Openbaar groen > Afstand tot open natuurlijk terrein,Afstand tot open nat natuurlijk terrein,"Terrein met een natte ondergrond in gebruik als natuur, zoals natte heide, riet en biezen, kwelders, drooggevallen gronden zonder begroeiing en blauwgrasland.

De gemiddelde afstand van alle inwoners in een gebied tot het dichtstbijzijnde nat open natuurlijk terrein, berekend over de weg.
",km,1,2025,CBS.,buurt/wijk/gemeente,0,0
CBS Nabijheid voorzieningen,86270NED,"Nabijheid voorzieningen; afstand locatie, wijk- en buurtcijfers 2025",AfstandTotSemiOpenbaarGroenTotaal_83,Groenvoorzieningen > Semi-openbaar groen,Afstand tot semi-openbaar groen totaal,"De gemiddelde afstand van alle inwoners in een gebied tot het dichtstbijzijnde semi-openbaar groen, berekend over de weg.",km,1,2025,CBS.,buurt/wijk/gemeente,0,0
CBS Nabijheid voorzieningen,86270NED,"Nabijheid voorzieningen; afstand locatie, wijk- en buurtcijfers 2025",AfstandTotSportterrein_84,Groenvoorzieningen > Semi-openbaar groen,Afstand tot sportterrein,"Terrein in gebruik voor sportactiviteiten, zoals sportveld, sporthal, binnenzwembad, kunstijsbaan, motorcrossbaan en bos in het sportterrein, inclusief bijbehorende parkeerplaatsen en tribunes. Het terrein heeft een omvang van minimaal 0,5 hectare.

De gemiddelde afstand van alle inwoners in een gebied tot het dichtstbijzijnde sportterrein, berekend over de weg.
",km,1,2025,CBS.,buurt/wijk/gemeente,0,0
CBS Nabijheid voorzieningen,86270NED,"Nabijheid voorzieningen; afstand locatie, wijk- en buurtcijfers 2025",AfstandTotVolkstuin_85,Groenvoorzieningen > Semi-openbaar groen,Afstand tot volkstuin,"Terrein voor niet-commerciële sier- en groenteteelt. Het terrein heeft een omvang van minimaal 0,1 hectare.

De gemiddelde afstand van alle inwoners in een gebied tot de dichtstbijzijnde volkstuin, berekend over de weg.
",km,1,2025,CBS.,buurt/wijk/gemeente,0,0
CBS Nabijheid voorzieningen,86270NED,"Nabijheid voorzieningen; afstand locatie, wijk- en buurtcijfers 2025",AfstandTotVerblijfsrecreatiefTerrein_86,Groenvoorzieningen > Semi-openbaar groen,Afstand tot verblijfsrecreatief terrein,"Terrein in gebruik voor een meerdaags recreatief verblijf, zoals camping, bungalowparken, jeugdherbergen en bijbehorende parkeerplaatsen. Het terrein heeft een omvang van minimaal 1 hectare.

De gemiddelde afstand van alle inwoners in een gebied tot het dichtstbijzijnde terrein voor verblijfsrecreatie, berekend over de weg.
",km,1,2025,CBS.,buurt/wijk/gemeente,0,0
CBS Nabijheid voorzieningen,86270NED,"Nabijheid voorzieningen; afstand locatie, wijk- en buurtcijfers 2025",AfstandTotBegraafplaats_87,Groenvoorzieningen > Semi-openbaar groen,Afstand tot begraafplaats,"Terrein in gebruik voor begraven en cremeren, inclusief bijbehorende parkeerplaatsen en parken. Het terrein heeft een omvang van minimaal 0,1 hectare.

De gemiddelde afstand van alle inwoners in een gebied tot de dichtstbijzijnde begraafplaats, berekend over de weg.
",km,1,2025,CBS.,buurt/wijk/gemeente,0,0
CBS Nabijheid voorzieningen,86270NED,"Nabijheid voorzieningen; afstand locatie, wijk- en buurtcijfers 2025",AfstandTotRecreatiefBinnenwater_88,Groenvoorzieningen,Afstand tot recreatief binnenwater,"Binnenwater in gebruik voor recreatie, zoals recreatieplassen, water in park en plantsoen, golfterrein, jachthavens en roeibanen. Het terrein heeft een omvang van minimaal 1 hectare. Alleen voor jachthavens geldt een ondergrens van 0,5 hectare voor het watergedeelte.

De gemiddelde afstand van alle inwoners in een gebied tot het dichtstbijzijnde recreatief binnenwater, berekend over de weg.
",km,1,2025,CBS.,buurt/wijk/gemeente,0,0
CBS Nabijheid voorzieningen,86270NED,"Nabijheid voorzieningen; afstand locatie, wijk- en buurtcijfers 2025",AfstandTotOpritHoofdverkeersweg_89,Verkeer en vervoer,Afstand tot oprit hoofdverkeersweg,"Toegang tot een rijks- of provinciale weg.
Als uitgangspunt voor de opritten is het Nationale Wegenbestand (een product van Adviesdienst Verkeer en Vervoer van het Ministerie van Infrastructuur en Milieu) gebruikt.

De gemiddelde afstand van alle inwoners in een gebied tot de dichtstbijzijnde oprit van een rijks- of provinciale weg, berekend over de weg.
",km,1,2025,CBS.,buurt/wijk/gemeente,17677,586
CBS Nabijheid voorzieningen,86270NED,"Nabijheid voorzieningen; afstand locatie, wijk- en buurtcijfers 2025",AfstandTotTreinstationsTotaal_90,Verkeer en vervoer > Treinstations,Afstand tot treinstations totaal,"De gemiddelde afstand van alle inwoners in een gebied tot het dichtstbijzijnde treinstation, berekend over de weg.",km,1,2025,CBS.,buurt/wijk/gemeente,17677,586
CBS Nabijheid voorzieningen,86270NED,"Nabijheid voorzieningen; afstand locatie, wijk- en buurtcijfers 2025",AfstandTotBelangrijkOverstapstation_91,Verkeer en vervoer > Treinstations,Afstand tot belangrijk overstapstation,"Treinstations van grote omvang of met belangrijke overstapmogelijkheden.

De gemiddelde afstand van alle inwoners in een gebied tot het dichtstbijzijnde belangrijke overstapstation, berekend over de weg.
",km,1,2025,CBS.,buurt/wijk/gemeente,17677,586
CBS Nabijheid voorzieningen,86270NED,"Nabijheid voorzieningen; afstand locatie, wijk- en buurtcijfers 2025",AfstandTotBibliotheek_92,Vrije tijd en cultuur,Afstand tot bibliotheek,"De gemiddelde afstand van alle inwoners in een gebied tot de dichtstbijzijnde bibliotheek, berekend over de weg.

Bibliotheken, hun vestigingen en servicepunten. De miniservicepunten, zelfbedieningsbibliotheken en de bibliobussen zijn niet opgenomen.

Een vestiging voldoet aan de volgende criteria: minimaal 15 uur per week open, digitale toegang tot de gehele collectie en activiteitenaanbod, vraagbemiddeling, culturele/literaire activiteiten, aanbod voor scholieren/instellingen passend bij de keuzes die gemaakt zijn in het spreidings- en- marketingbeleid en studiemogelijkheden.

Een servicepunt biedt minimaal het volgende dienstverleningsniveau: is minimaal 4 uur per week open, biedt digitale toegang tot het totale activiteitenaanbod en voorziet in vraagbemiddeling (zowel persoonlijk als via internet).
",km,1,2025,CBS.,buurt/wijk/gemeente,17677,586
CBS Nabijheid voorzieningen,86270NED,"Nabijheid voorzieningen; afstand locatie, wijk- en buurtcijfers 2025",AfstandTotBinnenzwembad_93,Vrije tijd en cultuur > Sport,Afstand tot binnenzwembad,"De gemiddelde afstand van alle inwoners in een gebied tot het dichtstbijzijnde binnenzwembad, berekend over de weg.",km,1,2025,CBS.,buurt/wijk/gemeente,17677,586
CBS Nabijheid voorzieningen,86270NED,"Nabijheid voorzieningen; afstand locatie, wijk- en buurtcijfers 2025",AfstandTotKunstijsbaan_94,Vrije tijd en cultuur > Sport,Afstand tot kunstijsbaan,"Schaatsbaan van kunstijs die tijdens het winterseizoen toegankelijk is.

De gemiddelde afstand van alle inwoners in een gebied tot de dichtstbijzijnde kunstijsbaan, berekend over de weg.
",km,1,2025,CBS.,buurt/wijk/gemeente,17677,586
CBS Nabijheid voorzieningen,86270NED,"Nabijheid voorzieningen; afstand locatie, wijk- en buurtcijfers 2025",AfstandTotMuseum_95,Vrije tijd en cultuur > Museum,Afstand tot museum,"De gemiddelde afstand van alle inwoners in een gebied tot het dichtstbijzijnde museum, berekend over de weg.",km,1,2025,CBS.,buurt/wijk/gemeente,0,0
CBS Nabijheid voorzieningen,86270NED,"Nabijheid voorzieningen; afstand locatie, wijk- en buurtcijfers 2025",Binnen5Km_96,Vrije tijd en cultuur > Museum > Aantal musea,Binnen 5 km,,aantal,1,2025,CBS.,buurt/wijk/gemeente,0,0
CBS Nabijheid voorzieningen,86270NED,"Nabijheid voorzieningen; afstand locatie, wijk- en buurtcijfers 2025",Binnen10Km_97,Vrije tijd en cultuur > Museum > Aantal musea,Binnen 10 km,,aantal,1,2025,CBS.,buurt/wijk/gemeente,0,0
CBS Nabijheid voorzieningen,86270NED,"Nabijheid voorzieningen; afstand locatie, wijk- en buurtcijfers 2025",Binnen20Km_98,Vrije tijd en cultuur > Museum > Aantal musea,Binnen 20 km,,aantal,1,2025,CBS.,buurt/wijk/gemeente,0,0
CBS Nabijheid voorzieningen,86270NED,"Nabijheid voorzieningen; afstand locatie, wijk- en buurtcijfers 2025",AfstandTotPodiumkunstenTotaal_99,Vrije tijd en cultuur > Podiumkunsten (excl. festivals),Afstand tot podiumkunsten totaal,"De gemiddelde afstand van alle inwoners in een gebied tot de dichtstbijzijnde locatie van podiumkunst, berekend over de weg.",km,1,2025,CBS.,buurt/wijk/gemeente,0,0
CBS Nabijheid voorzieningen,86270NED,"Nabijheid voorzieningen; afstand locatie, wijk- en buurtcijfers 2025",Binnen5Km_100,Vrije tijd en cultuur > Podiumkunsten (excl. festivals) > Aantal podiumkunsten totaal,Binnen 5 km,,aantal,1,2025,CBS.,buurt/wijk/gemeente,0,0
CBS Nabijheid voorzieningen,86270NED,"Nabijheid voorzieningen; afstand locatie, wijk- en buurtcijfers 2025",Binnen10Km_101,Vrije tijd en cultuur > Podiumkunsten (excl. festivals) > Aantal podiumkunsten totaal,Binnen 10 km,,aantal,1,2025,CBS.,buurt/wijk/gemeente,0,0
CBS Nabijheid voorzieningen,86270NED,"Nabijheid voorzieningen; afstand locatie, wijk- en buurtcijfers 2025",Binnen20Km_102,Vrije tijd en cultuur > Podiumkunsten (excl. festivals) > Aantal podiumkunsten totaal,Binnen 20 km,,aantal,1,2025,CBS.,buurt/wijk/gemeente,0,0
CBS Nabijheid voorzieningen,86270NED,"Nabijheid voorzieningen; afstand locatie, wijk- en buurtcijfers 2025",AfstandTotPoppodium_103,Vrije tijd en cultuur > Podiumkunsten (excl. festivals),Afstand tot poppodium,"De gemiddelde afstand van alle inwoners in een gebied tot het dichtstbijzijnde poppodium, berekend over de weg.",km,1,2025,CBS.,buurt/wijk/gemeente,0,0
CBS Nabijheid voorzieningen,86270NED,"Nabijheid voorzieningen; afstand locatie, wijk- en buurtcijfers 2025",AfstandTotBioscoop_104,Vrije tijd en cultuur > Bioscoop,Afstand tot bioscoop,"‘Reguliere’ theaters en gemeenschapshuizen, enz., die films vertonen, worden pas als bioscopen meegeteld, als het vertonen van films plaatsvindt tijdens het meerderheid van de openingstijden.",km,1,2025,CBS.,buurt/wijk/gemeente,17677,586
CBS Nabijheid voorzieningen,86270NED,"Nabijheid voorzieningen; afstand locatie, wijk- en buurtcijfers 2025",Binnen5Km_105,Vrije tijd en cultuur > Bioscoop > Aantal bioscopen,Binnen 5 km,,aantal,1,2025,CBS.,buurt/wijk/gemeente,17677,586
CBS Nabijheid voorzieningen,86270NED,"Nabijheid voorzieningen; afstand locatie, wijk- en buurtcijfers 2025",Binnen10Km_106,Vrije tijd en cultuur > Bioscoop > Aantal bioscopen,Binnen 10 km,,aantal,1,2025,CBS.,buurt/wijk/gemeente,17677,586
CBS Nabijheid voorzieningen,86270NED,"Nabijheid voorzieningen; afstand locatie, wijk- en buurtcijfers 2025",Binnen20Km_107,Vrije tijd en cultuur > Bioscoop > Aantal bioscopen,Binnen 20 km,,aantal,1,2025,CBS.,buurt/wijk/gemeente,17677,586
CBS Nabijheid voorzieningen,86270NED,"Nabijheid voorzieningen; afstand locatie, wijk- en buurtcijfers 2025",AfstandTotSauna_108,Vrije tijd en cultuur > Recreatie,Afstand tot sauna,"De gemiddelde afstand van alle inwoners in een gebied tot de dichtstbijzijnde sauna, berekend over de weg.",km,1,2025,CBS.,buurt/wijk/gemeente,17677,586
CBS Nabijheid voorzieningen,86270NED,"Nabijheid voorzieningen; afstand locatie, wijk- en buurtcijfers 2025",AfstandTotZonnebank_109,Vrije tijd en cultuur > Recreatie,Afstand tot zonnebank,"De gemiddelde afstand van alle inwoners in een gebied tot de dichtstbijzijnde zonnebank, berekend over de weg.",km,1,2025,CBS.,buurt/wijk/gemeente,17677,586
CBS Nabijheid voorzieningen,86270NED,"Nabijheid voorzieningen; afstand locatie, wijk- en buurtcijfers 2025",AfstandTotAttractie_110,Vrije tijd en cultuur > Recreatie,Afstand tot attractie,"Pretpark, dierentuin en binnenspeeltuin.

De gemiddelde afstand van alle inwoners in een gebied tot de dichtstbijzijnde attractie, berekend over de weg.
",km,1,2025,CBS.,buurt/wijk/gemeente,17677,586
CBS Nabijheid voorzieningen,86270NED,"Nabijheid voorzieningen; afstand locatie, wijk- en buurtcijfers 2025",Binnen10Km_111,Vrije tijd en cultuur > Recreatie > Aantal attracties,Binnen 10 km,,aantal,1,2025,CBS.,buurt/wijk/gemeente,17677,586
CBS Nabijheid voorzieningen,86270NED,"Nabijheid voorzieningen; afstand locatie, wijk- en buurtcijfers 2025",Binnen20Km_112,Vrije tijd en cultuur > Recreatie > Aantal attracties,Binnen 20 km,,aantal,1,2025,CBS.,buurt/wijk/gemeente,17677,586
CBS Nabijheid voorzieningen,86270NED,"Nabijheid voorzieningen; afstand locatie, wijk- en buurtcijfers 2025",Binnen50Km_113,Vrije tijd en cultuur > Recreatie > Aantal attracties,Binnen 50 km,,aantal,1,2025,CBS.,buurt/wijk/gemeente,17677,586
CBS Nabijheid voorzieningen,86270NED,"Nabijheid voorzieningen; afstand locatie, wijk- en buurtcijfers 2025",AfstandTotBrandweerkazerne_114,,Afstand tot brandweerkazerne,"Brandweerkazerne, exclusief locaties van blusboten.

De gemiddelde afstand van alle inwoners in een gebied tot de dichtstbijzijnde brandweerkazerne, berekend over de weg.
",km,1,2025,CBS.,buurt/wijk/gemeente,17677,586
CBS Sociaal domein,85994NED,"Gebruik voorzieningen sociaal domein; aantal voorzieningen, wijken, 2024",Gemeentenaam_1,Regioaanduiding,Gemeentenaam,,naam,0,2024,CBS.,wijk/gemeente,209160,6216
CBS Sociaal domein,85994NED,"Gebruik voorzieningen sociaal domein; aantal voorzieningen, wijken, 2024",SoortRegio_2,Regioaanduiding,Soort regio,,omschrijving,0,2024,CBS.,wijk/gemeente,209160,6216
CBS Sociaal domein,85994NED,"Gebruik voorzieningen sociaal domein; aantal voorzieningen, wijken, 2024",Codering_3,Regioaanduiding,Codering,,code,0,2024,CBS.,wijk/gemeente,209160,6216
CBS Sociaal domein,85994NED,"Gebruik voorzieningen sociaal domein; aantal voorzieningen, wijken, 2024",IndelingswijzigingWijken_4,Regioaanduiding,Indelingswijziging wijken,"Deze indicator geeft per wijk aan of de cijfers uit deze tabel zonder problemen kunnen worden gekoppeld aan en vergeleken met de cijfers van een jaar eerder, of dat er wijzigingen in de Wijkindeling zijn waardoor dit niet kan. Detailinformatie over wijzigingen in de Wijkindeling kan worden verkregen door de wijkkaart van twee opeenvolgende jaren met elkaar te vergelijken.

De indicator kent drie mogelijke waarden:
1: De codering en afbakening van deze wijk is ongewijzigd ten opzichte van het voorgaande jaar. Het is wel mogelijk dat een naamswijziging heeft plaatsgevonden. De cijfers kunnen worden gekoppeld en vergeleken met die van het voorgaande jaar.
2: De codering van de wijk is veranderd ten opzichte van het voorgaande jaar. De afbakening is ongewijzigd. Om te kunnen koppelen met cijfers van het voorgaande jaar zal eerst moeten worden achterhaald wat de codering van het voorgaande jaar was. Is de koppeling eenmaal geslaagd dan kunnen de cijfers alsnog met elkaar worden vergeleken.
3: De afbakening van de wijk is veranderd ten opzichte van het voorgaande jaar. Dit kan gepaard zijn gegaan met een gewijzigde codering. De cijfers kunnen niet zonder meer worden vergeleken met die van het voorgaande jaar. Verschillen kunnen immers samenhangen met de verandering in de afbakening van de wijk.

Voor een wijk wordt alleen een wijziging in de afbakening geconstateerd wanneer een grens circa 5 meter of meer is verlegd. Kleinere grenswijzigingen worden niet als significant beschouwd.
",code,0,2024,CBS.,wijk/gemeente,203784,6216
CBS Sociaal domein,85994NED,"Gebruik voorzieningen sociaal domein; aantal voorzieningen, wijken, 2024",ClientenMetVoorzieningen_5,Sociaal domein cliënten/huishoudens,Cliënten met voorzieningen,"Aantal personen dat gebruik heeft gemaakt van maatwerkvoorzieningen in het kader van het sociaal domein. 
Hiertoe behoren de volgende voorzieningen:
   - maatwerkvoorzieningen die vallen onder Wmo2015 (Wet maatschappelijke ondersteuning),
   - maatwerkvoorzieningen die vallen onder de Jeugdwet (jeugdhulp, jeugdbescherming en/of jeugdreclassering),
   - maatwerkvoorzieningen die vallen onder de Participatiewet 2015 (zowel re-integratievoorzieningen als bijstandsuitkeringen).
",aantal,0,2024,CBS.,wijk/gemeente,64693,2646
CBS Sociaal domein,85994NED,"Gebruik voorzieningen sociaal domein; aantal voorzieningen, wijken, 2024",HuishoudensMetVoorzieningen_6,Sociaal domein cliënten/huishoudens,Huishoudens met voorzieningen,"Aantal huishoudens dat gebruik heeft gemaakt van maatwerkvoorzieningen in het kader van het sociaal domein. 
Hiertoe behoren de volgende voorzieningen:
   - maatwerkvoorzieningen die vallen onder Wmo2015 (Wet maatschappelijke ondersteuning),
   - maatwerkvoorzieningen die vallen onder de Jeugdwet (jeugdhulp, jeugdbescherming en/of jeugdreclassering),
   - maatwerkvoorzieningen die vallen onder de Participatiewet 2015 (zowel re-integratievoorzieningen als bijstandsuitkeringen).
",aantal,0,2024,CBS.,wijk/gemeente,72688,3057
CBS Sociaal domein,85994NED,"Gebruik voorzieningen sociaal domein; aantal voorzieningen, wijken, 2024",ClientenMetVoorzieningen_7,Sociaal domein cliënten/huish (0/00),Cliënten met voorzieningen,"Aantal personen dat gebruik heeft gemaakt van maatwerkvoorzieningen in het kader van het sociaal domein, per 1 000 inwoners. 
Hiertoe behoren de volgende voorzieningen:
   - maatwerkvoorzieningen die vallen onder Wmo2015 (Wet maatschappelijke ondersteuning),
   - maatwerkvoorzieningen die vallen onder de Jeugdwet (jeugdhulp, jeugdbescherming en/of jeugdreclassering),
   - maatwerkvoorzieningen die vallen onder de Participatiewet 2015 (zowel re-integratievoorzieningen als bijstandsuitkeringen).",per 1 000 inwoners,0,2024,CBS.,wijk/gemeente,64693,2646
CBS Sociaal domein,85994NED,"Gebruik voorzieningen sociaal domein; aantal voorzieningen, wijken, 2024",HuishoudensMetVoorzieningen_8,Sociaal domein cliënten/huish (0/00),Huishoudens met voorzieningen,"Aantal huishoudens dat gebruik heeft gemaakt van maatwerkvoorzieningen in het kader van het sociaal domein, per 1 000 huishoudens.
Hiertoe behoren de volgende voorzieningen:
   - maatwerkvoorzieningen die vallen onder Wmo2015 (Wet maatschappelijke ondersteuning),
   - maatwerkvoorzieningen die vallen onder de Jeugdwet (jeugdhulp, jeugdbescherming en/of jeugdreclassering),
   - maatwerkvoorzieningen die vallen onder de Participatiewet 2015 (zowel re-integratievoorzieningen als bijstandsuitkeringen).
",per 1 000 huishoudens,0,2024,CBS.,wijk/gemeente,72688,3057
CBS Wmo naar type,86158NED,"Wmo-cliënten; type maatwerkvoorziening, wijken, 2025",Gemeentenaam_1,Regioaanduiding,Gemeentenaam,,naam,0,2025,CBS.,wijk/gemeente,26355,777
CBS Wmo naar type,86158NED,"Wmo-cliënten; type maatwerkvoorziening, wijken, 2025",SoortRegio_2,Regioaanduiding,Soort regio,,omschrijving,0,2025,CBS.,wijk/gemeente,26355,777
CBS Wmo naar type,86158NED,"Wmo-cliënten; type maatwerkvoorziening, wijken, 2025",Codering_3,Regioaanduiding,Codering,,code,0,2025,CBS.,wijk/gemeente,26355,777
CBS Wmo naar type,86158NED,"Wmo-cliënten; type maatwerkvoorziening, wijken, 2025",IndelingswijzigingWijken_4,Regioaanduiding,Indelingswijziging wijken,"Deze indicator geeft per wijk aan of de cijfers uit deze tabel zonder problemen kunnen worden gekoppeld aan en vergeleken met de cijfers van een jaar eerder, of dat er wijzigingen in de Wijkindeling zijn waardoor dit niet kan. Detailinformatie over wijzigingen in de Wijkindeling kan worden verkregen door de wijkkaart van twee opeenvolgende jaren met elkaar te vergelijken.

De indicator kent drie mogelijke waarden:
1: De codering en afbakening van deze wijk is ongewijzigd ten opzichte van het voorgaande jaar. Het is wel mogelijk dat een naamswijziging heeft plaatsgevonden. De cijfers kunnen worden gekoppeld en vergeleken met die van het voorgaande jaar.
2: De codering van de wijk is veranderd ten opzichte van het voorgaande jaar. De afbakening is ongewijzigd. Om te kunnen koppelen met cijfers van het voorgaande jaar zal eerst moeten worden achterhaald wat de codering van het voorgaande jaar was. Is de koppeling eenmaal geslaagd dan kunnen de cijfers alsnog met elkaar worden vergeleken.
3: De afbakening van de wijk is veranderd ten opzichte van het voorgaande jaar. Dit kan gepaard zijn gegaan met een gewijzigde codering. De cijfers kunnen niet zonder meer worden vergeleken met die van het voorgaande jaar. Verschillen kunnen immers samenhangen met de verandering in de afbakening van de wijk.

Voor een wijk wordt alleen een wijziging in de afbakening geconstateerd wanneer een grens circa 5 meter of meer is verlegd. Kleinere grenswijzigingen worden niet als significant beschouwd.
",code,0,2025,CBS.,wijk/gemeente,26131,777
CBS Wmo naar type,86158NED,"Wmo-cliënten; type maatwerkvoorziening, wijken, 2025",WmoClienten_5,,Wmo-cliënten,"Aantal personen dat ten minste één maatwerkvoorziening in het kader van de Wet maatschappelijke ondersteuning (Wmo) heeft gehad.

",aantal,0,2025,CBS.,wijk/gemeente,17762,624
CBS Wmo naar type,86158NED,"Wmo-cliënten; type maatwerkvoorziening, wijken, 2025",WmoClientenPer1000Inwoners_6,,Wmo-cliënten per 1 000 inwoners,"Aantal personen dat ten minste één maatwerkvoorziening in het kader van de Wet maatschappelijke ondersteuning (Wmo) heeft gehad, uitgedrukt per 1 000 inwoners.

",per 1 000 inwoners,0,2025,CBS.,wijk/gemeente,17762,624
CBS Jeugdzorg wijken,86204NED,"Jongeren met jeugdzorg en jeugdzorgtrajecten in natura; wijken, 2025",TotaalJongerenMetJeugdzorgInNatura_1,Jongeren met jeugdzorg in natura,Totaal jongeren met jeugdzorg in natura,"Personen tot 18 jaar die op enig moment in de verslagperiode gebruik gemaakt hebben van jeugdhulp in natura (dus zonder PGB), jeugdbescherming of jeugdreclassering. In uitzonderlijke gevallen wordt de hulp of zorg voortgezet tot de leeftijd van 23 jaar. 



Zorg in Natura wordt direct vergoed  aan de zorgverlener zonder tussenkomst van de zorggebruiker. In het kader van de jeugdzorg betekent dit dat de hulp rechtstreeks door de gemeente wordt vergoed.



Persoonsgebonden budget (PGB)is een geldbedrag waarmee de zorggebruiker zelf zorg, begeleiding, hulp, hulpmiddelen of voorzieningen in kan kopen. Deze wordt verstrekt via de Sociale verzekeringsbank (SVB) maar is ook afkomstig van de gemeente.
",aantal,0,2025,CBS.,wijk/gemeente,13347,467
CBS Jeugdzorg wijken,86204NED,"Jongeren met jeugdzorg en jeugdzorgtrajecten in natura; wijken, 2025",k_0Tot4Jaar_2,Jongeren met jeugdzorg in natura > Leeftijd,0 tot 4 jaar,,aantal,0,2025,CBS.,wijk/gemeente,4471,225
CBS Jeugdzorg wijken,86204NED,"Jongeren met jeugdzorg en jeugdzorgtrajecten in natura; wijken, 2025",k_4Tot12Jaar_3,Jongeren met jeugdzorg in natura > Leeftijd,4 tot 12 jaar,,aantal,0,2025,CBS.,wijk/gemeente,10453,343
CBS Jeugdzorg wijken,86204NED,"Jongeren met jeugdzorg en jeugdzorgtrajecten in natura; wijken, 2025",k_12Tot18Jaar_4,Jongeren met jeugdzorg in natura > Leeftijd,12 tot 18 jaar,,aantal,0,2025,CBS.,wijk/gemeente,10854,393
CBS Jeugdzorg wijken,86204NED,"Jongeren met jeugdzorg en jeugdzorgtrajecten in natura; wijken, 2025",k_18Tot23Jaar_5,Jongeren met jeugdzorg in natura > Leeftijd,18 tot 23 jaar,,aantal,0,2025,CBS.,wijk/gemeente,2449,102
CBS Jeugdzorg wijken,86204NED,"Jongeren met jeugdzorg en jeugdzorgtrajecten in natura; wijken, 2025",ThuiswonendKindInEenouderhuishouden_6,Jongeren met jeugdzorg in natura > Samenstelling huishouden bij hulpvraag,Thuiswonend kind in eenouderhuishouden,"Thuiswonend kind in een eenouderhuishouden.

Thuiswonend kind:
Persoon ongeacht leeftijd of burgerlijke staat die een kind-ouderrelatie heeft met één of twee tot het huishouden behorende ouders.
Adoptie- en stiefkinderen in het huishouden worden wel gezien als thuiswonende kinderen, maar pleegkinderen niet.

Eenouderhuishouden:
Particulier huishouden bestaande uit één ouder met één of meer thuiswonende kinderen.",aantal,0,2025,CBS.,wijk/gemeente,8787,355
CBS Jeugdzorg wijken,86204NED,"Jongeren met jeugdzorg en jeugdzorgtrajecten in natura; wijken, 2025",ThuiswonendKindBijEenPaar_7,Jongeren met jeugdzorg in natura > Samenstelling huishouden bij hulpvraag,Thuiswonend kind bij een paar,"Thuiswonend kind bij een paar

Thuiswonend kind:
Persoon ongeacht leeftijd of burgerlijke staat die een kind-ouderrelatie heeft met één of twee tot het huishouden behorende ouders.
Adoptie- en stiefkinderen in het huishouden worden wel gezien als thuiswonende kinderen, maar pleegkinderen niet.

Paar:
Twee op basis van huwelijk, partnerschapsregistratie of samenwoonrelatie bij elkaar behorende personen.",aantal,0,2025,CBS.,wijk/gemeente,10456,327
CBS Jeugdzorg wijken,86204NED,"Jongeren met jeugdzorg en jeugdzorgtrajecten in natura; wijken, 2025",AnderHuishouden_8,Jongeren met jeugdzorg in natura > Samenstelling huishouden bij hulpvraag,Ander huishouden,"Ander huishouden

De jongere bevond zich bij aanvang van het jeugdzorgtraject niet in een huishouden bestaande uit een alleenstaande ouder of een paar.

Te denken valt hierbij bijvoorbeeld aan een kostganger die bij een gezin inwoont, een persoon die samen met een broer of zus één huishouden vormt, of een pleegkind. Of de jongere woonde mogelijk zelfstandig of in een instelling.",aantal,0,2025,CBS.,wijk/gemeente,5729,223
CBS Jeugdzorg wijken,86204NED,"Jongeren met jeugdzorg en jeugdzorgtrajecten in natura; wijken, 2025",TotaalTrajectenInNatura_9,Jeugdzorgtrajecten in natura,Totaal trajecten in natura,"Een jeugdzorgtraject in natura is een periode waarin een bepaalde vorm van hulp of zorg wordt verleend exclusief PGB gefinancierde jeugdzorg. Wanneer een jongere meerdere vormen van hulp of zorg ontvangt heeft deze ook meerdere trajecten.



Zorg in Natura wordt direct vergoed  aan de zorgverlener zonder tussenkomst van de zorggebruiker. In het kader van de jeugdzorg betekent dit dat de hulp rechtstreeks door de gemeente wordt vergoed.



Persoonsgebonden budget (PGB) is een geldbedrag waarmee de zorggebruiker zelf zorg, begeleiding, hulp, hulpmiddelen of voorzieningen in kan kopen. Deze wordt verstrekt via de Sociale verzekeringsbank (SVB) maar is ook afkomstig van de gemeente.
",aantal,0,2025,CBS.,wijk/gemeente,13586,490
CBS Jeugdzorg wijken,86204NED,"Jongeren met jeugdzorg en jeugdzorgtrajecten in natura; wijken, 2025",GemeentelijkeToegang_10,Jeugdzorgtrajecten in natura > Verwijzer,Gemeentelijke toegang,De jongere is door de gemeente of een gemeentelijke organisatie aangemeld bij een jeugdhulpaanbieder.,aantal,0,2025,CBS.,wijk/gemeente,9974,317
CBS Jeugdzorg wijken,86204NED,"Jongeren met jeugdzorg en jeugdzorgtrajecten in natura; wijken, 2025",Huisarts_11,Jeugdzorgtrajecten in natura > Verwijzer,Huisarts,,aantal,0,2025,CBS.,wijk/gemeente,8995,313
CBS Jeugdzorg wijken,86204NED,"Jongeren met jeugdzorg en jeugdzorgtrajecten in natura; wijken, 2025",Jeugdarts_12,Jeugdzorgtrajecten in natura > Verwijzer,Jeugdarts,,aantal,0,2025,CBS.,wijk/gemeente,3376,3
CBS Jeugdzorg wijken,86204NED,"Jongeren met jeugdzorg en jeugdzorgtrajecten in natura; wijken, 2025",GecertificeerdeInstelling_13,Jeugdzorgtrajecten in natura > Verwijzer,Gecertificeerde instelling,"Gecertificeerde instellingen zijn organisaties die, conform de Jeugdwet, maatregelen van jeugdbescherming en jeugdreclassering uitvoeren. Deze instellingen moeten in het bezit zijn van een certificaat. Daarvoor moeten zij aan een aantal eisen voldoen gericht op het borgen van de kwaliteit van de uitvoering van de jeugdbescherming en jeugdreclassering. 
 
In de praktijk gaat het hier om een gedeelte van de voormalige Bureaus Jeugdzorg (het deel dat betrekking had op de uitvoering van de jeugdbescherming en de jeugdreclassering) en een aantal landelijk werkende gespecialiseerde instellingen (zoals de William Schrikker Groep en het Leger des Heils).",aantal,0,2025,CBS.,wijk/gemeente,6147,275
CBS Jeugdzorg wijken,86204NED,"Jongeren met jeugdzorg en jeugdzorgtrajecten in natura; wijken, 2025",MedischSpecialist_14,Jeugdzorgtrajecten in natura > Verwijzer,Medisch specialist,,aantal,0,2025,CBS.,wijk/gemeente,4689,91
CBS Jeugdzorg wijken,86204NED,"Jongeren met jeugdzorg en jeugdzorgtrajecten in natura; wijken, 2025",RechterOfficierVanJustitie_15,Jeugdzorgtrajecten in natura > Verwijzer,"Rechter, Officier van Justitie, ...","Rechter, Officier van Justitie, functionaris Justitiële jeugdinrichting.",aantal,0,2025,CBS.,wijk/gemeente,297,3
CBS Jeugdzorg wijken,86204NED,"Jongeren met jeugdzorg en jeugdzorgtrajecten in natura; wijken, 2025",GeenVerwijzer_16,Jeugdzorgtrajecten in natura > Verwijzer,Geen verwijzer,Alle vrij toegankelijke jeugdhulp. De scheidslijn tussen vrij toegankelijke jeugdhulp en niet vrij toegankelijke jeugdhulp bepaalt de gemeente en kan daarom in elke gemeente anders zijn.,aantal,0,2025,CBS.,wijk/gemeente,4935,321
CBS Jeugdzorg wijken,86204NED,"Jongeren met jeugdzorg en jeugdzorgtrajecten in natura; wijken, 2025",VerwijzerOnbekend_17,Jeugdzorgtrajecten in natura > Verwijzer,Verwijzer onbekend,Alle niet vrij toegankelijke hulp waarbij onbekend is wie de verwijzer is. Bijvoorbeeld hulp die gestart is voor 1-1-2015.,aantal,0,2025,CBS.,wijk/gemeente,394,12
CBS Jeugdzorg wijken,86204NED,"Jongeren met jeugdzorg en jeugdzorgtrajecten in natura; wijken, 2025",Gemeentenaam_18,Regioaanduiding,Gemeentenaam,De naam van de bestuurlijke gemeente. Deze naam volgt de officiële schrijfwijze.,naam,0,2025,CBS.,wijk/gemeente,22596,666
CBS Jeugdzorg wijken,86204NED,"Jongeren met jeugdzorg en jeugdzorgtrajecten in natura; wijken, 2025",SoortRegio_19,Regioaanduiding,Soort regio,"De gekozen regioaanduiding betreft: Gemeente, Wijk of Buurt.",omschrijving,0,2025,CBS.,wijk/gemeente,22596,666
CBS Jeugdzorg wijken,86204NED,"Jongeren met jeugdzorg en jeugdzorgtrajecten in natura; wijken, 2025",Codering_20,Regioaanduiding,Codering,"Gemeentecode heeft 4 posities, voorafgegaan door ‘GM’.
Wijkcode heeft 6 posities: gemeentecode (4) + wijkcode (2), voorafgegaan door ‘WK’.
Buurtcode heeft 8 posities: gemeentecode (4) + wijkcode (2) + buurtcode (2), voorafgegaan door ‘BU’.
",code,0,2025,CBS.,wijk/gemeente,22596,666
CBS Jeugdzorg wijken,86204NED,"Jongeren met jeugdzorg en jeugdzorgtrajecten in natura; wijken, 2025",IndelingswijzigingWijken_21,Regioaanduiding,Indelingswijziging wijken,"Deze indicator geeft per wijk aan of de cijfers uit deze tabel zonder problemen kunnen worden gekoppeld aan en vergeleken met de cijfers van een jaar eerder, of dat er wijzigingen in de Wijkindeling zijn waardoor dit niet kan. Detailinformatie over wijzigingen in de Wijkindeling kan worden verkregen door de wijkkaart van twee opeenvolgende jaren met elkaar te vergelijken.

De indicator kent drie mogelijke waarden:
1: De codering en afbakening van deze wijk is ongewijzigd ten opzichte van het voorgaande jaar. Het is wel mogelijk dat een naamswijziging heeft plaatsgevonden. De cijfers kunnen worden gekoppeld en vergeleken met die van het voorgaande jaar.
2: De codering van de wijk is veranderd ten opzichte van het voorgaande jaar. De afbakening is ongewijzigd. Om te kunnen koppelen met cijfers van het voorgaande jaar zal eerst moeten worden achterhaald wat de codering van het voorgaande jaar was. Is de koppeling eenmaal geslaagd dan kunnen de cijfers alsnog met elkaar worden vergeleken.
3: De afbakening van de wijk is veranderd ten opzichte van het voorgaande jaar. Dit kan gepaard zijn gegaan met een gewijzigde codering. De cijfers kunnen niet zonder meer worden vergeleken met die van het voorgaande jaar. Verschillen kunnen immers samenhangen met de verandering in de afbakening van de wijk.

Voor een wijk wordt alleen een wijziging in de afbakening geconstateerd wanneer een grens circa 5 meter of meer is verlegd. Kleinere grenswijzigingen worden niet als significant beschouwd.
",code,0,2025,CBS.,wijk/gemeente,22548,666
Amsterdam O&S BBGA,BBGA,Basisbestand Gebieden Amsterdam,LVERBONDBRT_P,Bestuur en organisatie,Participatie: voelt zich verbonden met de buurt (%),Aandeel bewoners van 25 jaar of ouder dat zich verbonden voelt met de buurt.,0 %,,,"Burgermonitor, O&S",Amsterdam: stadsdeel/GGW-gebied/wijk/buurt en overige indelingen,,
Amsterdam O&S BBGA,BBGA,Basisbestand Gebieden Amsterdam,LVERBONDST_P,Bestuur en organisatie,Participatie: voelt zich verbonden met het stadsdeel (%),"Aandeel bewoners van 16 jaar en ouder dat zich verbonden of heel verbonden voelt met het stadsdeel.
Tussen 2021 en 2023 is sprake van een trendbreuk. Dit komt ten eerste omdat bij de laatste meting ook inwoners van Weesp zijn ondervraagd. Ten tweede bestaat de respondentengroep in 2023 uit inwoners van 25 jaar en ouder. Voor inwoners 16 tot en met 24 jaar is een aparte vragenlijst ontwikkelend, die beter bij hun leefwereld aansluit.",0 %,,1 juli,"Burgermonitor, O&S",Amsterdam: stadsdeel/GGW-gebied/wijk/buurt en overige indelingen,,
Amsterdam O&S BBGA,BBGA,Basisbestand Gebieden Amsterdam,BPOLVOLG_P,Bestuur en organisatie,Participatie: volgt lokale politiek (%),"Aandeel bewoners van 18 jaar en ouder dat lokaal politiek nieuws enigszins tot zeer intensief volgt
Er wordt alleen gerapporteerd over gebieden met minstens 50 respondenten.",0 %,,1 juli,"Burgermonitor, O&S",Amsterdam: stadsdeel/GGW-gebied/wijk/buurt en overige indelingen,,
Amsterdam O&S BBGA,BBGA,Basisbestand Gebieden Amsterdam,BPOLPAR_P,Bestuur en organisatie,Participatie: zet zich politiek in (%),"Aandeel bewoners van 16 jaar en ouder dat zich politiek inzet. Denk daarbij bijvoorbeeld aan het tekenen van een petitie, demonstratie of lid worden van een politieke partij.
Tussen 2021 en 2023 is sprake van een trendbreuk. Dit komt ten eerste omdat bij de laatste meting ook inwoners van Weesp zijn ondervraagd. Ten tweede bestaat de respondentengroep in 2023 uit inwoners van 25 jaar en ouder. Voor inwoners 16 tot en met 24 jaar is een aparte vragenlijst ontwikkelend, die beter bij hun leefwereld aansluit. Ook is in 2023 de optie demonstreren toegevoegd.",0 %,,1 juli,"Burgermonitor, O&S",Amsterdam: stadsdeel/GGW-gebied/wijk/buurt en overige indelingen,,
Amsterdam O&S BBGA,BBGA,Basisbestand Gebieden Amsterdam,DSCHRIFT_P,Bestuur en organisatie,Vertrouwen: begrijpt brieven gemeente (%),"Aandeel bewoners van 18 jaar en ouder dat brieven van de gemeente altijd zonder hulp van anderen kan begrijpen
De vragenlijst en de onderzoeksmethode van de Veiligheidsmonitor zijn in 2021 gewijzigd. Sommige indicatoren zijn hierdoor niet beschikbaar voor eerdere jaren. Voor andere indicatoren geldt dat de vergelijking met eerdere jaren voorzichtig gemaakt dient te worden. Er wordt alleen gerapporteerd over gebieden met minstens 50 respondenten.",0 %,,1 juli,"Burgermonitor, O&S",Amsterdam: stadsdeel/GGW-gebied/wijk/buurt en overige indelingen,,
Amsterdam O&S BBGA,BBGA,Basisbestand Gebieden Amsterdam,DPOLITIE_P,Bestuur en organisatie,Vertrouwen: functioneren politie (% tevreden),"Het aandeel 15-plussers dat (zeer) tevreden is over het functioneren van de politie in hun buurt
Er wordt alleen gerapporteerd over gebieden met minstens 50 respondenten.",0 %,,1 september,Veiligheidsmonitor Amsterdam-Amstelland,Amsterdam: stadsdeel/GGW-gebied/wijk/buurt en overige indelingen,,
Amsterdam O&S BBGA,BBGA,Basisbestand Gebieden Amsterdam,BVERTRAMS_5,Bestuur en organisatie,Vertrouwen: heeft vertrouwen in Amsterdamse instituties,"Aan de hand van vragen over 4 insituties, gemeenteraad, burgemeester, wethouders en Amsterdamse ambtenaren, is een schaal opgesteld die het vertrouwen van Amsterdamse in de Amsterdamse instituties beschrijft
Tussen 2021 en 2023 is sprake van een trendbreuk. Dit komt ten eerste omdat bij de laatste meting ook inwoners van Weesp zijn ondervraagd. Ten tweede bestaat de respondentengroep in 2023 uit inwoners van 25 jaar en ouder. Voor inwoners 16 tot en met 24 jaar is een aparte vragenlijst ontwikkelend, die beter bij hun leefwereld aansluit.",0,,1 juli,"Burgermonitor, O&S",Amsterdam: stadsdeel/GGW-gebied/wijk/buurt en overige indelingen,,
Amsterdam O&S BBGA,BBGA,Basisbestand Gebieden Amsterdam,BINVLOED_P,Bestuur en organisatie,Vertrouwen: Politieke invloed (%),"Aandeel bewoners van 18 jaar en ouder dat het (helemaal) eens is met de volgende stelling: Ik heb voldoende invloed op wat er voor de stad wordt besloten. 
Tussen 2021 en 2023 is sprake van een trendbreuk. Dit komt ten eerste omdat bij de laatste meting ook inwoners van Weesp zijn ondervraagd. Ten tweede bestaat de respondentengroep in 2023 uit inwoners van 25 jaar en ouder. Voor inwoners 16 tot en met 24 jaar is een aparte vragenlijst ontwikkelend, die beter bij hun leefwereld aansluit.",0 %,,1 juli,"Burgermonitor, O&S",Amsterdam: stadsdeel/GGW-gebied/wijk/buurt en overige indelingen,,
Amsterdam O&S BBGA,BBGA,Basisbestand Gebieden Amsterdam,BSTEMINT_P,Bestuur en organisatie,Vertrouwen: stemintentie gemeenteraad (%),"Aandeel bewoners van 18 jaar en ouder dat zegt zeker te gaan stemmen als er morgen gemeenteraadsverkiezingen zouden worden gehouden
Tussen 2021 en 2023 is sprake van een trendbreuk. Dit komt ten eerste omdat bij de laatste meting ook inwoners van Weesp zijn ondervraagd. Ten tweede bestaat de respondentengroep in 2023 uit inwoners van 25 jaar en ouder. Voor inwoners 16 tot en met 24 jaar is een aparte vragenlijst ontwikkelend, die beter bij hun leefwereld aansluit. Er wordt alleen gerapporteerd over gebieden met minstens 50 respondenten.",0 %,,1 juli,"Burgermonitor, O&S",Amsterdam: stadsdeel/GGW-gebied/wijk/buurt en overige indelingen,,
Amsterdam O&S BBGA,BBGA,Basisbestand Gebieden Amsterdam,BEVTOTAAL,Bevolking,Bevolking totaal,Personen die op 1 januari zijn opgenomen in het bevolkingsregister van de gemeente Amsterdam (inclusief briefadreshoudenden). Personen die niet legaal in Nederland verblijven worden buiten beschouwing gelaten.,0,,1 januari,"BRP, O&S",Amsterdam: stadsdeel/GGW-gebied/wijk/buurt en overige indelingen,,
Amsterdam O&S BBGA,BBGA,Basisbestand Gebieden Amsterdam,BEVDICHT,Bevolking,Bevolkingsdichtheid,"Aantal bewoners per vierkante kilometer land. De peildatum van het aantal bewoners is 1 januari van het peiljaar, de peildatum van de oppervlakte is 1 januari van het peiljaar.",0 /km2,,1 januari,"BRP, O&S",Amsterdam: stadsdeel/GGW-gebied/wijk/buurt en overige indelingen,,
Amsterdam O&S BBGA,BBGA,Basisbestand Gebieden Amsterdam,BEVGEB,Bevolking,Bevolkingsloop: geboortes,"Aantal bevallingen gedurende het peiljaar, ongeacht de levensvatbaarheid van het kind of de kinderen.
De geboortestatistiek betreft geboorten uit vrouwen die ten tijde van de bevalling in het bevolkingsregister van Amsterdam zijn opgenomen, ongeacht de plaats waar de bevalling heeft plaatsgevonden. Bevallingen in Amsterdam van vrouwen die niet in het gemeentelijk bevolkingsregister zijn opgenomen worden niet meegeteld.",0,,jaarcijfer,"BRP, O&S",Amsterdam: stadsdeel/GGW-gebied/wijk/buurt en overige indelingen,,
Amsterdam O&S BBGA,BBGA,Basisbestand Gebieden Amsterdam,BEVGELIJKINT,Bevolking,Bevolkingsloop: migratie binnen gebied,Aantal personen dat gedurende het jaar verhuisd is binnen  het betreffende gebied,0,,jaarcijfer,"BRP, O&S",Amsterdam: stadsdeel/GGW-gebied/wijk/buurt en overige indelingen,,
Amsterdam O&S BBGA,BBGA,Basisbestand Gebieden Amsterdam,BEVSTERF,Bevolking,Bevolkingsloop: sterfgevallen,"Het aantal personen dat is overleden waarbij een bevoegde arts een overlijdensakte heeft ondertekend. 
Overledenen worden geteld naar de woongemeente en niet naar de gemeente van overlijden. Personen die niet in Amsterdam wonen, maar wel hier overlijden worden niet meegeteld.",0,,jaarcijfer,"BRP, O&S",Amsterdam: stadsdeel/GGW-gebied/wijk/buurt en overige indelingen,,
Amsterdam O&S BBGA,BBGA,Basisbestand Gebieden Amsterdam,BEVVERT,Bevolking,Bevolkingsloop: vertrek extern,Aantal personen dat gedurende het jaar verhuisd is naar een andere gemeente in Nederland of naar het buitenland.,0,,jaarcijfer,"BRP, O&S",Amsterdam: stadsdeel/GGW-gebied/wijk/buurt en overige indelingen,,
Amsterdam O&S BBGA,BBGA,Basisbestand Gebieden Amsterdam,BEVVERTINT,Bevolking,Bevolkingsloop: vertrek intern,Aantal personen dat gedurende het jaar vertrokken is uit het betreffende gebied wegens een verhuizing binnen Amsterdam,0,,jaarcijfer,"BRP, O&S",Amsterdam: stadsdeel/GGW-gebied/wijk/buurt en overige indelingen,,
Amsterdam O&S BBGA,BBGA,Basisbestand Gebieden Amsterdam,BEVVEST,Bevolking,Bevolkingsloop: vestiging extern,Aantal personen dat zich gedurende het jaar gevestigd heeft in Amsterdam vanuit een gemeente buiten Amsterdam,0,,jaarcijfer,"BRP, O&S",Amsterdam: stadsdeel/GGW-gebied/wijk/buurt en overige indelingen,,
Amsterdam O&S BBGA,BBGA,Basisbestand Gebieden Amsterdam,BEVVESTINT,Bevolking,Bevolkingsloop: vestiging intern,Aantal personen dat zich gedurende het jaar gevestigd heeft in het betreffende gebied wegens een verhuizing binnen Amsterdam,0,,jaarcijfer,"BRP, O&S",Amsterdam: stadsdeel/GGW-gebied/wijk/buurt en overige indelingen,,
Amsterdam O&S BBGA,BBGA,Basisbestand Gebieden Amsterdam,BEV_PROG,Bevolking,Bevolkingsprognose,"Prognose uit 2026 voor de omvang van de bevolking op 1 januari.
Het inwonertal in toekomstige jaren wordt berekend aan de hand van verwachte demografische trends, in combinatie met de verwachte omvang van de woningvoorraad.",0,,1 januari,O&S,Amsterdam: stadsdeel/GGW-gebied/wijk/buurt en overige indelingen,,
Amsterdam O&S BBGA,BBGA,Basisbestand Gebieden Amsterdam,BEV0_17_PROG_P,Bevolking,Bevolkingsprognose (0-17 %),"Prognose uit 2026 voor het aandeel 0 tot en met 17-jarigen op 1 januari.
Het inwonertal in toekomstige jaren wordt berekend aan de hand van verwachte demografische trends, in combinatie met de verwachte omvang van de woningvoorraad.",0 %,,1 januari,O&S,Amsterdam: stadsdeel/GGW-gebied/wijk/buurt en overige indelingen,,
Amsterdam O&S BBGA,BBGA,Basisbestand Gebieden Amsterdam,BEV0_17_PROG,Bevolking,Bevolkingsprognose (0-17),"Prognose uit 2026 voor het aantal 0 tot en met 17-jarigen op 1 januari.
Het inwonertal in toekomstige jaren wordt berekend aan de hand van verwachte demografische trends, in combinatie met de verwachte omvang van de woningvoorraad.",0,,1 januari,O&S,Amsterdam: stadsdeel/GGW-gebied/wijk/buurt en overige indelingen,,
Amsterdam O&S BBGA,BBGA,Basisbestand Gebieden Amsterdam,BEV18_64_PROG_P,Bevolking,Bevolkingsprognose (18-64 %),"Prognose uit 2026 voor het aandeel 18 tot en met 64-jarigen op 1 januari.
Het inwonertal in toekomstige jaren wordt berekend aan de hand van verwachte demografische trends, in combinatie met de verwachte omvang van de woningvoorraad.",0 %,,1 januari,O&S,Amsterdam: stadsdeel/GGW-gebied/wijk/buurt en overige indelingen,,
Amsterdam O&S BBGA,BBGA,Basisbestand Gebieden Amsterdam,BEV18_64_PROG,Bevolking,Bevolkingsprognose (18-64),"Prognose uit 2026 voor het aantal 18 tot en met 64-jarigen op 1 januari.
Het inwonertal in toekomstige jaren wordt berekend aan de hand van verwachte demografische trends, in combinatie met de verwachte omvang van de woningvoorraad.",0,,1 januari,O&S,Amsterdam: stadsdeel/GGW-gebied/wijk/buurt en overige indelingen,,
Amsterdam O&S BBGA,BBGA,Basisbestand Gebieden Amsterdam,BEV65PLUS_PROG_P,Bevolking,Bevolkingsprognose (65+ %),"Prognose uit 2026 voor het aandeel 65-plussers op 1 januari.
Het inwonertal in toekomstige jaren wordt berekend aan de hand van verwachte demografische trends, in combinatie met de verwachte omvang van de woningvoorraad.",0 %,,1 januari,O&S,Amsterdam: stadsdeel/GGW-gebied/wijk/buurt en overige indelingen,,
Amsterdam O&S BBGA,BBGA,Basisbestand Gebieden Amsterdam,BEV65PLUS_PROG,Bevolking,Bevolkingsprognose (65+),"Prognose uit 2026 voor het aantal 65-plussers op 1 januari.
Het inwonertal in toekomstige jaren wordt berekend aan de hand van verwachte demografische trends, in combinatie met de verwachte omvang van de woningvoorraad.",0,,1 januari,O&S,Amsterdam: stadsdeel/GGW-gebied/wijk/buurt en overige indelingen,,
Amsterdam O&S BBGA,BBGA,Basisbestand Gebieden Amsterdam,BEV75PLUS_PROG_P,Bevolking,Bevolkingsprognose (75+ %),"Prognose uit 2026 voor het aandeel 75-plussers op 1 januari.
Het inwonertal in toekomstige jaren wordt berekend aan de hand van verwachte demografische trends, in combinatie met de verwachte omvang van de woningvoorraad.",0 %,,1 januari,O&S,Amsterdam: stadsdeel/GGW-gebied/wijk/buurt en overige indelingen,,
Amsterdam O&S BBGA,BBGA,Basisbestand Gebieden Amsterdam,BEV75PLUS_PROG,Bevolking,Bevolkingsprognose (75+),"Prognose uit 2026 voor het aantal 75-plussers op 1 januari.
Het inwonertal in toekomstige jaren wordt berekend aan de hand van verwachte demografische trends, in combinatie met de verwachte omvang van de woningvoorraad.",0,,1 januari,O&S,Amsterdam: stadsdeel/GGW-gebied/wijk/buurt en overige indelingen,,
Amsterdam O&S BBGA,BBGA,Basisbestand Gebieden Amsterdam,BEVINST65PLUS,Bevolking,Bewoners van 65+ in woningen met bedrijfsmatige zorg,"Aantal niet-zelfstandig wonende Amsterdammers van 65 jaar of ouder.
Het gaat om personen in instellingen zoals verpleeg-, verzorgings- en kindertehuizen, gezinsvervangende tehuizen, revalidatiecentra, asielcentra en penitentiaire inrichtingen, die daar in principe voor langere tijd (zullen) verblijven.",0,,1 januari,"BRP, O&S",Amsterdam: stadsdeel/GGW-gebied/wijk/buurt en overige indelingen,,
Amsterdam O&S BBGA,BBGA,Basisbestand Gebieden Amsterdam,BEVINST65PLUS_P,Bevolking,Bewoners van 65+ in woningen met bedrijfsmatige zorg (%),"Aandeel op de totale bevolking van niet-zelfstandig wonende Amsterdammers van 65 jaar of ouder.
Het gaat om personen in instellingen zoals verpleeg-, verzorgings- en kindertehuizen, gezinsvervangende tehuizen, revalidatiecentra, asielcentra en penitentiaire inrichtingen, die daar in principe voor langere tijd (zullen) verblijven.",0 %,,1 januari,"BRP, O&S",Amsterdam: stadsdeel/GGW-gebied/wijk/buurt en overige indelingen,,
Amsterdam O&S BBGA,BBGA,Basisbestand Gebieden Amsterdam,BEVINST,Bevolking,Bewoners van instituten: woningen met bedrijfsmatige zorg,"Aantal niet-zelfstandig wonende Amsterdammers.
Het gaat om personen in instellingen zoals verpleeg-, verzorgings- en kindertehuizen, gezinsvervangende tehuizen, revalidatiecentra, asielcentra en penitentiaire inrichtingen, die daar in principe voor langere tijd (zullen) verblijven.",0,,1 januari,"BRP, O&S",Amsterdam: stadsdeel/GGW-gebied/wijk/buurt en overige indelingen,,
Amsterdam O&S BBGA,BBGA,Basisbestand Gebieden Amsterdam,BEVINST_P,Bevolking,Bewoners van instituten: woningen met bedrijfsmatige zorg (%),"Aandeel niet-zelfstandig wonende Amsterdammers.
Het gaat om personen in instellingen zoals verpleeg-, verzorgings- en kindertehuizen, gezinsvervangende tehuizen, revalidatiecentra, asielcentra en penitentiaire inrichtingen, die daar in principe voor langere tijd (zullen) verblijven.",0 %,,1 januari,"BRP, O&S",Amsterdam: stadsdeel/GGW-gebied/wijk/buurt en overige indelingen,,
Amsterdam O&S BBGA,BBGA,Basisbestand Gebieden Amsterdam,BEV1P75PLUS,Bevolking,Bewoners: alleenwonend 75+,Alleenwonenden van 75 jaar en ouder,0,,1 januari,"BRP, O&S",Amsterdam: stadsdeel/GGW-gebied/wijk/buurt en overige indelingen,,
Amsterdam O&S BBGA,BBGA,Basisbestand Gebieden Amsterdam,BEV1P75PLUS_P,Bevolking,Bewoners: alleenwonend 75+ (%),Aandeel zelfstandig alleenwonenden van 75 jaar en ouder op de totale bevolking.,0 %,,1 januari,"BRP, O&S",Amsterdam: stadsdeel/GGW-gebied/wijk/buurt en overige indelingen,,
Amsterdam O&S BBGA,BBGA,Basisbestand Gebieden Amsterdam,BEVMAN,Bevolking,Geslacht: mannen,Aantal mannen op 1 januari van het peiljaar.,0,,1 januari,"BRP, O&S",Amsterdam: stadsdeel/GGW-gebied/wijk/buurt en overige indelingen,,
Amsterdam O&S BBGA,BBGA,Basisbestand Gebieden Amsterdam,BEVMAN_P,Bevolking,Geslacht: mannen (%),Aandeel mannen in de bevolking op 1 januari van het peiljaar.,0 %,,1 januari,"BRP, O&S",Amsterdam: stadsdeel/GGW-gebied/wijk/buurt en overige indelingen,,
Amsterdam O&S BBGA,BBGA,Basisbestand Gebieden Amsterdam,BEVVROUW,Bevolking,Geslacht: vrouwen,Aantal vrouwen op 1 januari van het peiljaar.,0,,1 januari,"BRP, O&S",Amsterdam: stadsdeel/GGW-gebied/wijk/buurt en overige indelingen,,
Amsterdam O&S BBGA,BBGA,Basisbestand Gebieden Amsterdam,BEVVROUW_P,Bevolking,Geslacht: vrouwen (%),Aandeel vrouwen in de bevolking op 1 januari van het peiljaar.,0 %,,1 januari,"BRP, O&S",Amsterdam: stadsdeel/GGW-gebied/wijk/buurt en overige indelingen,,
Amsterdam O&S BBGA,BBGA,Basisbestand Gebieden Amsterdam,BEVHHHOOFD1866,Bevolking,Hoofdbewoner 18-66 jaar,Aantal huishoudens met een hoofdbewoner tussen de 18 t/m 66 jaar (AOW-leeftijd).,0,,1 januari,"BRP, O&S",Amsterdam: stadsdeel/GGW-gebied/wijk/buurt en overige indelingen,,
Amsterdam O&S BBGA,BBGA,Basisbestand Gebieden Amsterdam,BEVHH1KIND,Bevolking,Huishoudens: 1 kind,Aantal huishoudens met 1 ongehuwd thuiswonend kind.,0,,1 januari,"BRP, O&S",Amsterdam: stadsdeel/GGW-gebied/wijk/buurt en overige indelingen,,
Amsterdam O&S BBGA,BBGA,Basisbestand Gebieden Amsterdam,BEVHH2KIND,Bevolking,Huishoudens: 2 kinderen,Aantal huishoudens met 2 ongehuwde thuiswonende kinderen.,0,,1 januari,"BRP, O&S",Amsterdam: stadsdeel/GGW-gebied/wijk/buurt en overige indelingen,,
Amsterdam O&S BBGA,BBGA,Basisbestand Gebieden Amsterdam,BEVHH3KIND,Bevolking,Huishoudens: 3 kinderen,Aantal huishoudens met 3 ongehuwde thuiswonende kinderen.,0,,1 januari,"BRP, O&S",Amsterdam: stadsdeel/GGW-gebied/wijk/buurt en overige indelingen,,
Amsterdam O&S BBGA,BBGA,Basisbestand Gebieden Amsterdam,BEVHH4PLUSKIND,Bevolking,Huishoudens: 4+ kinderen,Aantal huishoudens met 4 of meer ongehuwde thuiswonende kinderen.,0,,1 januari,"BRP, O&S",Amsterdam: stadsdeel/GGW-gebied/wijk/buurt en overige indelingen,,
Amsterdam O&S BBGA,BBGA,Basisbestand Gebieden Amsterdam,BEVBRIEF,Bevolking,Huishoudens: briefadreshoudenden,"Personen die op 1 januari zijn opgenomen in het bevolkingsregister van de gemeente Amsterdam, maar niet woonachtig zijn op het adres waar zij staan ingeschreven.",0,,1 januari,"BRP, O&S",Amsterdam: stadsdeel/GGW-gebied/wijk/buurt en overige indelingen,,
Amsterdam O&S BBGA,BBGA,Basisbestand Gebieden Amsterdam,BEVEENOUDERHH,Bevolking,Huishoudens: eenoudergezin,Het huishoudentype 'eenoudergezin' wordt bepaald op basis van de relatiecodes tussen bewoners die op de peildatum in de Basisregistraties Adressen en Gebouwen (BAG) zijn geregistreerd binnen een adres. Dit type huishouden bestaat uit een meerderjarige bewoner en een of meerdere ongehuwde bewoners die wettige kind(eren) zijn van de meerderjarige bewoner op dit adres.,0,,1 januari,"BRP, O&S",Amsterdam: stadsdeel/GGW-gebied/wijk/buurt en overige indelingen,,
Amsterdam O&S BBGA,BBGA,Basisbestand Gebieden Amsterdam,BEVEENOUDERHH_P,Bevolking,Huishoudens: eenoudergezin (%),Aandeel huishoudens dat gevormd wordt  door een  meerderjarige bewoner en een of meerdere ongehuwde wettige kind(eren).,0 %,,1 januari,"BRP, O&S",Amsterdam: stadsdeel/GGW-gebied/wijk/buurt en overige indelingen,,
Amsterdam O&S BBGA,BBGA,Basisbestand Gebieden Amsterdam,BEVALLEENHH_P,Bevolking,Huishoudens: eenpersoons (%),"Aandeel huishoudens dat bestaat uit een persoon die alleen een huishouden voert (eenpersoonshuishouden), behalve alleenwonenden vallen hier ook kamerbewoners onder.",0 %,,1 januari,"BRP, O&S",Amsterdam: stadsdeel/GGW-gebied/wijk/buurt en overige indelingen,,
Amsterdam O&S BBGA,BBGA,Basisbestand Gebieden Amsterdam,BEVALLEENHH,Bevolking,Huishoudens: eenpersoonshuishoudens,"Het huishoudentype 'alleenstaand' wordt bepaald op basis van de relatiecodes tussen bewoners die op de peildatum in de Basisregistraties Adressen en Gebouwen (BAG) zijn geregistreerd binnen een adres. Dit type huishouden bestaat uit een meerderjarige persoon die alleen een huishouden voert (eenpersoonshuishouden), behalve
alleenwonenden vallen hier ook kamerbewoners onder.",0,,1 januari,"BRP, O&S",Amsterdam: stadsdeel/GGW-gebied/wijk/buurt en overige indelingen,,
Amsterdam O&S BBGA,BBGA,Basisbestand Gebieden Amsterdam,BEVGEHMKINDHH,Bevolking,Huishoudens: gehuwd met kinderen,Het huishoudentype 'gehuwd samenwonend met kinderen' wordt bepaald op basis van de relatiecodes tussen bewoners die op de peildatum in de Basisregistraties Adressen en Gebouwen (BAG) zijn geregistreerd binnen een adres. Dit type huishouden bestaat uit twee meerderjarige bewoners die volgens de GBA met elkaar wettig in de echt verbonden zijn en een of meerdere ongehuwde bewoners die wettige kind(eren) zijn van een of beide meerderjarige bewoners op dit adres.,0,,1 januari,"BRP, O&S",Amsterdam: stadsdeel/GGW-gebied/wijk/buurt en overige indelingen,,
Amsterdam O&S BBGA,BBGA,Basisbestand Gebieden Amsterdam,BEVGEHZKINDHH,Bevolking,Huishoudens: gehuwd zonder kinderen,Het huishoudentype 'gehuwd samenwonend zonder kinderen' wordt bepaald op basis van de relatiecodes tussen bewoners die op de peildatum in de Basisregistraties Adressen en Gebouwen (BAG) zijn geregistreerd binnen een adres. Dit type huishouden bestaat uit twee meerderjarige bewoners die volgens de GBA met elkaar wettig in de echt verbonden zijn.,0,,1 januari,"BRP, O&S",Amsterdam: stadsdeel/GGW-gebied/wijk/buurt en overige indelingen,,
Amsterdam O&S BBGA,BBGA,Basisbestand Gebieden Amsterdam,BEVHHMKIND,Bevolking,Huishoudens: met kinderen,Aantal huishoudens met ongehuwde thuiswonende kinderen.,0,,1 januari,"BRP, O&S",Amsterdam: stadsdeel/GGW-gebied/wijk/buurt en overige indelingen,,
Amsterdam O&S BBGA,BBGA,Basisbestand Gebieden Amsterdam,BEVHHMKIND_P,Bevolking,Huishoudens: met kinderen (%),Aandeel huishoudens met ongehuwde thuiswonende kinderen.,0 %,,1 januari,"BRP, O&S",Amsterdam: stadsdeel/GGW-gebied/wijk/buurt en overige indelingen,,
Amsterdam O&S BBGA,BBGA,Basisbestand Gebieden Amsterdam,BEVONGEHMKINDHH,Bevolking,Huishoudens: ongehuwd met kinderen,Het huishoudentype 'samenwonend met kinderen' wordt bepaald op basis van de relatiecodes tussen bewoners die op de peildatum in de Basisregistraties Adressen en Gebouwen (BAG) zijn geregistreerd binnen een adres. Dit type huishouden bestaat uit twee meerderjarige bewoners die volgens de GBA met elkaar niet wettig in de echt verbonden zijn en een of meerdere ongehuwde bewoners die wettige kind(eren) zijn van een of beide meerderjarige bewoners op dit adres.,0,,1 januari,"BRP, O&S",Amsterdam: stadsdeel/GGW-gebied/wijk/buurt en overige indelingen,,
Amsterdam O&S BBGA,BBGA,Basisbestand Gebieden Amsterdam,BEVONGEHZKINDHH,Bevolking,Huishoudens: ongehuwd zonder kinderen,Het huishoudentype 'ongehuwd samenwonend zonder kinderen' wordt bepaald op basis van de relatiecodes tussen bewoners die op de peildatum in de Basisregistraties Adressen en Gebouwen (BAG) zijn geregistreerd binnen een adres. Dit type huishouden bestaat uit twee meerderjarige bewoners die volgens de GBA niet wettig in de echt verbonden zijn.,0,,1 januari,"BRP, O&S",Amsterdam: stadsdeel/GGW-gebied/wijk/buurt en overige indelingen,,
Amsterdam O&S BBGA,BBGA,Basisbestand Gebieden Amsterdam,BEVOVERIGHH,Bevolking,Huishoudens: overig,"Het huishoudentype 'overig' wordt bepaald op basis van de relatiecodes tussen bewoners die op de peildatum in de Basisregistraties Adressen en Gebouwen (BAG) zijn geregistreerd binnen een adres. Hieronder vallen diverse combinaties die anders zijn dan 'samenwonend/gehuwd met kinderen', 'samenwonend/gehuwd zonder kinderen', 'eenoudergezin' en 'alleenstaand'. Voorbeelden van het type 'overig' zijn drie meerderjarige bewoners op een adres, die geen wettige relatie met elkaar hebben of bewoners van een woongroep.",0,,1 januari,"BRP, O&S",Amsterdam: stadsdeel/GGW-gebied/wijk/buurt en overige indelingen,,
Amsterdam O&S BBGA,BBGA,Basisbestand Gebieden Amsterdam,BEVOVERIGHH_P,Bevolking,Huishoudens: overig (%),"Het huishoudentype 'overig' wordt bepaald op basis van de relatiecodes tussen bewoners die op de peildatum in de Basisregistraties Adressen en Gebouwen (BAG) zijn geregistreerd binnen een adres. Hieronder vallen diverse combinaties die anders zijn dan 'samenwonend/gehuwd met kinderen', 'samenwonend/gehuwd zonder kinderen', 'eenoudergezin' en 'alleenstaand'. Voorbeelden van het type 'overig' zijn drie meerderjarige bewoners op een adres, die geen wettige relatie met elkaar hebben of bewoners van een woongroep.",0 %,,1 januari,"BRP, O&S",Amsterdam: stadsdeel/GGW-gebied/wijk/buurt en overige indelingen,,
Amsterdam O&S BBGA,BBGA,Basisbestand Gebieden Amsterdam,BEVPAARMKINDHH,Bevolking,Huishoudens: stel met kinderen,Aantal huishoudens dat bestaat uit gehuwd of ongehuwd samenwonenden met thuiswonende ongehuwde kinderen.,0,,1 januari,"BRP, O&S",Amsterdam: stadsdeel/GGW-gebied/wijk/buurt en overige indelingen,,
Amsterdam O&S BBGA,BBGA,Basisbestand Gebieden Amsterdam,BEVPAARMKINDHH_P,Bevolking,Huishoudens: stel met kinderen (%),Aandeel huishoudens dat bestaat uit gehuwd of ongehuwd samenwonenden met thuiswonende ongehuwde kinderen,0 %,,1 januari,"BRP, O&S",Amsterdam: stadsdeel/GGW-gebied/wijk/buurt en overige indelingen,,
Amsterdam O&S BBGA,BBGA,Basisbestand Gebieden Amsterdam,BEVPAARZKINDHH,Bevolking,Huishoudens: stel zonder kinderen,Het huishoudentype 'stel zonder kinderen' wordt bepaald op basis van de relatiecodes tussen bewoners die op de peildatum in de Basisregistraties Adressen en Gebouwen (BAG) zijn geregistreerd binnen een adres.,0,,1 januari,"BRP, O&S",Amsterdam: stadsdeel/GGW-gebied/wijk/buurt en overige indelingen,,
Amsterdam O&S BBGA,BBGA,Basisbestand Gebieden Amsterdam,BEVPAARZKINDHH_P,Bevolking,Huishoudens: stel zonder kinderen (%),Aandeel huishoudens dat bestaat uit gehuwd of ongehuwd samenwonenden zonder kinderen,0 %,,1 januari,"BRP, O&S",Amsterdam: stadsdeel/GGW-gebied/wijk/buurt en overige indelingen,,
Amsterdam O&S BBGA,BBGA,Basisbestand Gebieden Amsterdam,BEVHUISHOUDENHH,Bevolking,Huishoudens: totaal,"Een huishouden bestaat uit 1 of meer personen die alleen of samen een leefeenheid vormen; dit uit zich bijvoorbeeld in het gebruik van een gemeenschappelijke woonkamer of keuken. Huishoudens zijn dus gezinnen, samenwonenden, woongroepen en alleenstaanden die een zelfstandig huishouding voeren.
",0,,1 januari,"BRP, O&S",Amsterdam: stadsdeel/GGW-gebied/wijk/buurt en overige indelingen,,
Amsterdam O&S BBGA,BBGA,Basisbestand Gebieden Amsterdam,BEVMIGEUROP,Bevolking,Migratieachtergrond: Europees (exclusief Nederland),"Het aantal Amsterdammers dat geboren is in een een Europees land (exclusief Nederland) of van wie een van de ouders is geboren in een Europees land (exclusief Nederland). Het geboorteland van de persoon is bepalend voor de migratieachtergrond, tenzij de persoon in Nederland is geboren. In dat geval wordt de migratieachtergrond bepaald aan de hand van het geboorteland van de moeder. Indien de moeder in Nederland geboren is, wordt de migratieachtergrond bepaald aan de hand van het geboorteland van de vader.",0,,1 januari,"BRP, O&S",Amsterdam: stadsdeel/GGW-gebied/wijk/buurt en overige indelingen,,
Amsterdam O&S BBGA,BBGA,Basisbestand Gebieden Amsterdam,BEVMIGEUROP_P,Bevolking,Migratieachtergrond: Europees (exclusief Nederland) (%),"Het aandeel Amsterdammers dat geboren is in een een Europees land (exclusief Nederland) of van wie een van de ouders is geboren in een Europees land (exclusief Nederland). Het geboorteland van de persoon is bepalend voor de migratieachtergrond, tenzij de persoon in Nederland is geboren. In dat geval wordt de migratieachtergrond bepaald aan de hand van het geboorteland van de moeder. Indien de moeder in Nederland geboren is, wordt de migratieachtergrond bepaald aan de hand van het geboorteland van de vader.",0 %,,1 januari,"BRP, O&S",Amsterdam: stadsdeel/GGW-gebied/wijk/buurt en overige indelingen,,
Amsterdam O&S BBGA,BBGA,Basisbestand Gebieden Amsterdam,BEVMIGGEEN,Bevolking,Migratieachtergrond: geen migratieachtergrond,Het aantal Amsterdammers van wie de persoon zelf én diens beide ouders in Nederland zijn geboren,0,,1 januari,"BRP, O&S",Amsterdam: stadsdeel/GGW-gebied/wijk/buurt en overige indelingen,,
Amsterdam O&S BBGA,BBGA,Basisbestand Gebieden Amsterdam,BEVMIGGEEN_P,Bevolking,Migratieachtergrond: geen migratieachtergrond (%),Het aandeel Amsterdammers van wie de persoon zelf én diens beide ouders in Nederland zijn geboren,0 %,,1 januari,"BRP, O&S",Amsterdam: stadsdeel/GGW-gebied/wijk/buurt en overige indelingen,,
Amsterdam O&S BBGA,BBGA,Basisbestand Gebieden Amsterdam,BEVMIGMAROK,Bevolking,Migratieachtergrond: Marokkaans,"Het aantal Amsterdammers met geboorteland Marokko of van wie een van de ouders is geboren in Marokko.  Het geboorteland van de persoon is bepalend voor de migratieachtergrond, tenzij de persoon in Nederland is geboren. In dat geval wordt de migratieachtergrond bepaald aan de hand van het geboorteland van de moeder. Indien de moeder in Nederland geboren is, wordt de migratieachtergrond bepaald aan de hand van het geboorteland van de vader.",0,,1 januari,"BRP, O&S",Amsterdam: stadsdeel/GGW-gebied/wijk/buurt en overige indelingen,,
Amsterdam O&S BBGA,BBGA,Basisbestand Gebieden Amsterdam,BEVMIGMAROK_P,Bevolking,Migratieachtergrond: Marokkaans (%),"Het aandeel Amsterdammers met geboorteland Marokko of van wie een van de ouders is geboren in Marokko. Het geboorteland van de persoon is bepalend voor de migratieachtergrond, tenzij de persoon in Nederland is geboren. In dat geval wordt de migratieachtergrond bepaald aan de hand van het geboorteland van de moeder. Indien de moeder in Nederland geboren is, wordt de migratieachtergrond bepaald aan de hand van het geboorteland van de vader.",0 %,,1 januari,"BRP, O&S",Amsterdam: stadsdeel/GGW-gebied/wijk/buurt en overige indelingen,,
Amsterdam O&S BBGA,BBGA,Basisbestand Gebieden Amsterdam,BEVMIGONB,Bevolking,Migratieachtergrond: Onbekend,Het aantal Amsterdammers waarbij het geboorteland onbekend is. De geboortelanden van de moeder en de vader is ook onbekend.,0,,1 januari,"BRP, O&S",Amsterdam: stadsdeel/GGW-gebied/wijk/buurt en overige indelingen,,
Amsterdam O&S BBGA,BBGA,Basisbestand Gebieden Amsterdam,BEVMIGONB_P,Bevolking,Migratieachtergrond: Onbekend (%),Het aandeel Amsterdammers waarbij het geboorteland onbekend is. De geboortelanden van de moeder en de vader zijn ook onbekend.,0 %,,1 januari,"BRP, O&S",Amsterdam: stadsdeel/GGW-gebied/wijk/buurt en overige indelingen,,
Amsterdam O&S BBGA,BBGA,Basisbestand Gebieden Amsterdam,BEVMIGOVAFRIKA,Bevolking,Migratieachtergrond: Overig Afrika,"Het aantal Amsterdammers met geboorte in een Afrikaans land (exclusief Marokko) of van wie een van de ouders is geboren in een overig Afrikaans land. Het geboorteland van de persoon is bepalend voor de migratieachtergrond, tenzij de persoon in Nederland is geboren. In dat geval wordt de migratieachtergrond bepaald aan de hand van het geboorteland van de moeder. Indien de moeder in Nederland geboren is, wordt de migratieachtergrond bepaald aan de hand van het geboorteland van de vader.",0,,1 januari,"BRP, O&S",Amsterdam: stadsdeel/GGW-gebied/wijk/buurt en overige indelingen,,
Amsterdam O&S BBGA,BBGA,Basisbestand Gebieden Amsterdam,BEVMIGOVAFRIKA_P,Bevolking,Migratieachtergrond: Overig Afrika (%),"Het aandeel Amsterdammers met geboorte in een Afrikaans land (exclusief Marokko) of van wie een van de ouders is geboren in een Afrikaans land (exclusief Marokko). Het geboorteland van de persoon is bepalend voor de migratieachtergrond, tenzij de persoon in Nederland is geboren. In dat geval wordt de migratieachtergrond bepaald aan de hand van het geboorteland van de moeder. Indien de moeder in Nederland geboren is, wordt de migratieachtergrond bepaald aan de hand van het geboorteland van de vader.",0 %,,1 januari,"BRP, O&S",Amsterdam: stadsdeel/GGW-gebied/wijk/buurt en overige indelingen,,
Amsterdam O&S BBGA,BBGA,Basisbestand Gebieden Amsterdam,BEVMIGOVAMEROCE,Bevolking,Migratieachtergrond: Overig Amerika & OceaniÃ«,"Het aantal Amsterdammers geboren in Amerika of Oceanië of van wie een van de ouders is geboren in overig Amerika en Oceanië. Het geboorteland van de persoon is bepalend voor de migratieachtergrond, tenzij de persoon in Nederland is geboren. In dat geval wordt de migratieachtergrond bepaald aan de hand van het geboorteland van de moeder. Indien de moeder in Nederland geboren is, wordt de migratieachtergrond bepaald aan de hand van het geboorteland van de vader.",0,,1 januari,"BRP, O&S",Amsterdam: stadsdeel/GGW-gebied/wijk/buurt en overige indelingen,,
Amsterdam O&S BBGA,BBGA,Basisbestand Gebieden Amsterdam,BEVMIGOVAMEROCE_P,Bevolking,Migratieachtergrond: Overig Amerika & OceaniÃ« (%),"Het aandeel Amsterdammers geboren in Amerika of Oceanië of van wie een van de ouders is geboren in Overig Amerika en Oceanië. Het geboorteland van de persoon is bepalend voor de migratieachtergrond, tenzij de persoon in Nederland is geboren. In dat geval wordt de migratieachtergrond bepaald aan de hand van het geboorteland van de moeder. Indien de moeder in Nederland geboren is, wordt de migratieachtergrond bepaald aan de hand van het geboorteland van de vader.",0 %,,1 januari,"BRP, O&S",Amsterdam: stadsdeel/GGW-gebied/wijk/buurt en overige indelingen,,
Amsterdam O&S BBGA,BBGA,Basisbestand Gebieden Amsterdam,BEVMIGOVAZIE,Bevolking,Migratieachtergrond: Overig AziÃ«,"Het aantal Amsterdammers geboren in een land in Azië land (exclusief Turkije) of van wie een van de ouders is geboren in Azië (niet zijnde Turkije). Het geboorteland van de persoon is bepalend voor de migratieachtergrond, tenzij de persoon in Nederland is geboren. In dat geval wordt de migratieachtergrond bepaald aan de hand van het geboorteland van de moeder. Indien de moeder in Nederland geboren is, wordt de migratieachtergrond bepaald aan de hand van het geboorteland van de vader.",0,,1 januari,"BRP, O&S",Amsterdam: stadsdeel/GGW-gebied/wijk/buurt en overige indelingen,,
Amsterdam O&S BBGA,BBGA,Basisbestand Gebieden Amsterdam,BEVMIGOVAZIE_P,Bevolking,Migratieachtergrond: Overig AziÃ« (%),"Het aandeel Amsterdammers geboren in een land in Azië (exclusief Turkije) of van wie een van de ouders is geboren in Azië (exclusief Turkije). Het geboorteland van de persoon is bepalend voor de migratieachtergrond, tenzij de persoon in Nederland is geboren. In dat geval wordt de migratieachtergrond bepaald aan de hand van het geboorteland van de moeder. Indien de moeder in Nederland geboren is, wordt de migratieachtergrond bepaald aan de hand van het geboorteland van de vader.",0 %,,1 januari,"BRP, O&S",Amsterdam: stadsdeel/GGW-gebied/wijk/buurt en overige indelingen,,
Amsterdam O&S BBGA,BBGA,Basisbestand Gebieden Amsterdam,BEVMIGSUR,Bevolking,Migratieachtergrond: Surinaams,"Het aantal Amsterdammers met geboorteland Suriname of van wie een van de ouders is geboren in Suriname.  Het geboorteland van de persoon is bepalend voor de migratieachtergrond, tenzij de persoon in Nederland is geboren. In dat geval wordt de migratieachtergrond bepaald aan de hand van het geboorteland van de moeder. Indien de moeder in Nederland geboren is, wordt de migratieachtergrond bepaald aan de hand van het geboorteland van de vader.",0,,1 januari,"BRP, O&S",Amsterdam: stadsdeel/GGW-gebied/wijk/buurt en overige indelingen,,
Amsterdam O&S BBGA,BBGA,Basisbestand Gebieden Amsterdam,BEVMIGSUR_P,Bevolking,Migratieachtergrond: Surinaams (%),"Het aandeel Amsterdammers met geboorteland Suriname of van wie een van de ouders is geboren in Suriname. Het geboorteland van de persoon is bepalend voor de migratieachtergrond, tenzij de persoon in Nederland is geboren. In dat geval wordt de migratieachtergrond bepaald aan de hand van het geboorteland van de moeder. Indien de moeder in Nederland geboren is, wordt de migratieachtergrond bepaald aan de hand van het geboorteland van de vader.",0 %,,1 januari,"BRP, O&S",Amsterdam: stadsdeel/GGW-gebied/wijk/buurt en overige indelingen,,
Amsterdam O&S BBGA,BBGA,Basisbestand Gebieden Amsterdam,BEVMIGTURK,Bevolking,Migratieachtergrond: Turks,"Het aantal Amsterdammers met geboorteland Turkije of van wie een van de ouders is geboren in Turkije. Het geboorteland van de persoon is bepalend voor de migratieachtergrond, tenzij de persoon in Nederland is geboren. In dat geval wordt de migratieachtergrond bepaald aan de hand van het geboorteland van de moeder. Indien de moeder in Nederland geboren is, wordt de migratieachtergrond bepaald aan de hand van het geboorteland van de vader.",0,,1 januari,"BRP, O&S",Amsterdam: stadsdeel/GGW-gebied/wijk/buurt en overige indelingen,,
Amsterdam O&S BBGA,BBGA,Basisbestand Gebieden Amsterdam,BEVMIGTURK_P,Bevolking,Migratieachtergrond: Turks (%),"Het aandeel Amsterdammers met geboorteland Turkije of van wie een van de ouders is geboren in Turkije.  Het geboorteland van de persoon is bepalend voor de migratieachtergrond, tenzij de persoon in Nederland is geboren. In dat geval wordt de migratieachtergrond bepaald aan de hand van het geboorteland van de moeder. Indien de moeder in Nederland geboren is, wordt de migratieachtergrond bepaald aan de hand van het geboorteland van de vader.",0 %,,1 januari,"BRP, O&S",Amsterdam: stadsdeel/GGW-gebied/wijk/buurt en overige indelingen,,
Amsterdam O&S BBGA,BBGA,Basisbestand Gebieden Amsterdam,BEVMUTNL_P,Bevolking,Mutatiegraad binnenlands,De bevolkingsdynamiek wordt gemeten met de mutatiegraad. De Binnenlandse mutatiegraad is: de som van het aantal verhuizingen binnen Nederland gedeeld door de gemiddelde bevolking van een jaar.,0 %,,jaarcijfer,"BRP, O&S",Amsterdam: stadsdeel/GGW-gebied/wijk/buurt en overige indelingen,,
Amsterdam O&S BBGA,BBGA,Basisbestand Gebieden Amsterdam,BEVMUTTOT_P,Bevolking,Mutatiegraad totaal,Bevolkingsdynamiek wordt gemeten met het begrip mutatiegraad. De Mutatiegraad totaal is: de som van het aantal verhuizingen (inclusief verhuizingen van en naar het buitenland) gedeeld door de gemiddelde bevolking van een jaar.,0 %,,jaarcijfer,"BRP, O&S",Amsterdam: stadsdeel/GGW-gebied/wijk/buurt en overige indelingen,,
Amsterdam O&S BBGA,BBGA,Basisbestand Gebieden Amsterdam,BEVNSTEDELING,Bevolking,Nieuwe stedelingen,"Nieuwe stedelingen zijn personen met een Nederlandse of westerse migratieachtergrond (exclusief Oost-Europa)  in de leeftijd van 18 tot en met 54 jaar, die na hun 18e levensjaar geregistreerd zijn in de gemeente Amsterdam.  
",0,,1 januari,"BRP, O&S",Amsterdam: stadsdeel/GGW-gebied/wijk/buurt en overige indelingen,,
Amsterdam O&S BBGA,BBGA,Basisbestand Gebieden Amsterdam,BEVNSTEDELING_P,Bevolking,Nieuwe stedelingen (%),"Aandeel in de bevolking van personen met een Nederlandse of westerse migratieachtergrond (exclusief Oost-Europa) , in de leeftijd 18 tot en met 54 jaar, die na hun 18e levensjaar geregistreerd zijn in de gemeente Amsterdam.",0 %,,1 januari,"BRP, O&S",Amsterdam: stadsdeel/GGW-gebied/wijk/buurt en overige indelingen,,
Amsterdam O&S BBGA,BBGA,Basisbestand Gebieden Amsterdam,BEVPOTBBV15_64,Bevolking,Potentiële beroepsbevolking 15-64 jaar,"De potentiele beroepsbevolking is het deel van de bevolking dat gelet op zijn leeftijd in aanmerking komt voor deelname aan het arbeidsproces, oftewel personen in de leeftijd 15 t/m 64 jaar die op de peildatum zijn geregistreerd in de gemeente Amsterdam.
Vanwege het opschuiven van de AOW-leeftijd worden vanaf 2018 ook 65-jarigen gerekend tot de potentiele bereoepsbevolking.",0,,1 januari,"BRP, O&S",Amsterdam: stadsdeel/GGW-gebied/wijk/buurt en overige indelingen,,
Amsterdam O&S BBGA,BBGA,Basisbestand Gebieden Amsterdam,BEVPOTBBV15_65,Bevolking,Potentiële beroepsbevolking 15-65 jaar,"De potentiele beroepsbevolking is het deel van de bevolking dat gelet op zijn leeftijd in aanmerking komt voor deelname aan het arbeidsproces, oftewel personen in de leeftijd 15 t/m 65 jaar die op de peildatum zijn geregistreerd in de gemeente Amsterdam.
Vanwege het opschuiven van de AOW-leeftijd worden vanaf 2018 ook 65-jarigen gerekend tot de potentiele bereoepsbevolking.",0,,1 januari,"BRP, O&S",Amsterdam: stadsdeel/GGW-gebied/wijk/buurt en overige indelingen,,
Amsterdam O&S BBGA,BBGA,Basisbestand Gebieden Amsterdam,BEVPOTBBV15_65_P,Bevolking,Potentiële beroepsbevolking 15-65 jaar(%),Het aandeel van de bevolking met een leeftijd van 15 tot en met 65 jaar.,0 %,,1 januari,"BRP, O&S",Amsterdam: stadsdeel/GGW-gebied/wijk/buurt en overige indelingen,,
Amsterdam O&S BBGA,BBGA,Basisbestand Gebieden Amsterdam,BEVPOTBBV15_74,Bevolking,Potentiële beroepsbevolking 15-74 jaar,"De potentiele beroepsbevolking is het deel van de bevolking dat gelet op zijn leeftijd in aanmerking komt voor deelname aan het arbeidsproces, oftewel personen in de leeftijd 15 t/m 74 jaar die op de peildatum zijn geregistreerd in de gemeente Amsterdam.",0,,1 januari,"BRP, O&S",Amsterdam: stadsdeel/GGW-gebied/wijk/buurt en overige indelingen,,
Amsterdam O&S BBGA,BBGA,Basisbestand Gebieden Amsterdam,BEVPOTBBV15_74_P,Bevolking,Potentiële beroepsbevolking 15-74 jaar (%),Het aandeel van de bevolking met een leeftijd van 15 tot en met 74 jaar.,0 %,,1 januari,"BRP, O&S",Amsterdam: stadsdeel/GGW-gebied/wijk/buurt en overige indelingen,,
Amsterdam O&S BBGA,BBGA,Basisbestand Gebieden Amsterdam,BEVPOTBBV18_66,Bevolking,Potentiële beroepsbevolking 18-66 jaar,Aantal bewoners met een leeftijd van 18 tot en met 66 jaar.,0,,1 januari,"BRP, O&S",Amsterdam: stadsdeel/GGW-gebied/wijk/buurt en overige indelingen,,
Amsterdam O&S BBGA,BBGA,Basisbestand Gebieden Amsterdam,BEVPOTBBV18_66_P,Bevolking,Potentiële beroepsbevolking 18-66 jaar (%),Het aandeel van de bevolking met een leeftijd van 18 tot en met 66 jaar.,0 %,,1 januari,"BRP, O&S",Amsterdam: stadsdeel/GGW-gebied/wijk/buurt en overige indelingen,,
Amsterdam O&S BBGA,BBGA,Basisbestand Gebieden Amsterdam,BEVPOTBBV18_74,Bevolking,Potentiële beroepsbevolking 18-74 jaar,Aantal bewoners met een leeftijd van 18 tot en met 74 jaar.,0,,1 januari,"BRP, O&S",Amsterdam: stadsdeel/GGW-gebied/wijk/buurt en overige indelingen,,
Amsterdam O&S BBGA,BBGA,Basisbestand Gebieden Amsterdam,BEVPOTBBV18_74_P,Bevolking,Potentiële beroepsbevolking 18-74 jaar (%),Het aandeel van de bevolking met een leeftijd van 18 tot en met 74 jaar.,0 %,,1 januari,"BRP, O&S",Amsterdam: stadsdeel/GGW-gebied/wijk/buurt en overige indelingen,,
Amsterdam O&S BBGA,BBGA,Basisbestand Gebieden Amsterdam,BEVWOONDUUR,Bevolking,Woonduur gemiddeld,Woonduur op het adres is het aantal jaren vanaf het moment van de registratie op het adres tot de peildatum en wordt berekend als het gemiddelde verschil tussen het peiljaar en het vestigingsjaar van alle bewoners.,0 jaar,,1 januari,"BRP, O&S",Amsterdam: stadsdeel/GGW-gebied/wijk/buurt en overige indelingen,,
Amsterdam O&S BBGA,BBGA,Basisbestand Gebieden Amsterdam,BEV0_17,Bevolking leeftijd,0-17 jaar,Personen in de leeftijd 0 t/m 17 jaar die op de peildatum zijn geregistreerd in de gemeente Amsterdam. De leeftijd is het aantal gehele jaren dat op de dag voorafgaand aan de peildatum is verstreken sinds de geboortedatum van de persoon.,0,,1 januari,"BRP, O&S",Amsterdam: stadsdeel/GGW-gebied/wijk/buurt en overige indelingen,,
Amsterdam O&S BBGA,BBGA,Basisbestand Gebieden Amsterdam,BEV0_17_P,Bevolking leeftijd,0-17 jaar (%),Het aandeel van de bevolking met een leeftijd van 0 t/m 17 jaar,0 %,,1 januari,"BRP, O&S",Amsterdam: stadsdeel/GGW-gebied/wijk/buurt en overige indelingen,,
Amsterdam O&S BBGA,BBGA,Basisbestand Gebieden Amsterdam,BEV0_18,Bevolking leeftijd,0-18 jaar,Personen in de leeftijd 0 t/m 18 jaar die op de peildatum zijn geregistreerd in de gemeente Amsterdam. De leeftijd is het aantal gehele jaren dat op de dag voorafgaand aan de peildatum is verstreken sinds de geboortedatum van de persoon.,0,,1 januari,"BRP, O&S",Amsterdam: stadsdeel/GGW-gebied/wijk/buurt en overige indelingen,,
Amsterdam O&S BBGA,BBGA,Basisbestand Gebieden Amsterdam,BEV0_18_P,Bevolking leeftijd,0-18 jaar (%),Het aandeel van de bevolking met een leeftijd van 0 t/m 18 jaar.,0 %,,1 januari,"BRP, O&S",Amsterdam: stadsdeel/GGW-gebied/wijk/buurt en overige indelingen,,
Amsterdam O&S BBGA,BBGA,Basisbestand Gebieden Amsterdam,BEV0_3,Bevolking leeftijd,0-3 jaar,Personen in de leeftijd 0 t/m 3 jaar die op de peildatum zijn geregistreerd in de gemeente Amsterdam. De leeftijd is het aantal gehele jaren dat op de dag voorafgaand aan de peildatum is verstreken sinds de geboortedatum van de persoon.,0,,1 januari,"BRP, O&S",Amsterdam: stadsdeel/GGW-gebied/wijk/buurt en overige indelingen,,
Amsterdam O&S BBGA,BBGA,Basisbestand Gebieden Amsterdam,BEV0_3_P,Bevolking leeftijd,0-3 jaar (%),Het aandeel van de bevolking met een leeftijd van 0 t/m 3 jaar,0 %,,1 januari,"BRP, O&S",Amsterdam: stadsdeel/GGW-gebied/wijk/buurt en overige indelingen,,
Amsterdam O&S BBGA,BBGA,Basisbestand Gebieden Amsterdam,BEV0_4,Bevolking leeftijd,0-4 jaar,Personen in de leeftijd 0 t/m 4 jaar die op de peildatum zijn geregistreerd in de gemeente Amsterdam. De leeftijd is het aantal gehele jaren dat op de dag voorafgaand aan de peildatum is verstreken sinds de geboortedatum van de persoon.,0,,1 januari,"BRP, O&S",Amsterdam: stadsdeel/GGW-gebied/wijk/buurt en overige indelingen,,
Amsterdam O&S BBGA,BBGA,Basisbestand Gebieden Amsterdam,BEV0_6,Bevolking leeftijd,0-6 jaar,"Personen in de leeftijd 0 t/m 6 jaar die op de peildatum zijn geregistreerd in de gemeente Amsterdam.
De leeftijd is het aantal gehele jaren dat op de dag voorafgaand aan de peildatum is verstreken sinds de geboortedatum van de persoon. Waarden van 1, 2, 3 of 4 zijn afgerond naar 5.",0,,,"BRP, O&S",Amsterdam: stadsdeel/GGW-gebied/wijk/buurt en overige indelingen,,
Amsterdam O&S BBGA,BBGA,Basisbestand Gebieden Amsterdam,BEV100PLUS,Bevolking leeftijd,100+,Personen in de leeftijd van 100 jaar of ouder die op de peildatum zijn geregistreerd in de gemeente Amsterdam. De leeftijd is het aantal gehele jaren dat op de dag voorafgaand aan de peildatum is verstreken sinds de geboortedatum van de persoon.,0,,1 januari,"BRP, O&S",Amsterdam: stadsdeel/GGW-gebied/wijk/buurt en overige indelingen,,
Amsterdam O&S BBGA,BBGA,Basisbestand Gebieden Amsterdam,BEV10_14,Bevolking leeftijd,10-14 jaar,Personen in de leeftijd 10 t/m 14 jaar die op de peildatum zijn geregistreerd in de gemeente Amsterdam. De leeftijd is het aantal gehele jaren dat op de dag voorafgaand aan de peildatum is verstreken sinds de geboortedatum van de persoon.,0,,1 januari,"BRP, O&S",Amsterdam: stadsdeel/GGW-gebied/wijk/buurt en overige indelingen,,
Amsterdam O&S BBGA,BBGA,Basisbestand Gebieden Amsterdam,BEV12_17,Bevolking leeftijd,12-17 jaar,Personen in de leeftijd 12 t/m 17 jaar die op de peildatum zijn geregistreerd in de gemeente Amsterdam. De leeftijd is het aantal gehele jaren dat op de dag voorafgaand aan de peildatum is verstreken sinds de geboortedatum van de persoon.,0,,1 januari,"BRP, O&S",Amsterdam: stadsdeel/GGW-gebied/wijk/buurt en overige indelingen,,
Amsterdam O&S BBGA,BBGA,Basisbestand Gebieden Amsterdam,BEV13_17,Bevolking leeftijd,13-17 jaar,Personen in de leeftijd 13 t/m 17 jaar die op de peildatum zijn geregistreerd in de gemeente Amsterdam. De leeftijd is het aantal gehele jaren dat op de dag voorafgaand aan de peildatum is verstreken sinds de geboortedatum van de persoon.,0,,1 januari,"BRP, O&S",Amsterdam: stadsdeel/GGW-gebied/wijk/buurt en overige indelingen,,
Amsterdam O&S BBGA,BBGA,Basisbestand Gebieden Amsterdam,BEV13_17_P,Bevolking leeftijd,13-17 jaar (%),"Het aandeel van de bevolking in de leeftijd 13 t/m 17  jaar. 
De leeftijd is het aantal gehele jaren dat op de dag voorafgaand aan de peildatum is verstreken sinds de geboortedatum van de persoon.",0 %,,1 januari,"BRP, O&S",Amsterdam: stadsdeel/GGW-gebied/wijk/buurt en overige indelingen,,
Amsterdam O&S BBGA,BBGA,Basisbestand Gebieden Amsterdam,BEV15_19,Bevolking leeftijd,15-19 jaar,Personen in de leeftijd 15 t/m 19 jaar die op de peildatum zijn geregistreerd in de gemeente Amsterdam. De leeftijd is het aantal gehele jaren dat op de dag voorafgaand aan de peildatum is verstreken sinds de geboortedatum van de persoon.,0,,1 januari,"BRP, O&S",Amsterdam: stadsdeel/GGW-gebied/wijk/buurt en overige indelingen,,
Amsterdam O&S BBGA,BBGA,Basisbestand Gebieden Amsterdam,BEV15_26,Bevolking leeftijd,15-26 jaar,Personen in de leeftijd 15 t/m 26 jaar die op de peildatum zijn geregistreerd in de gemeente Amsterdam. De leeftijd is het aantal gehele jaren dat op de dag voorafgaand aan de peildatum is verstreken sinds de geboortedatum van de persoon.,0,,1 januari,"BRP, O&S",Amsterdam: stadsdeel/GGW-gebied/wijk/buurt en overige indelingen,,
Amsterdam O&S BBGA,BBGA,Basisbestand Gebieden Amsterdam,BEV18PLUS,Bevolking leeftijd,18+,Personen in de leeftijd van 18 jaar en ouder  die op de peildatum zijn geregistreerd in de gemeente Amsterdam. De leeftijd is het aantal gehele jaren dat op de dag voorafgaand aan de peildatum is verstreken sinds de geboortedatum van de persoon.,0,,1 januari,"BRP, O&S",Amsterdam: stadsdeel/GGW-gebied/wijk/buurt en overige indelingen,,
Amsterdam O&S BBGA,BBGA,Basisbestand Gebieden Amsterdam,BEV18_22,Bevolking leeftijd,18-22 jaar,Personen in de leeftijd 18 t/m 22 jaar die op de peildatum zijn geregistreerd in de gemeente Amsterdam. De leeftijd is het aantal gehele jaren dat op de dag voorafgaand aan de peildatum is verstreken sinds de geboortedatum van de persoon.,0,,1 januari,"BRP, O&S",Amsterdam: stadsdeel/GGW-gebied/wijk/buurt en overige indelingen,,
Amsterdam O&S BBGA,BBGA,Basisbestand Gebieden Amsterdam,BEV18_26,Bevolking leeftijd,18-26 jaar,Personen in de leeftijd van 18 jaar tot en met 26 jaar die op de peildatum zijn geregistreerd in de gemeente Amsterdam. De leeftijd is het aantal gehele jaren dat op de dag voorafgaand aan de peildatum is verstreken sinds de geboortedatum van de persoon.,0,,1 januari,"BRP, O&S",Amsterdam: stadsdeel/GGW-gebied/wijk/buurt en overige indelingen,,
Amsterdam O&S BBGA,BBGA,Basisbestand Gebieden Amsterdam,BEV18_26_P,Bevolking leeftijd,18-26 jaar (%),Het aandeel van de bevolking met een leeftijd van 18 t/m 26 jaar,0 %,,1 januari,"BRP, O&S",Amsterdam: stadsdeel/GGW-gebied/wijk/buurt en overige indelingen,,
Amsterdam O&S BBGA,BBGA,Basisbestand Gebieden Amsterdam,BEV18_64,Bevolking leeftijd,18-64 jaar,Personen in de leeftijd van 18 jaar tot en met 64 jaar die op de peildatum zijn geregistreerd in de gemeente Amsterdam. De leeftijd is het aantal gehele jaren dat op de dag voorafgaand aan de peildatum is verstreken sinds de geboortedatum van de persoon.,0,,1 januari,"BRP, O&S",Amsterdam: stadsdeel/GGW-gebied/wijk/buurt en overige indelingen,,
Amsterdam O&S BBGA,BBGA,Basisbestand Gebieden Amsterdam,BEV18_64_P,Bevolking leeftijd,18-64 jaar (%),Het aandeel van de bevolking in de leeftijd van 18 tot en met 64 jaar. De leeftijd is het aantal gehele jaren dat op de dag voorafgaand aan de peildatum is verstreken sinds de geboortedatum van de persoon.,0 %,,1 januari,"BRP, O&S",Amsterdam: stadsdeel/GGW-gebied/wijk/buurt en overige indelingen,,
Amsterdam O&S BBGA,BBGA,Basisbestand Gebieden Amsterdam,BEV20_24,Bevolking leeftijd,20-24 jaar,Personen in de leeftijd 20 t/m 24 jaar die op de peildatum zijn geregistreerd in de gemeente Amsterdam. De leeftijd is het aantal gehele jaren dat op de dag voorafgaand aan de peildatum is verstreken sinds de geboortedatum van de persoon.,0,,1 januari,"BRP, O&S",Amsterdam: stadsdeel/GGW-gebied/wijk/buurt en overige indelingen,,
Amsterdam O&S BBGA,BBGA,Basisbestand Gebieden Amsterdam,BEV23_39,Bevolking leeftijd,23-39 jaar,Personen in de leeftijd 23 t/m 39 jaar die op de peildatum zijn geregistreerd in de gemeente Amsterdam. De leeftijd is het aantal gehele jaren dat op de dag voorafgaand aan de peildatum is verstreken sinds de geboortedatum van de persoon.,0,,1 januari,"BRP, O&S",Amsterdam: stadsdeel/GGW-gebied/wijk/buurt en overige indelingen,,
Amsterdam O&S BBGA,BBGA,Basisbestand Gebieden Amsterdam,BEV25_29,Bevolking leeftijd,25-29 jaar,Personen in de leeftijd 25 t/m 29 jaar die op de peildatum zijn geregistreerd in de gemeente Amsterdam. De leeftijd is het aantal gehele jaren dat op de dag voorafgaand aan de peildatum is verstreken sinds de geboortedatum van de persoon.,0,,1 januari,"BRP, O&S",Amsterdam: stadsdeel/GGW-gebied/wijk/buurt en overige indelingen,,
Amsterdam O&S BBGA,BBGA,Basisbestand Gebieden Amsterdam,BEV27_65,Bevolking leeftijd,27-65 jaar,Personen in de leeftijd van 26 jaar tot en met 65 jaar die op de peildatum zijn geregistreerd in de gemeente Amsterdam. De leeftijd is het aantal gehele jaren dat op de dag voorafgaand aan de peildatum is verstreken sinds de geboortedatum van de persoon.,0,,1 januari,"BRP, O&S",Amsterdam: stadsdeel/GGW-gebied/wijk/buurt en overige indelingen,,
Amsterdam O&S BBGA,BBGA,Basisbestand Gebieden Amsterdam,BEV27_65_P,Bevolking leeftijd,27-65 jaar (%),Het aandeel van de bevolking met een leeftijd van 27 t/m 65 jaar,0 %,,1 januari,"BRP, O&S",Amsterdam: stadsdeel/GGW-gebied/wijk/buurt en overige indelingen,,
Amsterdam O&S BBGA,BBGA,Basisbestand Gebieden Amsterdam,BEV30_34,Bevolking leeftijd,30-34 jaar,Personen in de leeftijd 30 t/m 34 jaar die op de peildatum zijn geregistreerd in de gemeente Amsterdam. De leeftijd is het aantal gehele jaren dat op de dag voorafgaand aan de peildatum is verstreken sinds de geboortedatum van de persoon.,0,,1 januari,"BRP, O&S",Amsterdam: stadsdeel/GGW-gebied/wijk/buurt en overige indelingen,,
Amsterdam O&S BBGA,BBGA,Basisbestand Gebieden Amsterdam,BEV35_39,Bevolking leeftijd,35-39 jaar,Personen in de leeftijd 35 t/m 39 jaar die op de peildatum zijn geregistreerd in de gemeente Amsterdam. De leeftijd is het aantal gehele jaren dat op de dag voorafgaand aan de peildatum is verstreken sinds de geboortedatum van de persoon.,0,,1 januari,"BRP, O&S",Amsterdam: stadsdeel/GGW-gebied/wijk/buurt en overige indelingen,,
Amsterdam O&S BBGA,BBGA,Basisbestand Gebieden Amsterdam,BEV40_44,Bevolking leeftijd,40-44 jaar,Personen in de leeftijd 40 t/m 44 jaar die op de peildatum zijn geregistreerd in de gemeente Amsterdam. De leeftijd is het aantal gehele jaren dat op de dag voorafgaand aan de peildatum is verstreken sinds de geboortedatum van de persoon.,0,,1 januari,"BRP, O&S",Amsterdam: stadsdeel/GGW-gebied/wijk/buurt en overige indelingen,,
Amsterdam O&S BBGA,BBGA,Basisbestand Gebieden Amsterdam,BEV40_64,Bevolking leeftijd,40-64 jaar,Personen in de leeftijd 40 t/m 64 jaar die op de peildatum zijn geregistreerd in de gemeente Amsterdam. De leeftijd is het aantal gehele jaren dat op de dag voorafgaand aan de peildatum is verstreken sinds de geboortedatum van de persoon.,0,,1 januari,"BRP, O&S",Amsterdam: stadsdeel/GGW-gebied/wijk/buurt en overige indelingen,,
Amsterdam O&S BBGA,BBGA,Basisbestand Gebieden Amsterdam,BEV4_11,Bevolking leeftijd,4-11 jaar,Personen in de leeftijd 4 t/m 11 jaar die op de peildatum zijn geregistreerd in de gemeente Amsterdam. De leeftijd is het aantal gehele jaren dat op de dag voorafgaand aan de peildatum is verstreken sinds de geboortedatum van de persoon.,0,,1 januari,"BRP, O&S",Amsterdam: stadsdeel/GGW-gebied/wijk/buurt en overige indelingen,,
Amsterdam O&S BBGA,BBGA,Basisbestand Gebieden Amsterdam,BEV4_12,Bevolking leeftijd,4-12 jaar,Personen in de leeftijd 4 t/m 12 jaar die op de peildatum zijn geregistreerd in de gemeente Amsterdam. De leeftijd is het aantal gehele jaren dat op de dag voorafgaand aan de peildatum is verstreken sinds de geboortedatum van de persoon.,0,,1 januari,"BRP, O&S",Amsterdam: stadsdeel/GGW-gebied/wijk/buurt en overige indelingen,,
Amsterdam O&S BBGA,BBGA,Basisbestand Gebieden Amsterdam,BEV4_12_P,Bevolking leeftijd,4-12 jaar (%),Het aandeel van de bevolking met een leeftijd van 4 t/m 12 jaar,0 %,,1 januari,"BRP, O&S",Amsterdam: stadsdeel/GGW-gebied/wijk/buurt en overige indelingen,,
Amsterdam O&S BBGA,BBGA,Basisbestand Gebieden Amsterdam,BEV45_49,Bevolking leeftijd,45-49 jaar,Personen in de leeftijd 45 t/m 49 jaar die op de peildatum zijn geregistreerd in de gemeente Amsterdam. De leeftijd is het aantal gehele jaren dat op de dag voorafgaand aan de peildatum is verstreken sinds de geboortedatum van de persoon.,0,,1 januari,"BRP, O&S",Amsterdam: stadsdeel/GGW-gebied/wijk/buurt en overige indelingen,,
Amsterdam O&S BBGA,BBGA,Basisbestand Gebieden Amsterdam,BEV50_54,Bevolking leeftijd,50-54 jaar,Personen in de leeftijd 50 t/m 54 jaar die op de peildatum zijn geregistreerd in de gemeente Amsterdam. De leeftijd is het aantal gehele jaren dat op de dag voorafgaand aan de peildatum is verstreken sinds de geboortedatum van de persoon.,0,,1 januari,"BRP, O&S",Amsterdam: stadsdeel/GGW-gebied/wijk/buurt en overige indelingen,,
Amsterdam O&S BBGA,BBGA,Basisbestand Gebieden Amsterdam,BEV5_11,Bevolking leeftijd,5-11 jaar,Personen in de leeftijd 5 t/m 11 jaar die op de peildatum zijn geregistreerd in de gemeente Amsterdam. De leeftijd is het aantal gehele jaren dat op de dag voorafgaand aan de peildatum is verstreken sinds de geboortedatum van de persoon.,0,,1 januari,"BRP, O&S",Amsterdam: stadsdeel/GGW-gebied/wijk/buurt en overige indelingen,,
Amsterdam O&S BBGA,BBGA,Basisbestand Gebieden Amsterdam,BEV55_59,Bevolking leeftijd,55-59 jaar,Personen in de leeftijd 55 t/m 59 jaar die op de peildatum zijn geregistreerd in de gemeente Amsterdam. De leeftijd is het aantal gehele jaren dat op de dag voorafgaand aan de peildatum is verstreken sinds de geboortedatum van de persoon.,0,,1 januari,"BRP, O&S",Amsterdam: stadsdeel/GGW-gebied/wijk/buurt en overige indelingen,,
Amsterdam O&S BBGA,BBGA,Basisbestand Gebieden Amsterdam,BEV5_9,Bevolking leeftijd,5-9 jaar,Personen in de leeftijd 5 t/m 9 jaar die op de peildatum zijn geregistreerd in de gemeente Amsterdam. De leeftijd is het aantal gehele jaren dat op de dag voorafgaand aan de peildatum is verstreken sinds de geboortedatum van de persoon.,0,,1 januari,"BRP, O&S",Amsterdam: stadsdeel/GGW-gebied/wijk/buurt en overige indelingen,,
Amsterdam O&S BBGA,BBGA,Basisbestand Gebieden Amsterdam,BEV60_64,Bevolking leeftijd,60-64 jaar,Personen in de leeftijd 60 t/m 64 jaar die op de peildatum zijn geregistreerd in de gemeente Amsterdam. De leeftijd is het aantal gehele jaren dat op de dag voorafgaand aan de peildatum is verstreken sinds de geboortedatum van de persoon.,0,,1 januari,"BRP, O&S",Amsterdam: stadsdeel/GGW-gebied/wijk/buurt en overige indelingen,,
Amsterdam O&S BBGA,BBGA,Basisbestand Gebieden Amsterdam,BEV65PLUS,Bevolking leeftijd,65+,Personen in de leeftijd 65 jaar en ouder die op de peildatum zijn geregistreerd in de gemeente Amsterdam. De leeftijd is het aantal gehele jaren dat op de dag voorafgaand aan de peildatum is verstreken sinds de geboortedatum van de persoon.,0,,1 januari,"BRP, O&S",Amsterdam: stadsdeel/GGW-gebied/wijk/buurt en overige indelingen,,
Amsterdam O&S BBGA,BBGA,Basisbestand Gebieden Amsterdam,BEV65PLUS_P,Bevolking leeftijd,65+ (%),Het aandeel van de bevolking met een leeftijd van 65-plussers,0 %,,1 januari,"BRP, O&S",Amsterdam: stadsdeel/GGW-gebied/wijk/buurt en overige indelingen,,
Amsterdam O&S BBGA,BBGA,Basisbestand Gebieden Amsterdam,BEV65_69,Bevolking leeftijd,65-69 jaar,Personen in de leeftijd 65 t/m 69 jaar die op de peildatum zijn geregistreerd in de gemeente Amsterdam. De leeftijd is het aantal gehele jaren dat op de dag voorafgaand aan de peildatum is verstreken sinds de geboortedatum van de persoon.,0,,1 januari,"BRP, O&S",Amsterdam: stadsdeel/GGW-gebied/wijk/buurt en overige indelingen,,
Amsterdam O&S BBGA,BBGA,Basisbestand Gebieden Amsterdam,BEV65_74,Bevolking leeftijd,65-74 jaar,Personen in de leeftijd 65 t/m 74 jaar die op de peildatum zijn geregistreerd in de gemeente Amsterdam. De leeftijd is het aantal gehele jaren dat op de dag voorafgaand aan de peildatum is verstreken sinds de geboortedatum van de persoon.,0,,1 januari,"BRP, O&S",Amsterdam: stadsdeel/GGW-gebied/wijk/buurt en overige indelingen,,
Amsterdam O&S BBGA,BBGA,Basisbestand Gebieden Amsterdam,BEV65_74_P,Bevolking leeftijd,65-74 jaar (%),Het aandeel van de bevolking in de leeftijd 65 t/m 74 jaar die op de peildatum zijn geregistreerd in de gemeente Amsterdam. De leeftijd is het aantal gehele jaren dat op de dag voorafgaand aan de peildatum is verstreken sinds de geboortedatum van de persoon.,0 %,,1 januari,"BRP, O&S",Amsterdam: stadsdeel/GGW-gebied/wijk/buurt en overige indelingen,,
Amsterdam O&S BBGA,BBGA,Basisbestand Gebieden Amsterdam,BEV65_79,Bevolking leeftijd,65-79 jaar,Personen in de leeftijd 65 t/m 79 jaar die op de peildatum zijn geregistreerd in de gemeente Amsterdam. De leeftijd is het aantal gehele jaren dat op de dag voorafgaand aan de peildatum is verstreken sinds de geboortedatum van de persoon.,0,,1 januari,"BRP, O&S",Amsterdam: stadsdeel/GGW-gebied/wijk/buurt en overige indelingen,,
Amsterdam O&S BBGA,BBGA,Basisbestand Gebieden Amsterdam,BEV66PLUS,Bevolking leeftijd,66+,Personen in de leeftijd van 66 jaar en ouder die op de peildatum zijn geregistreerd in de gemeente Amsterdam. De leeftijd is het aantal gehele jaren dat op de dag voorafgaand aan de peildatum is verstreken sinds de geboortedatum van de persoon.,0,,1 januari,"BRP, O&S",Amsterdam: stadsdeel/GGW-gebied/wijk/buurt en overige indelingen,,
Amsterdam O&S BBGA,BBGA,Basisbestand Gebieden Amsterdam,BEV66PLUS_P,Bevolking leeftijd,66+ (%),Het aandeel van de bevolking met een leeftijd van 66 jaar of ouder.,0 %,,1 januari,"BRP, O&S",Amsterdam: stadsdeel/GGW-gebied/wijk/buurt en overige indelingen,,
Amsterdam O&S BBGA,BBGA,Basisbestand Gebieden Amsterdam,BEV70_74,Bevolking leeftijd,70-74 jaar,Personen in de leeftijd 70 t/m 74 jaar die op de peildatum zijn geregistreerd in de gemeente Amsterdam. De leeftijd is het aantal gehele jaren dat op de dag voorafgaand aan de peildatum is verstreken sinds de geboortedatum van de persoon.,0,,1 januari,"BRP, O&S",Amsterdam: stadsdeel/GGW-gebied/wijk/buurt en overige indelingen,,
Amsterdam O&S BBGA,BBGA,Basisbestand Gebieden Amsterdam,BEV7_12,Bevolking leeftijd,7-12 jaar,"Personen in de leeftijd 7 t/m 12 jaar die op de peildatum zijn geregistreerd in de gemeente Amsterdam. De leeftijd is het aantal gehele jaren dat op de dag voorafgaand aan de peildatum is verstreken sinds de geboortedatum van de persoon. Waarden van 1, 2, 3 of 4 zijn afgerond naar 5.",0,,1 januari,"BRP, O&S",Amsterdam: stadsdeel/GGW-gebied/wijk/buurt en overige indelingen,,
Amsterdam O&S BBGA,BBGA,Basisbestand Gebieden Amsterdam,BEV75PLUS,Bevolking leeftijd,75+,Personen in de leeftijd 75 jaar en ouder die op de peildatum zijn geregistreerd in de gemeente Amsterdam. De leeftijd is het aantal gehele jaren dat op de dag voorafgaand aan de peildatum is verstreken sinds de geboortedatum van de persoon.,0,,1 januari,"BRP, O&S",Amsterdam: stadsdeel/GGW-gebied/wijk/buurt en overige indelingen,,
Amsterdam O&S BBGA,BBGA,Basisbestand Gebieden Amsterdam,BEV75PLUS_P,Bevolking leeftijd,75+ (%),Het aandeel van de bevolking met een leeftijd van 75-plus.,0 %,,1 januari,"BRP, O&S",Amsterdam: stadsdeel/GGW-gebied/wijk/buurt en overige indelingen,,
Amsterdam O&S BBGA,BBGA,Basisbestand Gebieden Amsterdam,BEV75_79,Bevolking leeftijd,75-79 jaar,Personen in de leeftijd 75 t/m 79 jaar die op de peildatum zijn geregistreerd in de gemeente Amsterdam. De leeftijd is het aantal gehele jaren dat op de dag voorafgaand aan de peildatum is verstreken sinds de geboortedatum van de persoon.,0,,1 januari,"BRP, O&S",Amsterdam: stadsdeel/GGW-gebied/wijk/buurt en overige indelingen,,
Amsterdam O&S BBGA,BBGA,Basisbestand Gebieden Amsterdam,BEV80PLUS,Bevolking leeftijd,80+,Personen in de leeftijd van 80 jaar en ouder die op de peildatum zijn geregistreerd in de gemeente Amsterdam. De leeftijd is het aantal gehele jaren dat op de dag voorafgaand aan de peildatum is verstreken sinds de geboortedatum van de persoon.,0,,1 januari,"BRP, O&S",Amsterdam: stadsdeel/GGW-gebied/wijk/buurt en overige indelingen,,
Amsterdam O&S BBGA,BBGA,Basisbestand Gebieden Amsterdam,BEV80PLUS_P,Bevolking leeftijd,80+ (%),Het aandeel van de bevolking met een leeftijd van 80 jaar of ouder.,0 %,,1 januari,"BRP, O&S",Amsterdam: stadsdeel/GGW-gebied/wijk/buurt en overige indelingen,,
Amsterdam O&S BBGA,BBGA,Basisbestand Gebieden Amsterdam,BEV80_84,Bevolking leeftijd,80-84 jaar,Personen in de leeftijd 80 t/m 84 jaar die op de peildatum zijn geregistreerd in de gemeente Amsterdam. De leeftijd is het aantal gehele jaren dat op de dag voorafgaand aan de peildatum is verstreken sinds de geboortedatum van de persoon.,0,,1 januari,"BRP, O&S",Amsterdam: stadsdeel/GGW-gebied/wijk/buurt en overige indelingen,,
Amsterdam O&S BBGA,BBGA,Basisbestand Gebieden Amsterdam,BEV85_89,Bevolking leeftijd,85-89 jaar,Personen in de leeftijd 85 t/m 89 jaar die op de peildatum zijn geregistreerd in de gemeente Amsterdam. De leeftijd is het aantal gehele jaren dat op de dag voorafgaand aan de peildatum is verstreken sinds de geboortedatum van de persoon.,0,,1 januari,"BRP, O&S",Amsterdam: stadsdeel/GGW-gebied/wijk/buurt en overige indelingen,,
Amsterdam O&S BBGA,BBGA,Basisbestand Gebieden Amsterdam,BEV90_94,Bevolking leeftijd,90-94 jaar,Personen in de leeftijd 90 t/m 94 jaar die op de peildatum zijn geregistreerd in de gemeente Amsterdam. De leeftijd is het aantal gehele jaren dat op de dag voorafgaand aan de peildatum is verstreken sinds de geboortedatum van de persoon.,0,,1 januari,"BRP, O&S",Amsterdam: stadsdeel/GGW-gebied/wijk/buurt en overige indelingen,,
Amsterdam O&S BBGA,BBGA,Basisbestand Gebieden Amsterdam,BEV95_99,Bevolking leeftijd,95-99 jaar,Personen in de leeftijd 95 t/m 99 jaar die op de peildatum zijn geregistreerd in de gemeente Amsterdam. De leeftijd is het aantal gehele jaren dat op de dag voorafgaand aan de peildatum is verstreken sinds de geboortedatum van de persoon.,0,,1 januari,"BRP, O&S",Amsterdam: stadsdeel/GGW-gebied/wijk/buurt en overige indelingen,,
Amsterdam O&S BBGA,BBGA,Basisbestand Gebieden Amsterdam,BEV17EERSTE,Bevolking leeftijd,Eerste generatie migrant 0-17 jaar,"Aantal Amsterdammers van 0 t/m 17 jaar die eerste generatie migrant zijn.
Men is een eerste generatie migrant wanneer men in het buitenland is geboren.",0,,1 januari,"BRP, O&S",Amsterdam: stadsdeel/GGW-gebied/wijk/buurt en overige indelingen,,
Amsterdam O&S BBGA,BBGA,Basisbestand Gebieden Amsterdam,BEV17EERSTE_P,Bevolking leeftijd,Eerste generatie migrant 0-17 jaar (%),"Aandeel Amsterdammers van 0 t/m 17 jaar die eerste generatie migrant zijn.
Men is een eerste generatie migrant wanneer men in het buitenland is geboren.",0 %,,1 januari,"BRP, O&S",Amsterdam: stadsdeel/GGW-gebied/wijk/buurt en overige indelingen,,
Amsterdam O&S BBGA,BBGA,Basisbestand Gebieden Amsterdam,BEV18_22EERSTE,Bevolking leeftijd,Eerste generatie migrant 18-22 jaar,"Aantal Amsterdammers van 18 t/m 22 jaar die eerste generatie migrant zijn.
Men is een eerste generatie migrant wanneer men in het buitenland is geboren.",0,,1 januari,"BRP, O&S",Amsterdam: stadsdeel/GGW-gebied/wijk/buurt en overige indelingen,,
Amsterdam O&S BBGA,BBGA,Basisbestand Gebieden Amsterdam,BEV18_22EERSTE_P,Bevolking leeftijd,Eerste generatie migrant 18-22 jaar (%),"Aandeel Amsterdammers van 18 t/m 22 jaar die eerste generatie migrant zijn.
Men is een eerste generatie migrant wanneer men in het buitenland is geboren.",0 %,,1 januari,"BRP, O&S",Amsterdam: stadsdeel/GGW-gebied/wijk/buurt en overige indelingen,,
Amsterdam O&S BBGA,BBGA,Basisbestand Gebieden Amsterdam,BEV23_39EERSTE,Bevolking leeftijd,Eerste generatie migrant 23-39 jaar,"Aantal Amsterdammers van 23 t/m 39 jaar die eerste generatie migrant zijn.
Men is een eerste generatie migrant wanneer men in het buitenland is geboren.",0,,1 januari,"BRP, O&S",Amsterdam: stadsdeel/GGW-gebied/wijk/buurt en overige indelingen,,
Amsterdam O&S BBGA,BBGA,Basisbestand Gebieden Amsterdam,BEV23_39EERSTE_P,Bevolking leeftijd,Eerste generatie migrant 23-39 jaar (%),"Aandeel Amsterdammers van 23 t/m 39 jaar die eerste generatie migrant zijn.
Men is een eerste generatie migrant wanneer men in het buitenland is geboren.",0 %,,1 januari,"BRP, O&S",Amsterdam: stadsdeel/GGW-gebied/wijk/buurt en overige indelingen,,
Amsterdam O&S BBGA,BBGA,Basisbestand Gebieden Amsterdam,BEV40_64EERSTE,Bevolking leeftijd,Eerste generatie migrant 40-64 jaar,"Aantal Amsterdammers van 40 t/m 64 jaar die eerste generatie migrant zijn.
Men is een eerste generatie migrant wanneer men in het buitenland is geboren.",0,,1 januari,"BRP, O&S",Amsterdam: stadsdeel/GGW-gebied/wijk/buurt en overige indelingen,,
Amsterdam O&S BBGA,BBGA,Basisbestand Gebieden Amsterdam,BEV40_64EERSTE_P,Bevolking leeftijd,Eerste generatie migrant 40-64 jaar (%),"Aandeel Amsterdammers van 40 t/m 64 jaar die eerste generatie migrant zijn.
Men is een eerste generatie migrant wanneer men in het buitenland is geboren.",0 %,,1 januari,"BRP, O&S",Amsterdam: stadsdeel/GGW-gebied/wijk/buurt en overige indelingen,,
Amsterdam O&S BBGA,BBGA,Basisbestand Gebieden Amsterdam,BEV65PLUSEERSTE,Bevolking leeftijd,Eerste generatie migrant 65+,"Aantal Amsterdammers van 65 jaar en ouder die eerste generatie migrant zijn.
Men is een eerste generatie migrant wanneer men in het buitenland is geboren.",0,,1 januari,"BRP, O&S",Amsterdam: stadsdeel/GGW-gebied/wijk/buurt en overige indelingen,,
Amsterdam O&S BBGA,BBGA,Basisbestand Gebieden Amsterdam,BEV65PLUSEERSTE_P,Bevolking leeftijd,Eerste generatie migrant 65+ (%),"Aandeel Amsterdammers van 65 jaar en ouder die eerste generatie migrant zijn.
Men is een eerste generatie migrant wanneer men in het buitenland is geboren.",0 %,,1 januari,"BRP, O&S",Amsterdam: stadsdeel/GGW-gebied/wijk/buurt en overige indelingen,,
Amsterdam O&S BBGA,BBGA,Basisbestand Gebieden Amsterdam,BEV65_79EERSTE,Bevolking leeftijd,Eerste generatie migrant 65-79 jaar,"Aantal Amsterdammers van 65 t/m 79 jaar die eerste generatie migrant zijn.
Men is een eerste generatie migrant wanneer men in het buitenland is geboren.",0,,1 januari,"BRP, O&S",Amsterdam: stadsdeel/GGW-gebied/wijk/buurt en overige indelingen,,
Amsterdam O&S BBGA,BBGA,Basisbestand Gebieden Amsterdam,BEV65_79EERSTE_P,Bevolking leeftijd,Eerste generatie migrant 65-79 jaar (%),"Aandeel Amsterdammers van 65 t/m 79 jaar die eerste generatie migrant zijn.
Men is een eerste generatie migrant wanneer men in het buitenland is geboren.",0 %,,1 januari,"BRP, O&S",Amsterdam: stadsdeel/GGW-gebied/wijk/buurt en overige indelingen,,
Amsterdam O&S BBGA,BBGA,Basisbestand Gebieden Amsterdam,BEV80PLUSEERSTE,Bevolking leeftijd,Eerste generatie migrant 80+,"Aantal Amsterdammers van 80 jaar en ouder die eerste generatie migrant zijn.
Men is een eerste generatie migrant wanneer men in het buitenland is geboren.",0,,1 januari,"BRP, O&S",Amsterdam: stadsdeel/GGW-gebied/wijk/buurt en overige indelingen,,
Amsterdam O&S BBGA,BBGA,Basisbestand Gebieden Amsterdam,BEV80PLUSEERSTE_P,Bevolking leeftijd,Eerste generatie migrant 80+ (%),"Aandeel Amsterdammers van 80 jaar en ouder die eerste generatie migrant zijn.
Men is een eerste generatie migrant wanneer men in het buitenland is geboren.",0 %,,1 januari,"BRP, O&S",Amsterdam: stadsdeel/GGW-gebied/wijk/buurt en overige indelingen,,
Amsterdam O&S BBGA,BBGA,Basisbestand Gebieden Amsterdam,BEV17GEEN,Bevolking leeftijd,Geen migratieachtergrond 0-17 jaar,Aantal Amsterdammers van 0 t/m 17 jaar zonder migratieachtergrond.,0,,1 januari,"BRP, O&S",Amsterdam: stadsdeel/GGW-gebied/wijk/buurt en overige indelingen,,
Amsterdam O&S BBGA,BBGA,Basisbestand Gebieden Amsterdam,BEV17GEEN_P,Bevolking leeftijd,Geen migratieachtergrond 0-17 jaar (%),Aandeel Amsterdammers van 0 t/m 17 jaar zonder migratieachtergrond.,0 %,,1 januari,"BRP, O&S",Amsterdam: stadsdeel/GGW-gebied/wijk/buurt en overige indelingen,,
Amsterdam O&S BBGA,BBGA,Basisbestand Gebieden Amsterdam,BEV18_22GEEN,Bevolking leeftijd,Geen migratieachtergrond 18-22 jaar,Aantal Amsterdammers van 18 t/m 22 jaar zonder migratieachtergrond.,0,,1 januari,"BRP, O&S",Amsterdam: stadsdeel/GGW-gebied/wijk/buurt en overige indelingen,,
Amsterdam O&S BBGA,BBGA,Basisbestand Gebieden Amsterdam,BEV18_22GEEN_P,Bevolking leeftijd,Geen migratieachtergrond 18-22 jaar (%),Aandeel Amsterdammers van 18 t/m 22 jaar zonder migratieachtergrond.,0 %,,1 januari,"BRP, O&S",Amsterdam: stadsdeel/GGW-gebied/wijk/buurt en overige indelingen,,
Amsterdam O&S BBGA,BBGA,Basisbestand Gebieden Amsterdam,BEV23_39GEEN,Bevolking leeftijd,Geen migratieachtergrond 23-39 jaar,Aantal Amsterdammers van 23 t/m 39 jaar zonder migratieachtergrond.,0,,1 januari,"BRP, O&S",Amsterdam: stadsdeel/GGW-gebied/wijk/buurt en overige indelingen,,
Amsterdam O&S BBGA,BBGA,Basisbestand Gebieden Amsterdam,BEV23_39GEEN_P,Bevolking leeftijd,Geen migratieachtergrond 23-39 jaar (%),Aandeel Amsterdammers van 23 t/m 39 jaar zonder migratieachtergrond.,0 %,,1 januari,"BRP, O&S",Amsterdam: stadsdeel/GGW-gebied/wijk/buurt en overige indelingen,,
Amsterdam O&S BBGA,BBGA,Basisbestand Gebieden Amsterdam,BEV40_64GEEN,Bevolking leeftijd,Geen migratieachtergrond 40-64 jaar,Aantal Amsterdammers van 40 t/m 64 jaar zonder migratieachtergrond.,0,,1 januari,"BRP, O&S",Amsterdam: stadsdeel/GGW-gebied/wijk/buurt en overige indelingen,,
Amsterdam O&S BBGA,BBGA,Basisbestand Gebieden Amsterdam,BEV40_64GEEN_P,Bevolking leeftijd,Geen migratieachtergrond 40-64 jaar (%),Aandeel Amsterdammers van 40 t/m 64 jaar zonder migratieachtergrond.,0 %,,1 januari,"BRP, O&S",Amsterdam: stadsdeel/GGW-gebied/wijk/buurt en overige indelingen,,
Amsterdam O&S BBGA,BBGA,Basisbestand Gebieden Amsterdam,BEV65PLUSGEEN,Bevolking leeftijd,Geen migratieachtergrond 65+,Aantal Amsterdammers van 65 jaar en ouder zonder migratieachtergrond.,0,,1 januari,"BRP, O&S",Amsterdam: stadsdeel/GGW-gebied/wijk/buurt en overige indelingen,,
Amsterdam O&S BBGA,BBGA,Basisbestand Gebieden Amsterdam,BEV65PLUSGEEN_P,Bevolking leeftijd,Geen migratieachtergrond 65+ (%),Aandeel Amsterdammers van 65 jaar en ouder zonder migratieachtergrond.,0 %,,1 januari,"BRP, O&S",Amsterdam: stadsdeel/GGW-gebied/wijk/buurt en overige indelingen,,
Amsterdam O&S BBGA,BBGA,Basisbestand Gebieden Amsterdam,BEV65_79GEEN,Bevolking leeftijd,Geen migratieachtergrond 65-79 jaar,Aantal Amsterdammers van 65 t/m 79 jaar zonder migratieachtergrond.,0,,1 januari,"BRP, O&S",Amsterdam: stadsdeel/GGW-gebied/wijk/buurt en overige indelingen,,
Amsterdam O&S BBGA,BBGA,Basisbestand Gebieden Amsterdam,BEV65_79GEEN_P,Bevolking leeftijd,Geen migratieachtergrond 65-79 jaar (%),Aandeel Amsterdammers van 65 t/m 79 jaar zonder migratieachtergrond.,0 %,,1 januari,"BRP, O&S",Amsterdam: stadsdeel/GGW-gebied/wijk/buurt en overige indelingen,,
Amsterdam O&S BBGA,BBGA,Basisbestand Gebieden Amsterdam,BEV80PLUSGEEN,Bevolking leeftijd,Geen migratieachtergrond 80+,Aantal Amsterdammers van 80 jaar en ouder zonder migratieachtergrond.,0,,1 januari,"BRP, O&S",Amsterdam: stadsdeel/GGW-gebied/wijk/buurt en overige indelingen,,
Amsterdam O&S BBGA,BBGA,Basisbestand Gebieden Amsterdam,BEV80PLUSGEEN_P,Bevolking leeftijd,Geen migratieachtergrond 80+ (%),Aandeel Amsterdammers van 80 jaar en ouder zonder migratieachtergrond.,0 %,,1 januari,"BRP, O&S",Amsterdam: stadsdeel/GGW-gebied/wijk/buurt en overige indelingen,,
Amsterdam O&S BBGA,BBGA,Basisbestand Gebieden Amsterdam,BEV17TWEEDE,Bevolking leeftijd,Tweede generatie migrant 0-17 jaar,"Aantal Amsterdammers van 0 t/m 17 jaar die tweede generatie migrant zijn.
Men is een tweede generatie migrant wanneer men in Nederland is geboren en wanneer tenminste één van de ouders in het buitenland geboren is.",0,,1 januari,"BRP, O&S",Amsterdam: stadsdeel/GGW-gebied/wijk/buurt en overige indelingen,,
Amsterdam O&S BBGA,BBGA,Basisbestand Gebieden Amsterdam,BEV17TWEEDE_P,Bevolking leeftijd,Tweede generatie migrant 0-17 jaar (%),"Aandeel Amsterdammers van 0 t/m 17 jaar die tweede generatie migrant zijn.
Men is een tweede generatie migrant wanneer men in Nederland is geboren en wanneer tenminste één van de ouders in het buitenland geboren is.",0 %,,1 januari,"BRP, O&S",Amsterdam: stadsdeel/GGW-gebied/wijk/buurt en overige indelingen,,
Amsterdam O&S BBGA,BBGA,Basisbestand Gebieden Amsterdam,BEV18_22TWEEDE,Bevolking leeftijd,Tweede generatie migrant 18-22 jaar,"Aantal Amsterdammers van 18 t/m 22 jaar die tweede generatie migrant zijn.
Men is een tweede generatie migrant wanneer men in Nederland is geboren en wanneer tenminste één van de ouders in het buitenland geboren is.",0,,1 januari,"BRP, O&S",Amsterdam: stadsdeel/GGW-gebied/wijk/buurt en overige indelingen,,
Amsterdam O&S BBGA,BBGA,Basisbestand Gebieden Amsterdam,BEV18_22TWEEDE_P,Bevolking leeftijd,Tweede generatie migrant 18-22 jaar (%),"Aandeel Amsterdammers van 18 t/m 22 jaar die tweede generatie migrant zijn.
Men is een tweede generatie migrant wanneer men in Nederland is geboren en wanneer tenminste één van de ouders in het buitenland geboren is.",0 %,,1 januari,"BRP, O&S",Amsterdam: stadsdeel/GGW-gebied/wijk/buurt en overige indelingen,,
Amsterdam O&S BBGA,BBGA,Basisbestand Gebieden Amsterdam,BEV23_39TWEEDE,Bevolking leeftijd,Tweede generatie migrant 23-39 jaar,"Aantal Amsterdammers van 23 t/m 39 jaar die tweede generatie migrant zijn.
Men is een tweede generatie migrant wanneer men in Nederland is geboren en wanneer tenminste één van de ouders in het buitenland geboren is.",0,,1 januari,"BRP, O&S",Amsterdam: stadsdeel/GGW-gebied/wijk/buurt en overige indelingen,,
Amsterdam O&S BBGA,BBGA,Basisbestand Gebieden Amsterdam,BEV23_39TWEEDE_P,Bevolking leeftijd,Tweede generatie migrant 23-39 jaar (%),"Aandeel Amsterdammers van 23 t/m 39 jaar die tweede generatie migrant zijn.
Men is een tweede generatie migrant wanneer men in Nederland is geboren en wanneer tenminste één van de ouders in het buitenland geboren is.",0 %,,1 januari,"BRP, O&S",Amsterdam: stadsdeel/GGW-gebied/wijk/buurt en overige indelingen,,
Amsterdam O&S BBGA,BBGA,Basisbestand Gebieden Amsterdam,BEV40_64TWEEDE,Bevolking leeftijd,Tweede generatie migrant 40-64 jaar,"Aantal Amsterdammers van 40 t/m 64 jaar die tweede generatie migrant zijn.
Men is een tweede generatie migrant wanneer men in Nederland is geboren en wanneer tenminste één van de ouders in het buitenland geboren is.",0,,1 januari,"BRP, O&S",Amsterdam: stadsdeel/GGW-gebied/wijk/buurt en overige indelingen,,
Amsterdam O&S BBGA,BBGA,Basisbestand Gebieden Amsterdam,BEV40_64TWEEDE_P,Bevolking leeftijd,Tweede generatie migrant 40-64 jaar (%),"Aandeel Amsterdammers van 40 t/m 64 jaar die tweede generatie migrant zijn.
Men is een tweede generatie migrant wanneer men in Nederland is geboren en wanneer tenminste één van de ouders in het buitenland geboren is.",0 %,,1 januari,"BRP, O&S",Amsterdam: stadsdeel/GGW-gebied/wijk/buurt en overige indelingen,,
Amsterdam O&S BBGA,BBGA,Basisbestand Gebieden Amsterdam,BEV65PLUSTWEEDE,Bevolking leeftijd,Tweede generatie migrant 65+,"Aantal Amsterdammers van 65 jaar en ouder die tweede generatie migrant zijn.
Men is een tweede generatie migrant wanneer men in Nederland is geboren en wanneer tenminste één van de ouders in het buitenland geboren is.",0,,1 januari,"BRP, O&S",Amsterdam: stadsdeel/GGW-gebied/wijk/buurt en overige indelingen,,
Amsterdam O&S BBGA,BBGA,Basisbestand Gebieden Amsterdam,BEV65PLUSTWEEDE_P,Bevolking leeftijd,Tweede generatie migrant 65+ (%),"Aandeel Amsterdammers van 65 jaar en ouder die tweede generatie migrant zijn.
Men is een tweede generatie migrant wanneer men in Nederland is geboren en wanneer tenminste één van de ouders in het buitenland geboren is.",0 %,,1 januari,"BRP, O&S",Amsterdam: stadsdeel/GGW-gebied/wijk/buurt en overige indelingen,,
Amsterdam O&S BBGA,BBGA,Basisbestand Gebieden Amsterdam,BEV65_79TWEEDE,Bevolking leeftijd,Tweede generatie migrant 65-79 jaar,"Aantal Amsterdammers van 65 t/m 79 jaar die tweede generatie migrant zijn.
Men is een tweede generatie migrant wanneer men in Nederland is geboren en wanneer tenminste één van de ouders in het buitenland geboren is.",0,,1 januari,"BRP, O&S",Amsterdam: stadsdeel/GGW-gebied/wijk/buurt en overige indelingen,,
Amsterdam O&S BBGA,BBGA,Basisbestand Gebieden Amsterdam,BEV65_79TWEEDE_P,Bevolking leeftijd,Tweede generatie migrant 65-79 jaar (%),"Aandeel Amsterdammers van 65 t/m 79 jaar die tweede generatie migrant zijn.
Men is een tweede generatie migrant wanneer men in Nederland is geboren en wanneer tenminste één van de ouders in het buitenland geboren is.",0 %,,1 januari,"BRP, O&S",Amsterdam: stadsdeel/GGW-gebied/wijk/buurt en overige indelingen,,
Amsterdam O&S BBGA,BBGA,Basisbestand Gebieden Amsterdam,BEV80PLUSTWEEDE,Bevolking leeftijd,Tweede generatie migrant 80+,"Aantal Amsterdammers van 80 jaar en ouder die tweede generatie migrant zijn.
Men is een tweede generatie migrant wanneer men in Nederland is geboren en wanneer tenminste één van de ouders in het buitenland geboren is.",0,,1 januari,"BRP, O&S",Amsterdam: stadsdeel/GGW-gebied/wijk/buurt en overige indelingen,,
Amsterdam O&S BBGA,BBGA,Basisbestand Gebieden Amsterdam,BEV80PLUSTWEEDE_P,Bevolking leeftijd,Tweede generatie migrant 80+ (%),"Aandeel Amsterdammers van 80 jaar en ouder die tweede generatie migrant zijn.
Men is een tweede generatie migrant wanneer men in Nederland is geboren en wanneer tenminste één van de ouders in het buitenland geboren is.",0 %,,1 januari,"BRP, O&S",Amsterdam: stadsdeel/GGW-gebied/wijk/buurt en overige indelingen,,
Amsterdam O&S BBGA,BBGA,Basisbestand Gebieden Amsterdam,SRCULTVOORZ_R,Cultuur,Buurt: aanbod culturele voorzieningen (1-10),"Gemiddeld rapportcijfer dat bewoners geven als antwoord op de vraag: Wat vindt u van het aanbod van culturele voorzieningen in uw buurt? (1=ruim onvoldoende, 10= ruim voldoende).
Er wordt alleen gerapporteerd over gebieden met minstens 20 respondenten.",0,,1 april,"O&S, Wonen in Amsterdam",Amsterdam: stadsdeel/GGW-gebied/wijk/buurt en overige indelingen,,
Amsterdam O&S BBGA,BBGA,Basisbestand Gebieden Amsterdam,SRCULTUUR_1000INW,Cultuur,Cultuurvestigingen per 1.000 inwoners,"Aantal vestigingen voor cultuur per 1. 000 inwoners. Het gaat om het aantal in het LISA geregistreerde vestigingen met de SBI-codes 59.14; 90.041; 85.52; 91.01; en 91.02. De codes staan voor Bioscopen; Dansscholen; Kunstzinnige vorming van amateurs; Theaters en schouwburgen; Openbare bibliotheken; Kunstuitleencentra; Overige culturele uitleencentra en openbare archieven; Musea; Kunstgaleries en expositieruimten.
Sinds 1 juli 2008 zijn ook vrije beroepen verplicht zich in te schrijven in het Handelregister.",0 /1.000 inwoners,,1 januari,LISA,Amsterdam: stadsdeel/GGW-gebied/wijk/buurt en overige indelingen,,
Amsterdam O&S BBGA,BBGA,Basisbestand Gebieden Amsterdam,SRMUSEA,Cultuur,Cultuurvestigingen: expositie,"Aantal musea, kunstgalerieen en expositieruimten zoals geregistreerd in het LISA met de SBI-code 91.02.
Sinds 1 juli 2008 zijn ook vrije beroepen verplicht zich in te schrijven in het Handelregister. Waarden van 1, 2, 3 of 4 zijn afgerond naar 5.Sinds 2022 heeft O&S de methodiek overgenomen van LISA, het landelijke vestigings- en banenregister, om het aantal banen en vestigingen per jaar te bepalen. De peildatum is bovendien 1 april en niet meer 1 januari. De cijfers tot en met 2011 zijn gebaseerd op de oude methode van O&S, toen de cijfers nog werden gebaseerd op het LISA-bestand. Vanaf 2012 is de nieuwe LISA-methode gehanteerd waardoor een vergelijking tussen de jaren na 2012 jaren wel mogelijk is.",0,,1 april,LISA,Amsterdam: stadsdeel/GGW-gebied/wijk/buurt en overige indelingen,,
Amsterdam O&S BBGA,BBGA,Basisbestand Gebieden Amsterdam,SRCULTAMATEUR,Cultuur,Cultuurvestigingen: onderwijs,"Aantal vestigingen voor cultureel onderwijs zoals geregistreerd in het LISA  met de SBI-code 85.52. Het gaat om dansscholen en kunstzinnige vorming van amateurs.
Sinds 1 juli 2008 zijn ook vrije beroepen verplicht zich in te schrijven in het Handelregister. Waarden van 1, 2, 3 of 4 zijn afgerond naar 5. Sinds 2022 heeft O&S de methodiek overgenomen van LISA, het landelijke vestigings- en banenregister, om het aantal banen en vestigingen per jaar te bepalen. De peildatum is bovendien 1 april en niet meer 1 januari. De cijfers tot en met 2011 zijn gebaseerd op de oude methode van O&S, toen de cijfers nog werden gebaseerd op het LISA-bestand. Vanaf 2012 is de nieuwe LISA-methode gehanteerd waardoor een vergelijking tussen de jaren na 2012 jaren wel mogelijk is.",0,,1 april,LISA,Amsterdam: stadsdeel/GGW-gebied/wijk/buurt en overige indelingen,,
Amsterdam O&S BBGA,BBGA,Basisbestand Gebieden Amsterdam,SRCULTUURPODIA,Cultuur,Cultuurvestigingen: podia,"Aantal bioscopen, theaters en schouwburgen zoals geregistreerd in het LISA met de SBI-codes 59.14 en 90.041. Waarden van 1, 2, 3 of 4 zijn afgerond naar 5.
Sinds 2022 heeft O&S de methodiek overgenomen van LISA, het landelijke vestigings- en banenregister, om het aantal banen en vestigingen per jaar te bepalen. De peildatum is bovendien 1 april en niet meer 1 januari. De cijfers tot en met 2011 zijn gebaseerd op de oude methode van O&S, toen de cijfers nog werden gebaseerd op het LISA-bestand. Vanaf 2012 is de nieuwe LISA-methode gehanteerd waardoor een vergelijking tussen de jaren na 2012 jaren wel mogelijk is.",0,,1 april,LISA,Amsterdam: stadsdeel/GGW-gebied/wijk/buurt en overige indelingen,,
Amsterdam O&S BBGA,BBGA,Basisbestand Gebieden Amsterdam,SRCULTUUR,Cultuur,Cultuurvestigingen: totaal,"Aantal in het LISA geregistreerde vestigingen voor cultuur met de SBI-codes 59.14; 90.041; 85.52; 91.01; en 91.02. De codes staan voor  Bioscopen;Theaters en schouwburgen; Dansscholen; Kunstzinnige vorming van amateurs;  Openbare bibliotheken; Kunstuitleencentra; Overige culturele uitleencentra en openbare archieven; Musea; Kunstgaleries en expositieruimten.
Sinds 1 juli 2008 zijn ook vrije beroepen verplicht zich in te schrijven in het Handelregister. Waarden van 1, 2, 3 of 4 zijn afgerond naar 5. Sinds 2022 heeft O&S de methodiek overgenomen van LISA, het landelijke vestigings- en banenregister, om het aantal banen en vestigingen per jaar te bepalen. De peildatum is bovendien 1 april en niet meer 1 januari. De cijfers tot en met 2011 zijn gebaseerd op de oude methode van O&S, toen de cijfers nog werden gebaseerd op het LISA-bestand. Vanaf 2012 is de nieuwe LISA-methode gehanteerd waardoor een vergelijking tussen de jaren na 2012 jaren wel mogelijk is.",0,,1 april,LISA,Amsterdam: stadsdeel/GGW-gebied/wijk/buurt en overige indelingen,,
Amsterdam O&S BBGA,BBGA,Basisbestand Gebieden Amsterdam,SRUITLEEN,Cultuur,Cultuurvestigingen: uitleen,"Aantal culturele uitleencentra en openbare archieven zoals geregistreerd in het LISA met de SBI-code 91.01. Het gaat om openbare bibliotheken, kunstuileencentra en overige uitleencentra en archieven.
Sinds 1 juli 2008 zijn ook vrije beroepen verplicht zich in te schrijven in het Handelregister. Waarden van 1, 2, 3 of 4 zijn afgerond naar 5. Sinds 2022 heeft O&S de methodiek overgenomen van LISA, het landelijke vestigings- en banenregister, om het aantal banen en vestigingen per jaar te bepalen. De peildatum is bovendien 1 april en niet meer 1 januari. De cijfers tot en met 2011 zijn gebaseerd op de oude methode van O&S, toen de cijfers nog werden gebaseerd op het LISA-bestand. Vanaf 2012 is de nieuwe LISA-methode gehanteerd waardoor een vergelijking tussen de jaren na 2012 jaren wel mogelijk is.",0,,1 april,LISA,Amsterdam: stadsdeel/GGW-gebied/wijk/buurt en overige indelingen,,
Amsterdam O&S BBGA,BBGA,Basisbestand Gebieden Amsterdam,BHLOCVKPCULTONT,Cultuur,instellingen cultuur en onstpanning,"Locatus geeft aan dat een verkooppunt een onderneming of instelling is met een publiek toegankelijke ruimte waar producten of diensten aangeboden en verhandeld worden. Dit kunnen winkels, kapperzaken of restaurants zijn, maar ook sauna's, makelaarskantoren en musea. De winkelvloeroppervlakte is de oppervlakte van een verkooppunt die voor het publiek toegankelijk is.
De dataverzameling vindt plaatst op basis van observatieonderzoek in de winkelgebieden in Amsterdam aangevuld met desk research.",0,,1 januari,Locatus,Amsterdam: stadsdeel/GGW-gebied/wijk/buurt en overige indelingen,,
Amsterdam O&S BBGA,BBGA,Basisbestand Gebieden Amsterdam,SRUIT4_P,Cultuur,Participatie: culturele participatie,"Aandeel 18-plussers dat de afgelopen 12 maanden minstens 4 van de volgende culturele voorzieningen heeft bezocht:
*dansavond of houseparty
*concert van klassieke muziek
*popconcert
*opera
*toneelvoorstelling
*balletuitvoering
*cabaretvoorstelling
*musical
*film
*museum
*multicultureel festival
*Lhbtiq+festival of  activiteit",0 %,,1 september,"De Staat van de Stad, O&S",Amsterdam: stadsdeel/GGW-gebied/wijk/buurt en overige indelingen,,
Amsterdam O&S BBGA,BBGA,Basisbestand Gebieden Amsterdam,LOMGANGGROEPENB_R,Diversiteit,Buurt: omgang tussen groepen (1-10),"Gemiddeld rapportcijfer dat bewoners geven als antwoord op de vraag: Hoe gaan verschillende groepen mensen in uw buurt met elkaar om? (1=zeer onprettig en 10=zeer prettig).
Er wordt alleen gerapporteerd over gebieden met minstens 20 respondenten.",0,,1 april,"O&S, Wonen in Amsterdam",Amsterdam: stadsdeel/GGW-gebied/wijk/buurt en overige indelingen,,
Amsterdam O&S BBGA,BBGA,Basisbestand Gebieden Amsterdam,LHOMOTOL_5,Diversiteit,LHBTQIA+ acceptatie (1-5),"Aan de hand van 5 stellingen over lhb-ers is een schaal van homo-acceptatie opgesteld die de houding van Amsterdammers ten aanzien van lhb-ers, de acceptatie in de directe omgeving en de openbare ruimte beschrijft.
Tussen 2021 en 2023 is er sprake van een trendbreuk. Dit komt omdat een aantal stellingen in 2023 zijn aangepast. De schaal loopt van 1 tot 5, waarbij een score van 1 staat voor niet accepterend en 5 voor heel accepterend t.a.v. homoseksuelen.
Tussen 2021 en 2023 is sprake van een trendbreuk. Dit komt ten eerste omdat bij de laatste meting ook inwoners van Weesp zijn ondervraagd. Ten tweede bestaat de respondentengroep in 2023 uit inwoners van 25 jaar en ouder. Voor inwoners 16 tot en met 24 jaar is een aparte vragenlijst ontwikkelend, die beter bij hun leefwereld aansluit.Er wordt alleen gerapporteerd over gebieden met minstens 50 respondenten.",0,,1 juli,"Burgermonitor, O&S",Amsterdam: stadsdeel/GGW-gebied/wijk/buurt en overige indelingen,,
Amsterdam O&S BBGA,BBGA,Basisbestand Gebieden Amsterdam,LDISCRI_P,Diversiteit,Slachtofferschap: discriminatie (% wel eens),"Het aandeel 15-plussers dat zich de afgelopen 12 maanden wel eens gediscrimineerd heeft gevoeld.
Er wordt alleen gerapporteerd over gebieden met minstens 50 respondenten. De vragenlijst en de onderzoeksmethode van de Veiligheidsmonitor zijn in 2021 gewijzigd. Sommige indicatoren zijn hierdoor niet beschikbaar voor eerdere jaren. Voor andere indicatoren geldt dat de vergelijking met eerdere jaren voorzichtig gemaakt dient te worden.",0 %,,1 september,Veiligheidsmonitor Amsterdam-Amstelland,Amsterdam: stadsdeel/GGW-gebied/wijk/buurt en overige indelingen,,
Amsterdam O&S BBGA,BBGA,Basisbestand Gebieden Amsterdam,DCONPM25,Duurzaamheid,concentratie fijnstof (jaargemiddelde),"Luchtvervuiling uitgedrukt in het jaargemiddelde van de concentratie van fijnstofdeeltjes van 2,5 micrometer in microgram per kubieke meter",0 /m3,,,RIVM,Amsterdam: stadsdeel/GGW-gebied/wijk/buurt en overige indelingen,,
Amsterdam O&S BBGA,BBGA,Basisbestand Gebieden Amsterdam,WLABELAB_P,Duurzaamheid,Energielabel A++++ t/m B (%),Aandeel woningen met een energielabel van A++++ tot en met B,0 %,,jaarcijfer,RVO,Amsterdam: stadsdeel/GGW-gebied/wijk/buurt en overige indelingen,,
Amsterdam O&S BBGA,BBGA,Basisbestand Gebieden Amsterdam,WLABELCD_P,Duurzaamheid,Energielabel C t/m D (%),Aandeel woningen met een energielabel van C of D,0 %,,jaarcijfer,RVO,Amsterdam: stadsdeel/GGW-gebied/wijk/buurt en overige indelingen,,
Amsterdam O&S BBGA,BBGA,Basisbestand Gebieden Amsterdam,WLABELEFG_P,Duurzaamheid,Energielabel E t/m G (%),"Aandeel woningen met een energielabel van E , F of G.",0 %,,jaarcijfer,RVO,Amsterdam: stadsdeel/GGW-gebied/wijk/buurt en overige indelingen,,
Amsterdam O&S BBGA,BBGA,Basisbestand Gebieden Amsterdam,WLABELONB_P,Duurzaamheid,Energielabel onbekend (%),Aandeel woningen zonder of met een onbekend energielabel.,0 %,,jaarcijfer,RVO,Amsterdam: stadsdeel/GGW-gebied/wijk/buurt en overige indelingen,,
Amsterdam O&S BBGA,BBGA,Basisbestand Gebieden Amsterdam,DGEMWRMVR,Duurzaamheid,warmtebehoefte per woning in kWh (jaargemiddelde),"De gemiddelde hoeveelheid warmte die moet worden opgewekt om een woning het gehele jaar tot minimaal 20 graden celcius te verwarmen, zoals aangegeven op het energielabel",0 kWh,,,RVO,Amsterdam: stadsdeel/GGW-gebied/wijk/buurt en overige indelingen,,
Amsterdam O&S BBGA,BBGA,Basisbestand Gebieden Amsterdam,DZON_P,Duurzaamheid,Woningen met zonnepanelen / WTW (%),"Aandeel woningen met zonnepanelen en/of een warmteterugwinsysteem.
De cijfers op wijkniveau zijn gebaseerd op de WIA-buurtindeling. Er wordt alleen gerapporteerd over gebieden met minstens 50 respondenten.",0 %,,1 april,"O&S, Wonen in Amsterdam",Amsterdam: stadsdeel/GGW-gebied/wijk/buurt en overige indelingen,,
Amsterdam O&S BBGA,BBGA,Basisbestand Gebieden Amsterdam,BHVEST_HANDEL,Economie,Bedrijf: vestigingen handel,"De deelfunctie 'handel' wordt aan een vestiging toegekend op basis van de activiteitencode (SBI) waarmee deze vestiging is geregistreerd bij de Kamer van Koophandel. De deelfunctie Handel valt onder de hoofdfunctie Bedrijven.
Sinds 2022 heeft O&S de methodiek overgenomen van LISA, het landelijke vestigings- en banenregister, om het aantal banen en vestigingen per jaar te bepalen. De peildatum is bovendien 1 april en niet meer 1 januari. De cijfers tot en met 2011 zijn gebaseerd op de oude methode van O&S, toen de cijfers nog werden gebaseerd op het ARRA-bestand. Vanaf 2012 is de nieuwe LISA-methode gehanteerd waardoor een vergelijking tussen de jaren na 2012 jaren wel mogelijk is. Sinds 1 juli 2008 zijn ook vrije beroepen verplicht zich in te schrijven in het Handelregister. In 2008 leidde dit tot een toename van het aantal geregistreerde artsen en advocaten en in 2009 van de creatieve beroepen. Er worden alleen gegevens verstrekt over gebieden met minimaal 5 vestigingen. Percentages hoger dan 90 procent zijn afgerond naar 90 procent. Waarden van 1, 2, 3 of 4 zijn afgerond naar 5.",0,,1 april,LISA,Amsterdam: stadsdeel/GGW-gebied/wijk/buurt en overige indelingen,,
Amsterdam O&S BBGA,BBGA,Basisbestand Gebieden Amsterdam,BHVEST_INDBW,Economie,Bedrijf: vestigingen industrie / bouw,"De deelfunctie 'Industrie / Bouw' wordt aan een vestiging toegekend op basis van de activiteitencode (SBI) waarmee deze vestiging is geregistreerd bij de Kamer van Koophandel. De deelfunctie Industrie / Bouw valt onder de hoofdfunctie Bedrijven.
Sinds 2022 heeft O&S de methodiek overgenomen van LISA, het landelijke vestigings- en banenregister, om het aantal banen en vestigingen per jaar te bepalen. De peildatum is bovendien 1 april en niet meer 1 januari. De cijfers tot en met 2011 zijn gebaseerd op de oude methode van O&S, toen de cijfers nog werden gebaseerd op het ARRA-bestand. Vanaf 2012 is de nieuwe LISA-methode gehanteerd waardoor een vergelijking tussen de jaren na 2012 jaren wel mogelijk is. Sinds 1 juli 2008 zijn ook vrije beroepen verplicht zich in te schrijven in het Handelregister. In 2008 leidde dit tot een toename van het aantal geregistreerde artsen en advocaten en in 2009 van de creatieve beroepen. Er worden alleen gegevens verstrekt over gebieden met minimaal 5 vestigingen. Percentages hoger dan 90 procent zijn afgerond naar 90 procent. Waarden van 1, 2, 3 of 4 zijn afgerond naar 5.",0,,1 april,LISA,Amsterdam: stadsdeel/GGW-gebied/wijk/buurt en overige indelingen,,
Amsterdam O&S BBGA,BBGA,Basisbestand Gebieden Amsterdam,BHVEST_MEDFILM,Economie,Bedrijf: vestigingen media / filmproductie,"De deelfunctie 'media / filmproductie' wordt aan een vestiging toegekend op basis van de activiteitencode (SBI) waarmee deze vestiging is geregistreerd bij de Kamer van Koophandel. De deelfunctie Media / filmproductie valt onder de hoofdfunctie Bedrijven.
Sinds 2022 heeft O&S de methodiek overgenomen van LISA, het landelijke vestigings- en banenregister, om het aantal banen en vestigingen per jaar te bepalen. De peildatum is bovendien 1 april en niet meer 1 januari. De cijfers tot en met 2011 zijn gebaseerd op de oude methode van O&S, toen de cijfers nog werden gebaseerd op het ARRA-bestand. Vanaf 2012 is de nieuwe LISA-methode gehanteerd waardoor een vergelijking tussen de jaren na 2012 jaren wel mogelijk is. Sinds 1 juli 2008 zijn ook vrije beroepen verplicht zich in te schrijven in het Handelregister. In 2008 leidde dit tot een toename van het aantal geregistreerde artsen en advocaten en in 2009 van de creatieve beroepen. Er worden alleen gegevens verstrekt over gebieden met minimaal 5 vestigingen. Percentages hoger dan 90 procent zijn afgerond naar 90 procent. Waarden van 1, 2, 3 of 4 zijn afgerond naar 5.",0,,1 april,LISA,Amsterdam: stadsdeel/GGW-gebied/wijk/buurt en overige indelingen,,
Amsterdam O&S BBGA,BBGA,Basisbestand Gebieden Amsterdam,BHVEST_ONDERH,Economie,Bedrijf: vestigingen onderhoud / reparatie,"De deelfunctie 'onderhoud / reparatie' wordt aan een vestiging toegekend op basis van de activiteitencode (SBI) waarmee deze vestiging is geregistreerd bij de Kamer van Koophandel. De deelfunctie Onderhoud / Reparatie valt onder de hoofdfunctie Bedrijven.
Sinds 2022 heeft O&S de methodiek overgenomen van LISA, het landelijke vestigings- en banenregister, om het aantal banen en vestigingen per jaar te bepalen. De peildatum is bovendien 1 april en niet meer 1 januari. De cijfers tot en met 2011 zijn gebaseerd op de oude methode van O&S, toen de cijfers nog werden gebaseerd op het ARRA-bestand. Vanaf 2012 is de nieuwe LISA-methode gehanteerd waardoor een vergelijking tussen de jaren na 2012 jaren wel mogelijk is. Sinds 1 juli 2008 zijn ook vrije beroepen verplicht zich in te schrijven in het Handelregister. In 2008 leidde dit tot een toename van het aantal geregistreerde artsen en advocaten en in 2009 van de creatieve beroepen. Er worden alleen gegevens verstrekt over gebieden met minimaal 5 vestigingen. Percentages hoger dan 90 procent zijn afgerond naar 90 procent. Waarden van 1, 2, 3 of 4 zijn afgerond naar 5.",0,,1 april,LISA,Amsterdam: stadsdeel/GGW-gebied/wijk/buurt en overige indelingen,,
Amsterdam O&S BBGA,BBGA,Basisbestand Gebieden Amsterdam,BHVEST_OVBEDR,Economie,Bedrijf: vestigingen overige bedrijven,"De deelfunctie 'overige bedrijven' wordt aan een vestiging toegekend op basis van de activiteitencode (SBI) waarmee deze vestiging is geregistreerd bij de Kamer van Koophandel. De deelfunctie Overige bedrijven valt onder de hoofdfunctie Bedrijven.
Sinds 2022 heeft O&S de methodiek overgenomen van LISA, het landelijke vestigings- en banenregister, om het aantal banen en vestigingen per jaar te bepalen. De peildatum is bovendien 1 april en niet meer 1 januari. De cijfers tot en met 2011 zijn gebaseerd op de oude methode van O&S, toen de cijfers nog werden gebaseerd op het ARRA-bestand. Vanaf 2012 is de nieuwe LISA-methode gehanteerd waardoor een vergelijking tussen de jaren na 2012 jaren wel mogelijk is. Sinds 1 juli 2008 zijn ook vrije beroepen verplicht zich in te schrijven in het Handelregister. In 2008 leidde dit tot een toename van het aantal geregistreerde artsen en advocaten en in 2009 van de creatieve beroepen. Er worden alleen gegevens verstrekt over gebieden met minimaal 5 vestigingen. Percentages hoger dan 90 procent zijn afgerond naar 90 procent. Waarden van 1, 2, 3 of 4 zijn afgerond naar 5.",0,,1 april,LISA,Amsterdam: stadsdeel/GGW-gebied/wijk/buurt en overige indelingen,,
Amsterdam O&S BBGA,BBGA,Basisbestand Gebieden Amsterdam,BHVEST_BEDR,Economie,Bedrijf: vestigingen totaal,"De hoofdfunctie 'bedrijf' wordt aan een vestiging toegekend op basis van de activiteitencode (SBI) waarmee deze vestiging is geregistreerd bij de Kamer van Koophandel. De Dienst Ruimtelijke Ordening (DRO) heeft de definitie van bedrijfsvestigingen in Amsterdam bepaald. Dit zijn vestigingen met de SBI-codes van industrie, bouw, onderhoud en reparatie, handel, vervoer, opslag en telecommunicatie, media- en filmproductie en overige bedrijven. Een vestiging is een locatie van een door de Kamer van Koophandel geregistreerde onderneming waarin of van waaruit een economische activiteit wordt uitgeoefend voor minimaal 12 uur per week door minimaal 1 werkzaam persoon.
Sinds 2022 heeft O&S de methodiek overgenomen van LISA, het landelijke vestigings- en banenregister, om het aantal banen en vestigingen per jaar te bepalen. De peildatum is bovendien 1 april en niet meer 1 januari. De cijfers tot en met 2011 zijn gebaseerd op de oude methode van O&S, toen de cijfers nog werden gebaseerd op het ARRA-bestand. Vanaf 2012 is de nieuwe LISA-methode gehanteerd waardoor een vergelijking tussen de jaren na 2012 jaren wel mogelijk is. Sinds 1 juli 2008 zijn ook vrije beroepen verplicht zich in te schrijven in het Handelregister. In 2008 leidde dit tot een toename van het aantal geregistreerde artsen en advocaten en in 2009 van de creatieve beroepen. Er worden alleen gegevens verstrekt over gebieden met minimaal 5 vestigingen. Percentages hoger dan 90 procent zijn afgerond naar 90 procent. Waarden van 1, 2, 3 of 4 zijn afgerond naar 5.",0,,1 april,LISA,Amsterdam: stadsdeel/GGW-gebied/wijk/buurt en overige indelingen,,
Amsterdam O&S BBGA,BBGA,Basisbestand Gebieden Amsterdam,BHVEST_BEDR_P,Economie,Bedrijf: vestigingen totaal (%),"Aandeel van de vestigingen met de hoofdfunctie Bedrijf. De hoofdfunctie 'bedrijf' wordt aan een vestiging toegekend op basis van de activiteitencode (SBI) waarmee deze vestiging is geregistreerd bij de Kamer van Koophandel. De Dienst Ruimtelijke Ordening (DRO) heeft de definitie van bedrijfsvestigingen in Amsterdam bepaald. Dit zijn vestigingen met de SBI-codes van industrie, bouw, onderhoud en reparatie, handel, vervoer, opslag en telecommunicatie, media- en filmproductie en overige bedrijven. Een vestiging is een locatie van een door de Kamer van Koophandel geregistreerde onderneming waarin of van waaruit een economische activiteit wordt uitgeoefend voor minimaal 12 uur per week door minimaal 1 werkzaam persoon.
Sinds 2022 heeft O&S de methodiek overgenomen van LISA, het landelijke vestigings- en banenregister, om het aantal banen en vestigingen per jaar te bepalen. De peildatum is bovendien 1 april en niet meer 1 januari. De cijfers tot en met 2011 zijn gebaseerd op de oude methode van O&S, toen de cijfers nog werden gebaseerd op het ARRA-bestand. Vanaf 2012 is de nieuwe LISA-methode gehanteerd waardoor een vergelijking tussen de jaren na 2012 jaren wel mogelijk is. Sinds 1 juli 2008 zijn ook vrije beroepen verplicht zich in te schrijven in het Handelregister. In 2008 leidde dit tot een toename van het aantal geregistreerde artsen en advocaten en in 2009 van de creatieve beroepen. Er worden alleen gegevens verstrekt over gebieden met minimaal 5 vestigingen. Percentages hoger dan 90 procent zijn afgerond naar 90 procent. Waarden van 1, 2, 3 of 4 zijn afgerond naar 5.",0 %,,1 april,LISA,Amsterdam: stadsdeel/GGW-gebied/wijk/buurt en overige indelingen,,
Amsterdam O&S BBGA,BBGA,Basisbestand Gebieden Amsterdam,BHVEST_VOT,Economie,"Bedrijf: vestigingen vervoer, opslag, telecommunicatie","De deelfunctie 'Vervoer, vestigingen, telecommunicatie' wordt aan een vestiging toegekend op basis van de activiteitencode (SBI) waarmee deze vestiging is geregistreerd bij de Kamer van Koophandel. De deelfunctie Vervoer, opslag, telecommunicatie valt onder de hoofdfunctie Bedrijven.
Sinds 2022 heeft O&S de methodiek overgenomen van LISA, het landelijke vestigings- en banenregister, om het aantal banen en vestigingen per jaar te bepalen. De peildatum is bovendien 1 april en niet meer 1 januari. De cijfers tot en met 2011 zijn gebaseerd op de oude methode van O&S, toen de cijfers nog werden gebaseerd op het ARRA-bestand. Vanaf 2012 is de nieuwe LISA-methode gehanteerd waardoor een vergelijking tussen de jaren na 2012 jaren wel mogelijk is. Sinds 1 juli 2008 zijn ook vrije beroepen verplicht zich in te schrijven in het Handelregister. In 2008 leidde dit tot een toename van het aantal geregistreerde artsen en advocaten en in 2009 van de creatieve beroepen. Er worden alleen gegevens verstrekt over gebieden met minimaal 5 vestigingen. Percentages hoger dan 90 procent zijn afgerond naar 90 procent. Waarden van 1, 2, 3 of 4 zijn afgerond naar 5.",0,,1 april,LISA,Amsterdam: stadsdeel/GGW-gebied/wijk/buurt en overige indelingen,,
Amsterdam O&S BBGA,BBGA,Basisbestand Gebieden Amsterdam,BHWP_HANDEL,Economie,Bedrijf: werkzame personen handel,"Personen die voor 12 uur of meer per week werkzaam zijn bij vestigingen met de deelfunctie 'handel'.
Sinds 2022 heeft O&S de methodiek overgenomen van LISA, het landelijke vestigings- en banenregister, om het aantal banen en vestigingen per jaar te bepalen. De peildatum is bovendien 1 april en niet meer 1 januari. De cijfers tot en met 2011 zijn gebaseerd op de oude methode van O&S, toen de cijfers nog werden gebaseerd op het ARRA-bestand. Vanaf 2012 is de nieuwe LISA-methode gehanteerd waardoor een vergelijking tussen de jaren na 2012 jaren wel mogelijk is. Sinds 1 juli 2008 zijn ook vrije beroepen verplicht zich in te schrijven in het Handelregister. In 2008 leidde dit tot een toename van het aantal geregistreerde artsen en advocaten en in 2009 van de creatieve beroepen. Er worden alleen gegevens verstrekt over gebieden met minimaal 5 vestigingen. Percentages hoger dan 90 procent zijn afgerond naar 90 procent. Waarden van 1, 2, 3 of 4 zijn afgerond naar 5.",0,,1 april,LISA,Amsterdam: stadsdeel/GGW-gebied/wijk/buurt en overige indelingen,,
Amsterdam O&S BBGA,BBGA,Basisbestand Gebieden Amsterdam,BHWP_INDBW,Economie,Bedrijf: werkzame personen industrie / bouw,"Personen die voor 12 uur of meer per week werkzaam zijn bij vestigingen met de deelfunctie 'industrie / bouw'.
Sinds 2022 heeft O&S de methodiek overgenomen van LISA, het landelijke vestigings- en banenregister, om het aantal banen en vestigingen per jaar te bepalen. De peildatum is bovendien 1 april en niet meer 1 januari. De cijfers tot en met 2011 zijn gebaseerd op de oude methode van O&S, toen de cijfers nog werden gebaseerd op het ARRA-bestand. Vanaf 2012 is de nieuwe LISA-methode gehanteerd waardoor een vergelijking tussen de jaren na 2012 jaren wel mogelijk is. Sinds 1 juli 2008 zijn ook vrije beroepen verplicht zich in te schrijven in het Handelregister. In 2008 leidde dit tot een toename van het aantal geregistreerde artsen en advocaten en in 2009 van de creatieve beroepen. Er worden alleen gegevens verstrekt over gebieden met minimaal 5 vestigingen. Percentages hoger dan 90 procent zijn afgerond naar 90 procent. Waarden van 1, 2, 3 of 4 zijn afgerond naar 5.",0,,1 april,LISA,Amsterdam: stadsdeel/GGW-gebied/wijk/buurt en overige indelingen,,
Amsterdam O&S BBGA,BBGA,Basisbestand Gebieden Amsterdam,BHWP_MEDFILM,Economie,Bedrijf: werkzame personen media / filmproductie,"Personen die voor 12 uur of meer per week werkzaam zijn bij vestigingen met de deelfunctie media / filmproductie.
Sinds 2022 heeft O&S de methodiek overgenomen van LISA, het landelijke vestigings- en banenregister, om het aantal banen en vestigingen per jaar te bepalen. De peildatum is bovendien 1 april en niet meer 1 januari. De cijfers tot en met 2011 zijn gebaseerd op de oude methode van O&S, toen de cijfers nog werden gebaseerd op het ARRA-bestand. Vanaf 2012 is de nieuwe LISA-methode gehanteerd waardoor een vergelijking tussen de jaren na 2012 jaren wel mogelijk is. Sinds 1 juli 2008 zijn ook vrije beroepen verplicht zich in te schrijven in het Handelregister. In 2008 leidde dit tot een toename van het aantal geregistreerde artsen en advocaten en in 2009 van de creatieve beroepen. Er worden alleen gegevens verstrekt over gebieden met minimaal 5 vestigingen. Percentages hoger dan 90 procent zijn afgerond naar 90 procent. Waarden van 1, 2, 3 of 4 zijn afgerond naar 5.",0,,1 april,LISA,Amsterdam: stadsdeel/GGW-gebied/wijk/buurt en overige indelingen,,
Amsterdam O&S BBGA,BBGA,Basisbestand Gebieden Amsterdam,BHWP_ONDERH,Economie,Bedrijf: werkzame personen onderhoud / reparatie,"Personen die voor 12 uur of meer per week werkzaam zijn bij vestigingen met de deelfunctie onderhoud / reparatie.
Sinds 2022 heeft O&S de methodiek overgenomen van LISA, het landelijke vestigings- en banenregister, om het aantal banen en vestigingen per jaar te bepalen. De peildatum is bovendien 1 april en niet meer 1 januari. De cijfers tot en met 2011 zijn gebaseerd op de oude methode van O&S, toen de cijfers nog werden gebaseerd op het ARRA-bestand. Vanaf 2012 is de nieuwe LISA-methode gehanteerd waardoor een vergelijking tussen de jaren na 2012 jaren wel mogelijk is. Sinds 1 juli 2008 zijn ook vrije beroepen verplicht zich in te schrijven in het Handelregister. In 2008 leidde dit tot een toename van het aantal geregistreerde artsen en advocaten en in 2009 van de creatieve beroepen. Er worden alleen gegevens verstrekt over gebieden met minimaal 5 vestigingen. Percentages hoger dan 90 procent zijn afgerond naar 90 procent. Waarden van 1, 2, 3 of 4 zijn afgerond naar 5.",0,,1 april,LISA,Amsterdam: stadsdeel/GGW-gebied/wijk/buurt en overige indelingen,,
Amsterdam O&S BBGA,BBGA,Basisbestand Gebieden Amsterdam,BHWP_OVBEDR,Economie,Bedrijf: werkzame personen overige bedrijven,"Personen die voor 12 uur of meer per week werkzaam zijn bij vestigingen met de deelfunctie 'overige bedrijven'.
Sinds 2022 heeft O&S de methodiek overgenomen van LISA, het landelijke vestigings- en banenregister, om het aantal banen en vestigingen per jaar te bepalen. De peildatum is bovendien 1 april en niet meer 1 januari. De cijfers tot en met 2011 zijn gebaseerd op de oude methode van O&S, toen de cijfers nog werden gebaseerd op het ARRA-bestand. Vanaf 2012 is de nieuwe LISA-methode gehanteerd waardoor een vergelijking tussen de jaren na 2012 jaren wel mogelijk is. Sinds 1 juli 2008 zijn ook vrije beroepen verplicht zich in te schrijven in het Handelregister. In 2008 leidde dit tot een toename van het aantal geregistreerde artsen en advocaten en in 2009 van de creatieve beroepen. Er worden alleen gegevens verstrekt over gebieden met minimaal 5 vestigingen. Percentages hoger dan 90 procent zijn afgerond naar 90 procent. Waarden van 1, 2, 3 of 4 zijn afgerond naar 5.",0,,1 april,LISA,Amsterdam: stadsdeel/GGW-gebied/wijk/buurt en overige indelingen,,
Amsterdam O&S BBGA,BBGA,Basisbestand Gebieden Amsterdam,BHWP_BEDR,Economie,Bedrijf: werkzame personen totaal,"Personen die voor 12 uur of meer per week werkzaam zijn bij vestigingen met de hoofdfunctie 'bedrijf'. Dit zijn vestigingen met de SBI-codes van industrie, bouw, onderhoud en reparatie, handel, vervoer, opslag en telecommunicatie, media- en filmproductie en overige bedrijven. Het aantal werkzame personen wordt bepaald op een peildatum.
Sinds 2022 heeft O&S de methodiek overgenomen van LISA, het landelijke vestigings- en banenregister, om het aantal banen en vestigingen per jaar te bepalen. De peildatum is bovendien 1 april en niet meer 1 januari. De cijfers tot en met 2011 zijn gebaseerd op de oude methode van O&S, toen de cijfers nog werden gebaseerd op het ARRA-bestand. Vanaf 2012 is de nieuwe LISA-methode gehanteerd waardoor een vergelijking tussen de jaren na 2012 jaren wel mogelijk is. Sinds 1 juli 2008 zijn ook vrije beroepen verplicht zich in te schrijven in het Handelregister. In 2008 leidde dit tot een toename van het aantal geregistreerde artsen en advocaten en in 2009 van de creatieve beroepen. Er worden alleen gegevens verstrekt over gebieden met minimaal 5 vestigingen. Percentages hoger dan 90 procent zijn afgerond naar 90 procent. Waarden van 1, 2, 3 of 4 zijn afgerond naar 5.",0,,1 april,LISA,Amsterdam: stadsdeel/GGW-gebied/wijk/buurt en overige indelingen,,
Amsterdam O&S BBGA,BBGA,Basisbestand Gebieden Amsterdam,BHWP_BEDR_P,Economie,Bedrijf: werkzame personen totaal (%),"Aandeel van de werkzame personen die voor 12 uur of meer per week werkzaam zijn bij vestigingen met de hoofdfunctie 'bedrijf'. Dit zijn vestigingen met de SBI-codes van industrie, bouw, onderhoud en reparatie, handel, vervoer, opslag en telecommunicatie, media- en filmproductie en overige bedrijven.
Sinds 2022 heeft O&S de methodiek overgenomen van LISA, het landelijke vestigings- en banenregister, om het aantal banen en vestigingen per jaar te bepalen. De peildatum is bovendien 1 april en niet meer 1 januari. De cijfers tot en met 2011 zijn gebaseerd op de oude methode van O&S, toen de cijfers nog werden gebaseerd op het ARRA-bestand. Vanaf 2012 is de nieuwe LISA-methode gehanteerd waardoor een vergelijking tussen de jaren na 2012 jaren wel mogelijk is. Sinds 1 juli 2008 zijn ook vrije beroepen verplicht zich in te schrijven in het Handelregister. In 2008 leidde dit tot een toename van het aantal geregistreerde artsen en advocaten en in 2009 van de creatieve beroepen. Er worden alleen gegevens verstrekt over gebieden met minimaal 5 vestigingen. Percentages hoger dan 90 procent zijn afgerond naar 90 procent. Waarden van 1, 2, 3 of 4 zijn afgerond naar 5.",0 %,,1 april,LISA,Amsterdam: stadsdeel/GGW-gebied/wijk/buurt en overige indelingen,,
Amsterdam O&S BBGA,BBGA,Basisbestand Gebieden Amsterdam,BHWP_VOT,Economie,"Bedrijf: werkzame personen vervoer, opslag, telecommunicatie","Personen die voor 12 uur of meer per week werkzaam zijn bij vestigingen met de deelfunctie 'vervoer, opslag, telecommunicatie'.
Sinds 2022 heeft O&S de methodiek overgenomen van LISA, het landelijke vestigings- en banenregister, om het aantal banen en vestigingen per jaar te bepalen. De peildatum is bovendien 1 april en niet meer 1 januari. De cijfers tot en met 2011 zijn gebaseerd op de oude methode van O&S, toen de cijfers nog werden gebaseerd op het ARRA-bestand. Vanaf 2012 is de nieuwe LISA-methode gehanteerd waardoor een vergelijking tussen de jaren na 2012 jaren wel mogelijk is. Sinds 1 juli 2008 zijn ook vrije beroepen verplicht zich in te schrijven in het Handelregister. In 2008 leidde dit tot een toename van het aantal geregistreerde artsen en advocaten en in 2009 van de creatieve beroepen. Er worden alleen gegevens verstrekt over gebieden met minimaal 5 vestigingen. Percentages hoger dan 90 procent zijn afgerond naar 90 procent. Waarden van 1, 2, 3 of 4 zijn afgerond naar 5.",0,,1 april,LISA,Amsterdam: stadsdeel/GGW-gebied/wijk/buurt en overige indelingen,,
Amsterdam O&S BBGA,BBGA,Basisbestand Gebieden Amsterdam,BHWINKELAANBOD_R,Economie,Buurt: aanbod dagelijkse boodschappen (1-10),"Gemiddeld rapportcijfer dat bewoners geven als antwoord op de vraag: Wat vindt u van het aanbod van winkels voor dagelijkse boodschappen in uw buurt? (1=ruim onvoldoende, 10= ruim voldoende).
Tot en met 2015 werd gevraagd naar het aanbod van winkelvoorzieningen",0,,1 april,"O&S, Wonen in Amsterdam",Amsterdam: stadsdeel/GGW-gebied/wijk/buurt en overige indelingen,,
Amsterdam O&S BBGA,BBGA,Basisbestand Gebieden Amsterdam,BH65PLUSWINKEL_R,Economie,Buurt: aanbod dagelijkse boodschappen 65+ (1-10),"Gemiddeld rapportcijfer dat 65-plussers geven als antwoord op de vraag: Wat vindt u van het aanbod van winkels voor dagelijkse boodschappen in uw buurt? (1=ruim onvoldoende, 10= ruim voldoende).
Tot en met 2015 werd gevraagd naar het aanbod van winkelvoorzieningen",0,,1 april,"O&S, Wonen in Amsterdam",Amsterdam: stadsdeel/GGW-gebied/wijk/buurt en overige indelingen,,
Amsterdam O&S BBGA,BBGA,Basisbestand Gebieden Amsterdam,BHHORECAAANBOD_R,Economie,Buurt: aanbod horeca-aanbod (1-10),"Gemiddeld rapportcijfer dat bewoners geven als antwoord op de vraag: Wat vindt u van het aanbod van horeca in uw buurt? (1=ruim onvoldoende, 10= ruim voldoende)",0,,1 april,"O&S, Wonen in Amsterdam",Amsterdam: stadsdeel/GGW-gebied/wijk/buurt en overige indelingen,,
Amsterdam O&S BBGA,BBGA,Basisbestand Gebieden Amsterdam,BHVEST_0FT,Economie,Grootteklasse 0 full timers,"Aantal vestigingen met alleen werkzame personen die minder dan 12 uur per week werken. Waarden van 1, 2, 3 of 4 zijn afgerond naar 5.
Sinds 2022 heeft O&S de methodiek overgenomen van LISA, het landelijke vestigings- en banenregister, om het aantal banen en vestigingen per jaar te bepalen. De peildatum is bovendien 1 april en niet meer 1 januari. De cijfers tot en met 2011 zijn gebaseerd op de oude methode van O&S, toen de cijfers nog werden gebaseerd op het ARRA-bestand. Vanaf 2012 is de nieuwe LISA-methode gehanteerd waardoor een vergelijking tussen de jaren na 2012 jaren wel mogelijk is. Er worden alleen gegevens verstrekt over gebieden met minimaal 5 vestigingen.",0,,1 april,LISA,Amsterdam: stadsdeel/GGW-gebied/wijk/buurt en overige indelingen,,
Amsterdam O&S BBGA,BBGA,Basisbestand Gebieden Amsterdam,BHVEST_0WP,Economie,Grootteklasse 0 wp,"Aantal vestigingen zonder werkzame personen. Waarden van 1, 2, 3 of 4 zijn afgerond naar 5.
Sinds 2022 heeft O&S de methodiek overgenomen van LISA, het landelijke vestigings- en banenregister, om het aantal banen en vestigingen per jaar te bepalen. De peildatum is bovendien 1 april en niet meer 1 januari. De cijfers tot en met 2011 zijn gebaseerd op de oude methode van O&S, toen de cijfers nog werden gebaseerd op het ARRA-bestand. Vanaf 2012 is de nieuwe LISA-methode gehanteerd waardoor een vergelijking tussen de jaren na 2012 jaren wel mogelijk is. Er worden alleen gegevens verstrekt over gebieden met minimaal 5 vestigingen.",0,,1 april,LISA,Amsterdam: stadsdeel/GGW-gebied/wijk/buurt en overige indelingen,,
Amsterdam O&S BBGA,BBGA,Basisbestand Gebieden Amsterdam,BHVEST_1WP,Economie,Grootteklasse 1 wp,"Aantal vestigingen met 1 werkzame persoon voor minimaal 12 uur per week. Waarden van 1, 2, 3 of 4 zijn afgerond naar 5.
Sinds 2022 heeft O&S de methodiek overgenomen van LISA, het landelijke vestigings- en banenregister, om het aantal banen en vestigingen per jaar te bepalen. De peildatum is bovendien 1 april en niet meer 1 januari. De cijfers tot en met 2011 zijn gebaseerd op de oude methode van O&S, toen de cijfers nog werden gebaseerd op het ARRA-bestand. Vanaf 2012 is de nieuwe LISA-methode gehanteerd waardoor een vergelijking tussen de jaren na 2012 jaren wel mogelijk is. Er worden alleen gegevens verstrekt over gebieden met minimaal 5 vestigingen.",0,,1 april,LISA,Amsterdam: stadsdeel/GGW-gebied/wijk/buurt en overige indelingen,,
Amsterdam O&S BBGA,BBGA,Basisbestand Gebieden Amsterdam,BHVEST_1000PLUSWP,Economie,Grootteklasse 1000+ wp,"Aantal vestigingen met 1.000 of meer werkzame personen voor minimaal 12 uur per week.
Sinds 2022 heeft O&S de methodiek overgenomen van LISA, het landelijke vestigings- en banenregister, om het aantal banen en vestigingen per jaar te bepalen. De peildatum is bovendien 1 april en niet meer 1 januari. De cijfers tot en met 2011 zijn gebaseerd op de oude methode van O&S, toen de cijfers nog werden gebaseerd op het ARRA-bestand. Vanaf 2012 is de nieuwe LISA-methode gehanteerd waardoor een vergelijking tussen de jaren na 2012 jaren wel mogelijk is. Waarden van 1, 2, 3 of 4 zijn afgerond naar 5.",0,,1 april,LISA,Amsterdam: stadsdeel/GGW-gebied/wijk/buurt en overige indelingen,,
Amsterdam O&S BBGA,BBGA,Basisbestand Gebieden Amsterdam,BHVEST_100TM199WP,Economie,Grootteklasse 100-199 wp,"Aantal vestigingen met 100 tot en met 199 werkzame personen voor minimaal 12 uur per week. Waarden van 1, 2, 3 of 4 zijn afgerond naar 5.
Sinds 2022 heeft O&S de methodiek overgenomen van LISA, het landelijke vestigings- en banenregister, om het aantal banen en vestigingen per jaar te bepalen. De peildatum is bovendien 1 april en niet meer 1 januari. De cijfers tot en met 2011 zijn gebaseerd op de oude methode van O&S, toen de cijfers nog werden gebaseerd op het ARRA-bestand. Vanaf 2012 is de nieuwe LISA-methode gehanteerd waardoor een vergelijking tussen de jaren na 2012 jaren wel mogelijk is. Er worden alleen gegevens verstrekt over gebieden met minimaal 5 vestigingen.",0,,1 april,LISA,Amsterdam: stadsdeel/GGW-gebied/wijk/buurt en overige indelingen,,
Amsterdam O&S BBGA,BBGA,Basisbestand Gebieden Amsterdam,BHVEST_10TM19WP,Economie,Grootteklasse 10-19 wp,"Aantal vestigingen met 10 tot en met 19 werkzame personen voor minimaal 12 uur per week. Waarden van 1, 2, 3 of 4 zijn afgerond naar 5.
Sinds 2022 heeft O&S de methodiek overgenomen van LISA, het landelijke vestigings- en banenregister, om het aantal banen en vestigingen per jaar te bepalen. De peildatum is bovendien 1 april en niet meer 1 januari. De cijfers tot en met 2011 zijn gebaseerd op de oude methode van O&S, toen de cijfers nog werden gebaseerd op het ARRA-bestand. Vanaf 2012 is de nieuwe LISA-methode gehanteerd waardoor een vergelijking tussen de jaren na 2012 jaren wel mogelijk is. Er worden alleen gegevens verstrekt over gebieden met minimaal 5 vestigingen.",0,,1 april,LISA,Amsterdam: stadsdeel/GGW-gebied/wijk/buurt en overige indelingen,,
Amsterdam O&S BBGA,BBGA,Basisbestand Gebieden Amsterdam,BHVEST_200TM499WP,Economie,Grootteklasse 200-499 wp,"Aantal vestigingen met 200 tot en met 499 werkzame personen voor minimaal 12 uur per week. Waarden van 1, 2, 3 of 4 zijn afgerond naar 5.
Sinds 2022 heeft O&S de methodiek overgenomen van LISA, het landelijke vestigings- en banenregister, om het aantal banen en vestigingen per jaar te bepalen. De peildatum is bovendien 1 april en niet meer 1 januari. De cijfers tot en met 2011 zijn gebaseerd op de oude methode van O&S, toen de cijfers nog werden gebaseerd op het ARRA-bestand. Vanaf 2012 is de nieuwe LISA-methode gehanteerd waardoor een vergelijking tussen de jaren na 2012 jaren wel mogelijk is. Er worden alleen gegevens verstrekt over gebieden met minimaal 5 vestigingen.",0,,1 april,LISA,Amsterdam: stadsdeel/GGW-gebied/wijk/buurt en overige indelingen,,
Amsterdam O&S BBGA,BBGA,Basisbestand Gebieden Amsterdam,BHVEST_20TM49WP,Economie,Grootteklasse 20-49 wp,"Aantal vestigingen met 20 tot en met 49 werkzame personen voor minimaal 12 uur per week. Waarden van 1, 2, 3 of 4 zijn afgerond naar 5.
Sinds 2022 heeft O&S de methodiek overgenomen van LISA, het landelijke vestigings- en banenregister, om het aantal banen en vestigingen per jaar te bepalen. De peildatum is bovendien 1 april en niet meer 1 januari. De cijfers tot en met 2011 zijn gebaseerd op de oude methode van O&S, toen de cijfers nog werden gebaseerd op het ARRA-bestand. Vanaf 2012 is de nieuwe LISA-methode gehanteerd waardoor een vergelijking tussen de jaren na 2012 jaren wel mogelijk is. Er worden alleen gegevens verstrekt over gebieden met minimaal 5 vestigingen.",0,,1 april,LISA,Amsterdam: stadsdeel/GGW-gebied/wijk/buurt en overige indelingen,,
Amsterdam O&S BBGA,BBGA,Basisbestand Gebieden Amsterdam,BHVEST_2TM4WP,Economie,Grootteklasse 2-4 wp,"Aantal vestigingen met 2 tot en met 4 werkzame personen voor minimaal 12 uur per week. Waarden van 1, 2, 3 of 4 zijn afgerond naar 5.
Sinds 2022 heeft O&S de methodiek overgenomen van LISA, het landelijke vestigings- en banenregister, om het aantal banen en vestigingen per jaar te bepalen. De peildatum is bovendien 1 april en niet meer 1 januari. De cijfers tot en met 2011 zijn gebaseerd op de oude methode van O&S, toen de cijfers nog werden gebaseerd op het ARRA-bestand. Vanaf 2012 is de nieuwe LISA-methode gehanteerd waardoor een vergelijking tussen de jaren na 2012 jaren wel mogelijk is. Er worden alleen gegevens verstrekt over gebieden met minimaal 5 vestigingen.",0,,1 april,LISA,Amsterdam: stadsdeel/GGW-gebied/wijk/buurt en overige indelingen,,
Amsterdam O&S BBGA,BBGA,Basisbestand Gebieden Amsterdam,BHVEST_500TM749WP,Economie,Grootteklasse 500-749 wp,"Aantal vestigingen met 500 tot en met 749 werkzame personen voor minimaal 12 uur per week.
Sinds 2022 heeft O&S de methodiek overgenomen van LISA, het landelijke vestigings- en banenregister, om het aantal banen en vestigingen per jaar te bepalen. De peildatum is bovendien 1 april en niet meer 1 januari. De cijfers tot en met 2011 zijn gebaseerd op de oude methode van O&S, toen de cijfers nog werden gebaseerd op het ARRA-bestand. Vanaf 2012 is de nieuwe LISA-methode gehanteerd waardoor een vergelijking tussen de jaren na 2012 jaren wel mogelijk is. Waarden van 1, 2, 3 of 4 zijn afgerond naar 5.",0,,1 april,LISA,Amsterdam: stadsdeel/GGW-gebied/wijk/buurt en overige indelingen,,
Amsterdam O&S BBGA,BBGA,Basisbestand Gebieden Amsterdam,BHVEST_50TM99WP,Economie,Grootteklasse 50-99 wp,"Aantal vestigingen met 50 tot en met 99 werkzame personen voor minimaal 12 uur per week. Waarden van 1, 2, 3 of 4 zijn afgerond naar 5.
Sinds 2022 heeft O&S de methodiek overgenomen van LISA, het landelijke vestigings- en banenregister, om het aantal banen en vestigingen per jaar te bepalen. De peildatum is bovendien 1 april en niet meer 1 januari. De cijfers tot en met 2011 zijn gebaseerd op de oude methode van O&S, toen de cijfers nog werden gebaseerd op het ARRA-bestand. Vanaf 2012 is de nieuwe LISA-methode gehanteerd waardoor een vergelijking tussen de jaren na 2012 jaren wel mogelijk is. Er worden alleen gegevens verstrekt over gebieden met minimaal 5 vestigingen.",0,,1 april,LISA,Amsterdam: stadsdeel/GGW-gebied/wijk/buurt en overige indelingen,,
Amsterdam O&S BBGA,BBGA,Basisbestand Gebieden Amsterdam,BHVEST_5TM9WP,Economie,Grootteklasse 5-9 wp,"Aantal vestigingen met 5 tot en met 9 werkzame personen voor minimaal 12 uur per week. Waarden van 1, 2, 3 of 4 zijn afgerond naar 5.
Sinds 2022 heeft O&S de methodiek overgenomen van LISA, het landelijke vestigings- en banenregister, om het aantal banen en vestigingen per jaar te bepalen. De peildatum is bovendien 1 april en niet meer 1 januari. De cijfers tot en met 2011 zijn gebaseerd op de oude methode van O&S, toen de cijfers nog werden gebaseerd op het ARRA-bestand. Vanaf 2012 is de nieuwe LISA-methode gehanteerd waardoor een vergelijking tussen de jaren na 2012 jaren wel mogelijk is. Er worden alleen gegevens verstrekt over gebieden met minimaal 5 vestigingen.",0,,1 april,LISA,Amsterdam: stadsdeel/GGW-gebied/wijk/buurt en overige indelingen,,
Amsterdam O&S BBGA,BBGA,Basisbestand Gebieden Amsterdam,BHVEST_750TM999WP,Economie,Grootteklasse 750-999 wp,"Aantal vestigingen met 750 tot en met 999 werkzame personen voor minimaal 12 uur per week.
Sinds 2022 heeft O&S de methodiek overgenomen van LISA, het landelijke vestigings- en banenregister, om het aantal banen en vestigingen per jaar te bepalen. De peildatum is bovendien 1 april en niet meer 1 januari. De cijfers tot en met 2011 zijn gebaseerd op de oude methode van O&S, toen de cijfers nog werden gebaseerd op het ARRA-bestand. Vanaf 2012 is de nieuwe LISA-methode gehanteerd waardoor een vergelijking tussen de jaren na 2012 jaren wel mogelijk is.  Waarden van 1, 2, 3 of 4 zijn afgerond naar 5.",0,,1 april,LISA,Amsterdam: stadsdeel/GGW-gebied/wijk/buurt en overige indelingen,,
Amsterdam O&S BBGA,BBGA,Basisbestand Gebieden Amsterdam,BHVESTCAFE,Economie,Horeca: cafés,"Aantal vestigingen met de activiteitencodes voor cafés Waarden van 1, 2, 3 of 4 zijn afgerond naar 5.
Sinds 2022 heeft O&S de methodiek overgenomen van LISA, het landelijke vestigings- en banenregister, om het aantal banen en vestigingen per jaar te bepalen. De peildatum is bovendien 1 april en niet meer 1 januari. De cijfers tot en met 2011 zijn gebaseerd op de oude methode van O&S, toen de cijfers nog werden gebaseerd op het ARRA-bestand. Vanaf 2012 is de nieuwe LISA-methode gehanteerd waardoor een vergelijking tussen de jaren na 2012 jaren wel mogelijk is. Er worden alleen gegevens verstrekt over gebieden met minimaal 5 vestigingen.",0,,1 april,LISA,Amsterdam: stadsdeel/GGW-gebied/wijk/buurt en overige indelingen,,
Amsterdam O&S BBGA,BBGA,Basisbestand Gebieden Amsterdam,BHVESTKANTINE,Economie,Horeca: kantines,"Aantal vestigingen met de activiteitencodes voor kantines Waarden van 1, 2, 3 of 4 zijn afgerond naar 5.
Sinds 2022 heeft O&S de methodiek overgenomen van LISA, het landelijke vestigings- en banenregister, om het aantal banen en vestigingen per jaar te bepalen. De peildatum is bovendien 1 april en niet meer 1 januari. De cijfers tot en met 2011 zijn gebaseerd op de oude methode van O&S, toen de cijfers nog werden gebaseerd op het ARRA-bestand. Vanaf 2012 is de nieuwe LISA-methode gehanteerd waardoor een vergelijking tussen de jaren na 2012 jaren wel mogelijk is. Er worden alleen gegevens verstrekt over gebieden met minimaal 5 vestigingen.",0,,1 april,LISA,Amsterdam: stadsdeel/GGW-gebied/wijk/buurt en overige indelingen,,
Amsterdam O&S BBGA,BBGA,Basisbestand Gebieden Amsterdam,BHVESTHORECOV,Economie,Horeca: overig,"Aantal vestigingen met de activiteitencodes voor overige horeca. Waarden van 1, 2, 3 of 4 zijn afgerond naar 5.
Sinds 2022 heeft O&S de methodiek overgenomen van LISA, het landelijke vestigings- en banenregister, om het aantal banen en vestigingen per jaar te bepalen. De peildatum is bovendien 1 april en niet meer 1 januari. De cijfers tot en met 2011 zijn gebaseerd op de oude methode van O&S, toen de cijfers nog werden gebaseerd op het ARRA-bestand. Vanaf 2012 is de nieuwe LISA-methode gehanteerd waardoor een vergelijking tussen de jaren na 2012 jaren wel mogelijk is. Er worden alleen gegevens verstrekt over gebieden met minimaal 5 vestigingen.",0,,1 april,LISA,Amsterdam: stadsdeel/GGW-gebied/wijk/buurt en overige indelingen,,
Amsterdam O&S BBGA,BBGA,Basisbestand Gebieden Amsterdam,BHVESTRESTAU,Economie,Horeca: restaurants,"Aantal vestigingen restaurants Waarden van 1, 2, 3 of 4 zijn afgerond naar 5.
Sinds 2022 heeft O&S de methodiek overgenomen van LISA, het landelijke vestigings- en banenregister, om het aantal banen en vestigingen per jaar te bepalen. De peildatum is bovendien 1 april en niet meer 1 januari. De cijfers tot en met 2011 zijn gebaseerd op de oude methode van O&S, toen de cijfers nog werden gebaseerd op het ARRA-bestand. Vanaf 2012 is de nieuwe LISA-methode gehanteerd waardoor een vergelijking tussen de jaren na 2012 jaren wel mogelijk is. Er worden alleen gegevens verstrekt over gebieden met minimaal 5 vestigingen.",0,,1 april,LISA,Amsterdam: stadsdeel/GGW-gebied/wijk/buurt en overige indelingen,,
Amsterdam O&S BBGA,BBGA,Basisbestand Gebieden Amsterdam,BHVESTSNACK,Economie,"Horeca: snackbars, ijssalons","Aantal vestigingen met de activiteitencodes voor snackbars en ijssalons Waarden van 1, 2, 3 of 4 zijn afgerond naar 5.
Sinds 2022 heeft O&S de methodiek overgenomen van LISA, het landelijke vestigings- en banenregister, om het aantal banen en vestigingen per jaar te bepalen. De peildatum is bovendien 1 april en niet meer 1 januari. De cijfers tot en met 2011 zijn gebaseerd op de oude methode van O&S, toen de cijfers nog werden gebaseerd op het ARRA-bestand. Vanaf 2012 is de nieuwe LISA-methode gehanteerd waardoor een vergelijking tussen de jaren na 2012 jaren wel mogelijk is. Er worden alleen gegevens verstrekt over gebieden met minimaal 5 vestigingen.",0,,1 april,LISA,Amsterdam: stadsdeel/GGW-gebied/wijk/buurt en overige indelingen,,
Amsterdam O&S BBGA,BBGA,Basisbestand Gebieden Amsterdam,BHVEST_CA,Economie,Horeca: vestigingen café,"De deelfunctie 'café' wordt aan een vestiging toegekend op basis van de activiteitencode (SBI) waarmee deze vestiging is geregistreerd bij de Kamer van Koophandel. De deelfunctie Café valt onder de hoofdfunctie Horeca.
Sinds 2022 heeft O&S de methodiek overgenomen van LISA, het landelijke vestigings- en banenregister, om het aantal banen en vestigingen per jaar te bepalen. De peildatum is bovendien 1 april en niet meer 1 januari. De cijfers tot en met 2011 zijn gebaseerd op de oude methode van O&S, toen de cijfers nog werden gebaseerd op het ARRA-bestand. Vanaf 2012 is de nieuwe LISA-methode gehanteerd waardoor een vergelijking tussen de jaren na 2012 jaren wel mogelijk is. Sinds 1 juli 2008 zijn ook vrije beroepen verplicht zich in te schrijven in het Handelregister. In 2008 leidde dit tot een toename van het aantal geregistreerde artsen en advocaten en in 2009 van de creatieve beroepen. Er worden alleen gegevens verstrekt over gebieden met minimaal 5 vestigingen. Percentages hoger dan 90 procent zijn afgerond naar 90 procent. Waarden van 1, 2, 3 of 4 zijn afgerond naar 5.",0,,1 april,LISA,Amsterdam: stadsdeel/GGW-gebied/wijk/buurt en overige indelingen,,
Amsterdam O&S BBGA,BBGA,Basisbestand Gebieden Amsterdam,BHVEST_HO,Economie,Horeca: vestigingen hotel,"De deelfunctie 'hotel' wordt aan een vestiging toegekend op basis van de activiteitencode (SBI) waarmee deze vestiging is geregistreerd bij de Kamer van Koophandel. De deelfunctie Hotel valt onder de hoofdfunctie Horeca.
Sinds 2022 heeft O&S de methodiek overgenomen van LISA, het landelijke vestigings- en banenregister, om het aantal banen en vestigingen per jaar te bepalen. De peildatum is bovendien 1 april en niet meer 1 januari. De cijfers tot en met 2011 zijn gebaseerd op de oude methode van O&S, toen de cijfers nog werden gebaseerd op het ARRA-bestand. Vanaf 2012 is de nieuwe LISA-methode gehanteerd waardoor een vergelijking tussen de jaren na 2012 jaren wel mogelijk is. Sinds 1 juli 2008 zijn ook vrije beroepen verplicht zich in te schrijven in het Handelregister. In 2008 leidde dit tot een toename van het aantal geregistreerde artsen en advocaten en in 2009 van de creatieve beroepen. Er worden alleen gegevens verstrekt over gebieden met minimaal 5 vestigingen. Percentages hoger dan 90 procent zijn afgerond naar 90 procent. Waarden van 1, 2, 3 of 4 zijn afgerond naar 5.",0,,1 april,LISA,Amsterdam: stadsdeel/GGW-gebied/wijk/buurt en overige indelingen,,
Amsterdam O&S BBGA,BBGA,Basisbestand Gebieden Amsterdam,BHVEST_OVHRC,Economie,Horeca: vestigingen overige horeca,"De deelfunctie 'overige horeca' wordt aan een vestiging toegekend op basis van de activiteitencode (SBI) waarmee deze vestiging is geregistreerd bij de Kamer van Koophandel. De deelfunctie Overige horeca valt onder de hoofdfunctie Horeca.
Sinds 2022 heeft O&S de methodiek overgenomen van LISA, het landelijke vestigings- en banenregister, om het aantal banen en vestigingen per jaar te bepalen. De peildatum is bovendien 1 april en niet meer 1 januari. De cijfers tot en met 2011 zijn gebaseerd op de oude methode van O&S, toen de cijfers nog werden gebaseerd op het ARRA-bestand. Vanaf 2012 is de nieuwe LISA-methode gehanteerd waardoor een vergelijking tussen de jaren na 2012 jaren wel mogelijk is. Sinds 1 juli 2008 zijn ook vrije beroepen verplicht zich in te schrijven in het Handelregister. In 2008 leidde dit tot een toename van het aantal geregistreerde artsen en advocaten en in 2009 van de creatieve beroepen. Er worden alleen gegevens verstrekt over gebieden met minimaal 5 vestigingen. Percentages hoger dan 90 procent zijn afgerond naar 90 procent. Waarden van 1, 2, 3 of 4 zijn afgerond naar 5.",0,,1 april,LISA,Amsterdam: stadsdeel/GGW-gebied/wijk/buurt en overige indelingen,,
Amsterdam O&S BBGA,BBGA,Basisbestand Gebieden Amsterdam,BHVEST_RE,Economie,Horeca: vestigingen restaurant,"De deelfunctie 'restaurant' wordt aan een vestiging toegekend op basis van de activiteitencode (SBI) waarmee deze vestiging is geregistreerd bij de Kamer van Koophandel. De deelfunctie Restaurant bank valt onder de hoofdfunctie Horeca.
Sinds 2022 heeft O&S de methodiek overgenomen van LISA, het landelijke vestigings- en banenregister, om het aantal banen en vestigingen per jaar te bepalen. De peildatum is bovendien 1 april en niet meer 1 januari. De cijfers tot en met 2011 zijn gebaseerd op de oude methode van O&S, toen de cijfers nog werden gebaseerd op het ARRA-bestand. Vanaf 2012 is de nieuwe LISA-methode gehanteerd waardoor een vergelijking tussen de jaren na 2012 jaren wel mogelijk is. Sinds 1 juli 2008 zijn ook vrije beroepen verplicht zich in te schrijven in het Handelregister. In 2008 leidde dit tot een toename van het aantal geregistreerde artsen en advocaten en in 2009 van de creatieve beroepen. Er worden alleen gegevens verstrekt over gebieden met minimaal 5 vestigingen. Percentages hoger dan 90 procent zijn afgerond naar 90 procent. Waarden van 1, 2, 3 of 4 zijn afgerond naar 5.",0,,1 april,LISA,Amsterdam: stadsdeel/GGW-gebied/wijk/buurt en overige indelingen,,
Amsterdam O&S BBGA,BBGA,Basisbestand Gebieden Amsterdam,BHVEST_HORECA,Economie,Horeca: vestigingen totaal,"De hoofdfunctie 'horeca' wordt aan een vestiging toegekend op basis van de activiteitencode (SBI) waarmee deze vestiging is geregistreerd bij de Kamer van Koophandel. Dit zijn vestigingen met de SBI-codes van hotels, restaurants, cafés en overig horeca. Een vestiging is een locatie van een door de Kamer van Koophandel geregistreerde onderneming waarin of van waaruit een economische activiteit wordt uitgeoefend voor minimaal 12 uur per week door minimaal 1 werkzaam persoon.
Sinds 2022 heeft O&S de methodiek overgenomen van LISA, het landelijke vestigings- en banenregister, om het aantal banen en vestigingen per jaar te bepalen. De peildatum is bovendien 1 april en niet meer 1 januari. De cijfers tot en met 2011 zijn gebaseerd op de oude methode van O&S, toen de cijfers nog werden gebaseerd op het ARRA-bestand. Vanaf 2012 is de nieuwe LISA-methode gehanteerd waardoor een vergelijking tussen de jaren na 2012 jaren wel mogelijk is. Sinds 1 juli 2008 zijn ook vrije beroepen verplicht zich in te schrijven in het Handelregister. In 2008 leidde dit tot een toename van het aantal geregistreerde artsen en advocaten en in 2009 van de creatieve beroepen. Er worden alleen gegevens verstrekt over gebieden met minimaal 5 vestigingen. Percentages hoger dan 90 procent zijn afgerond naar 90 procent. Waarden van 1, 2, 3 of 4 zijn afgerond naar 5.",0,,1 april,LISA,Amsterdam: stadsdeel/GGW-gebied/wijk/buurt en overige indelingen,,
Amsterdam O&S BBGA,BBGA,Basisbestand Gebieden Amsterdam,BHVEST_HORECA_P,Economie,Horeca: vestigingen totaal (%),"Aandeel van de vestigingen met de hoofdfunctie Horeca. De hoofdfunctie 'horeca' wordt aan een vestiging toegekend op basis van de activiteitencode (SBI) waarmee deze vestiging is geregistreerd bij de Kamer van Koophandel. Dit zijn vestigingen met de SBI-codes van hotels, restaurants, cafés en overig horeca. Een vestiging is een locatie van een door de Kamer van Koophandel geregistreerde onderneming waarin of van waaruit een economische activiteit wordt uitgeoefend voor minimaal 12 uur per week door minimaal 1 werkzaam persoon.
Sinds 2022 heeft O&S de methodiek overgenomen van LISA, het landelijke vestigings- en banenregister, om het aantal banen en vestigingen per jaar te bepalen. De peildatum is bovendien 1 april en niet meer 1 januari. De cijfers tot en met 2011 zijn gebaseerd op de oude methode van O&S, toen de cijfers nog werden gebaseerd op het ARRA-bestand. Vanaf 2012 is de nieuwe LISA-methode gehanteerd waardoor een vergelijking tussen de jaren na 2012 jaren wel mogelijk is. Sinds 1 juli 2008 zijn ook vrije beroepen verplicht zich in te schrijven in het Handelregister. In 2008 leidde dit tot een toename van het aantal geregistreerde artsen en advocaten en in 2009 van de creatieve beroepen. Er worden alleen gegevens verstrekt over gebieden met minimaal 5 vestigingen. Percentages hoger dan 90 procent zijn afgerond naar 90 procent. Waarden van 1, 2, 3 of 4 zijn afgerond naar 5.",0 %,,1 april,LISA,Amsterdam: stadsdeel/GGW-gebied/wijk/buurt en overige indelingen,,
Amsterdam O&S BBGA,BBGA,Basisbestand Gebieden Amsterdam,BHWP_CA,Economie,Horeca: werkzame personen café,"Personen die voor 12 uur of meer per week werkzaam zijn bij vestigingen met de deelfunctie 'café'.
Sinds 2022 heeft O&S de methodiek overgenomen van LISA, het landelijke vestigings- en banenregister, om het aantal banen en vestigingen per jaar te bepalen. De peildatum is bovendien 1 april en niet meer 1 januari. De cijfers tot en met 2011 zijn gebaseerd op de oude methode van O&S, toen de cijfers nog werden gebaseerd op het ARRA-bestand. Vanaf 2012 is de nieuwe LISA-methode gehanteerd waardoor een vergelijking tussen de jaren na 2012 jaren wel mogelijk is. Sinds 1 juli 2008 zijn ook vrije beroepen verplicht zich in te schrijven in het Handelregister. In 2008 leidde dit tot een toename van het aantal geregistreerde artsen en advocaten en in 2009 van de creatieve beroepen. Er worden alleen gegevens verstrekt over gebieden met minimaal 5 vestigingen. Percentages hoger dan 90 procent zijn afgerond naar 90 procent. Waarden van 1, 2, 3 of 4 zijn afgerond naar 5.",0,,1 april,LISA,Amsterdam: stadsdeel/GGW-gebied/wijk/buurt en overige indelingen,,
Amsterdam O&S BBGA,BBGA,Basisbestand Gebieden Amsterdam,BHWP_HO,Economie,Horeca: werkzame personen hotel,"Personen die voor 12 uur of meer per week werkzaam zijn bij vestigingen met de deelfunctie 'hotel'.
Sinds 2022 heeft O&S de methodiek overgenomen van LISA, het landelijke vestigings- en banenregister, om het aantal banen en vestigingen per jaar te bepalen. De peildatum is bovendien 1 april en niet meer 1 januari. De cijfers tot en met 2011 zijn gebaseerd op de oude methode van O&S, toen de cijfers nog werden gebaseerd op het ARRA-bestand. Vanaf 2012 is de nieuwe LISA-methode gehanteerd waardoor een vergelijking tussen de jaren na 2012 jaren wel mogelijk is. Sinds 1 juli 2008 zijn ook vrije beroepen verplicht zich in te schrijven in het Handelregister. In 2008 leidde dit tot een toename van het aantal geregistreerde artsen en advocaten en in 2009 van de creatieve beroepen. Er worden alleen gegevens verstrekt over gebieden met minimaal 5 vestigingen. Percentages hoger dan 90 procent zijn afgerond naar 90 procent. Waarden van 1, 2, 3 of 4 zijn afgerond naar 5.",0,,1 april,LISA,Amsterdam: stadsdeel/GGW-gebied/wijk/buurt en overige indelingen,,
Amsterdam O&S BBGA,BBGA,Basisbestand Gebieden Amsterdam,BHWP_OVHRC,Economie,Horeca: werkzame personen overige horeca,"Personen die voor 12 uur of meer per week werkzaam zijn bij vestigingen met de deelfunctie 'overige horeca'.
Sinds 2022 heeft O&S de methodiek overgenomen van LISA, het landelijke vestigings- en banenregister, om het aantal banen en vestigingen per jaar te bepalen. De peildatum is bovendien 1 april en niet meer 1 januari. De cijfers tot en met 2011 zijn gebaseerd op de oude methode van O&S, toen de cijfers nog werden gebaseerd op het ARRA-bestand. Vanaf 2012 is de nieuwe LISA-methode gehanteerd waardoor een vergelijking tussen de jaren na 2012 jaren wel mogelijk is. Sinds 1 juli 2008 zijn ook vrije beroepen verplicht zich in te schrijven in het Handelregister. In 2008 leidde dit tot een toename van het aantal geregistreerde artsen en advocaten en in 2009 van de creatieve beroepen. Er worden alleen gegevens verstrekt over gebieden met minimaal 5 vestigingen. Percentages hoger dan 90 procent zijn afgerond naar 90 procent. Waarden van 1, 2, 3 of 4 zijn afgerond naar 5.",0,,1 april,LISA,Amsterdam: stadsdeel/GGW-gebied/wijk/buurt en overige indelingen,,
Amsterdam O&S BBGA,BBGA,Basisbestand Gebieden Amsterdam,BHWP_RE,Economie,Horeca: werkzame personen restaurant,"Personen die voor 12 uur of meer per week werkzaam zijn bij vestigingen met de deelfunctie 'restaurant'.
Sinds 2022 heeft O&S de methodiek overgenomen van LISA, het landelijke vestigings- en banenregister, om het aantal banen en vestigingen per jaar te bepalen. De peildatum is bovendien 1 april en niet meer 1 januari. De cijfers tot en met 2011 zijn gebaseerd op de oude methode van O&S, toen de cijfers nog werden gebaseerd op het ARRA-bestand. Vanaf 2012 is de nieuwe LISA-methode gehanteerd waardoor een vergelijking tussen de jaren na 2012 jaren wel mogelijk is. Sinds 1 juli 2008 zijn ook vrije beroepen verplicht zich in te schrijven in het Handelregister. In 2008 leidde dit tot een toename van het aantal geregistreerde artsen en advocaten en in 2009 van de creatieve beroepen. Er worden alleen gegevens verstrekt over gebieden met minimaal 5 vestigingen. Percentages hoger dan 90 procent zijn afgerond naar 90 procent. Waarden van 1, 2, 3 of 4 zijn afgerond naar 5.",0,,1 april,LISA,Amsterdam: stadsdeel/GGW-gebied/wijk/buurt en overige indelingen,,
Amsterdam O&S BBGA,BBGA,Basisbestand Gebieden Amsterdam,BHWP_HORECA,Economie,Horeca: werkzame personen totaal,"Personen die voor 12 uur of meer per week werkzaam zijn bij ondernemingsvestigingen met de hoofdfunctie 'horeca'. Dit zijn vestigingen met de SBI-codes van hotels, restaurants, cafés en overig horeca. Het aantal werkzame personen wordt bepaald op een peildatum.
Sinds 2022 heeft O&S de methodiek overgenomen van LISA, het landelijke vestigings- en banenregister, om het aantal banen en vestigingen per jaar te bepalen. De peildatum is bovendien 1 april en niet meer 1 januari. De cijfers tot en met 2011 zijn gebaseerd op de oude methode van O&S, toen de cijfers nog werden gebaseerd op het ARRA-bestand. Vanaf 2012 is de nieuwe LISA-methode gehanteerd waardoor een vergelijking tussen de jaren na 2012 jaren wel mogelijk is. Sinds 1 juli 2008 zijn ook vrije beroepen verplicht zich in te schrijven in het Handelregister. In 2008 leidde dit tot een toename van het aantal geregistreerde artsen en advocaten en in 2009 van de creatieve beroepen. Er worden alleen gegevens verstrekt over gebieden met minimaal 5 vestigingen. Percentages hoger dan 90 procent zijn afgerond naar 90 procent. Waarden van 1, 2, 3 of 4 zijn afgerond naar 5.",0,,1 april,LISA,Amsterdam: stadsdeel/GGW-gebied/wijk/buurt en overige indelingen,,
Amsterdam O&S BBGA,BBGA,Basisbestand Gebieden Amsterdam,BHWP_HORECA_P,Economie,Horeca: werkzame personen totaal (%),"Aandeel van de werkzame personen die voor 12 uur of meer per week werkzaam zijn bij ondernemingsvestigingen met de hoofdfunctie 'horeca'. Dit zijn vestigingen met de SBI-codes van hotels, restaurants, cafés en overig horeca.
Sinds 2022 heeft O&S de methodiek overgenomen van LISA, het landelijke vestigings- en banenregister, om het aantal banen en vestigingen per jaar te bepalen. De peildatum is bovendien 1 april en niet meer 1 januari. De cijfers tot en met 2011 zijn gebaseerd op de oude methode van O&S, toen de cijfers nog werden gebaseerd op het ARRA-bestand. Vanaf 2012 is de nieuwe LISA-methode gehanteerd waardoor een vergelijking tussen de jaren na 2012 jaren wel mogelijk is. Sinds 1 juli 2008 zijn ook vrije beroepen verplicht zich in te schrijven in het Handelregister. In 2008 leidde dit tot een toename van het aantal geregistreerde artsen en advocaten en in 2009 van de creatieve beroepen. Er worden alleen gegevens verstrekt over gebieden met minimaal 5 vestigingen. Percentages hoger dan 90 procent zijn afgerond naar 90 procent. Waarden van 1, 2, 3 of 4 zijn afgerond naar 5.",0 %,,1 april,LISA,Amsterdam: stadsdeel/GGW-gebied/wijk/buurt en overige indelingen,,
Amsterdam O&S BBGA,BBGA,Basisbestand Gebieden Amsterdam,BHHORECA_1000INW,Economie,Horecavestigingen per 1.000 inwoners,Aantal horecavestigingen per 1.000 inwoners.,0 /1.000 inwoners,,1 januari,O&S,Amsterdam: stadsdeel/GGW-gebied/wijk/buurt en overige indelingen,,
Amsterdam O&S BBGA,BBGA,Basisbestand Gebieden Amsterdam,BHHOTBED,Economie,Hotelbedden,"Slaapplaatsen in hotels en vergelijkbare logiesaccommodaties, inclusief hostels en aparthotels.",0,,,O&S,Amsterdam: stadsdeel/GGW-gebied/wijk/buurt en overige indelingen,,
Amsterdam O&S BBGA,BBGA,Basisbestand Gebieden Amsterdam,BHHOTBED_1000INW,Economie,Hotelbedden per 1.000 inwoners,Aantal hotelbedden op de peildatum 1 juli  per 1.000 inwoners op 1 januari van dat jaar.,0 /1.000 inwoners,,1 januari,O&S,Amsterdam: stadsdeel/GGW-gebied/wijk/buurt en overige indelingen,,
Amsterdam O&S BBGA,BBGA,Basisbestand Gebieden Amsterdam,BHHOTKAM,Economie,Hotelkamers,"Kamers in hotels en vergelijkbare logiesaccommodaties, inclusief hostels en aparthotels.",0,,,O&S,Amsterdam: stadsdeel/GGW-gebied/wijk/buurt en overige indelingen,,
Amsterdam O&S BBGA,BBGA,Basisbestand Gebieden Amsterdam,BHHOT,Economie,Hotels,"Hotels en vergelijkbare logiesaccommodaties, inclusief hostels en aparthotels.",0,,,O&S,Amsterdam: stadsdeel/GGW-gebied/wijk/buurt en overige indelingen,,
Amsterdam O&S BBGA,BBGA,Basisbestand Gebieden Amsterdam,BHVESTHOTKVK,Economie,Hotels (KVK),"Aantal vestigingen van hotels op basis van de registratie van de Kamer van Koophandel Waarden van 1, 2, 3 of 4 zijn afgerond naar 5.
Sinds 2022 heeft O&S de methodiek overgenomen van LISA, het landelijke vestigings- en banenregister, om het aantal banen en vestigingen per jaar te bepalen. De peildatum is bovendien 1 april en niet meer 1 januari. De cijfers tot en met 2011 zijn gebaseerd op de oude methode van O&S, toen de cijfers nog werden gebaseerd op het ARRA-bestand. Vanaf 2012 is de nieuwe LISA-methode gehanteerd waardoor een vergelijking tussen de jaren na 2012 jaren wel mogelijk is. Er worden alleen gegevens verstrekt over gebieden met minimaal 5 vestigingen.",0,,1 april,LISA,Amsterdam: stadsdeel/GGW-gebied/wijk/buurt en overige indelingen,,
Amsterdam O&S BBGA,BBGA,Basisbestand Gebieden Amsterdam,BHLOCVKPHORECA,Economie,"Hotels, restaurants, cafÃ©s","Locatus geeft aan dat een verkooppunt een onderneming of instelling is met een publiek toegankelijke ruimte waar producten of diensten aangeboden en verhandeld worden. Dit kunnen winkels, kapperzaken of restaurants zijn, maar ook sauna's, makelaarskantoren en musea. De winkelvloeroppervlakte is de oppervlakte van een verkooppunt die voor het publiek toegankelijk is.
De dataverzameling vindt plaatst op basis van observatieonderzoek in de winkelgebieden in Amsterdam aangevuld met desk research.",0,,1 januari,Locatus,Amsterdam: stadsdeel/GGW-gebied/wijk/buurt en overige indelingen,,
Amsterdam O&S BBGA,BBGA,Basisbestand Gebieden Amsterdam,BHVEST_BANK,Economie,Kantoor: vestigingen bank,"De deelfunctie 'bank' wordt aan een vestiging toegekend op basis van de activiteitencode (SBI) waarmee deze vestiging is geregistreerd bij de Kamer van Koophandel. Dit zijn vestigingen met de SBI-codes van financiële instellingen (64). De deelfunctie bank valt onder de hoofdfunctie kantoren.Een vestiging is een locatie van een door de Kamer van Koophandel geregistreerde onderneming waarin of van waaruit een economische activiteit wordt uitgeoefend voor minimaal 12 uur per week door minimaal 1 werkzaam persoon.
Sinds 2022 heeft O&S de methodiek overgenomen van LISA, het landelijke vestigings- en banenregister, om het aantal banen en vestigingen per jaar te bepalen. De peildatum is bovendien 1 april en niet meer 1 januari. De cijfers tot en met 2011 zijn gebaseerd op de oude methode van O&S, toen de cijfers nog werden gebaseerd op het ARRA-bestand. Vanaf 2012 is de nieuwe LISA-methode gehanteerd waardoor een vergelijking tussen de jaren na 2012 jaren wel mogelijk is. Sinds 1 juli 2008 zijn ook vrije beroepen verplicht zich in te schrijven in het Handelregister. In 2008 leidde dit tot een toename van het aantal geregistreerde artsen en advocaten en in 2009 van de creatieve beroepen. Er worden alleen gegevens verstrekt over gebieden met minimaal 5 vestigingen. Percentages hoger dan 90 procent zijn afgerond naar 90 procent. Waarden van 1, 2, 3 of 4 zijn afgerond naar 5.",0,,1 april,LISA,Amsterdam: stadsdeel/GGW-gebied/wijk/buurt en overige indelingen,,
Amsterdam O&S BBGA,BBGA,Basisbestand Gebieden Amsterdam,BHVEST_OVKANTOOR,Economie,Kantoor: vestigingen overige kantoren,"De deelfunctie 'overige kantoren' wordt aan een vestiging toegekend op basis van de activiteitencode (SBI) waarmee deze vestiging is geregistreerd bij de Kamer van Koophandel. De deelfunctie overige kantoren valt onder de hoofdfunctie kantoren.
Sinds 2022 heeft O&S de methodiek overgenomen van LISA, het landelijke vestigings- en banenregister, om het aantal banen en vestigingen per jaar te bepalen. De peildatum is bovendien 1 april en niet meer 1 januari. De cijfers tot en met 2011 zijn gebaseerd op de oude methode van O&S, toen de cijfers nog werden gebaseerd op het ARRA-bestand. Vanaf 2012 is de nieuwe LISA-methode gehanteerd waardoor een vergelijking tussen de jaren na 2012 jaren wel mogelijk is. Sinds 1 juli 2008 zijn ook vrije beroepen verplicht zich in te schrijven in het Handelregister. In 2008 leidde dit tot een toename van het aantal geregistreerde artsen en advocaten en in 2009 van de creatieve beroepen. Er worden alleen gegevens verstrekt over gebieden met minimaal 5 vestigingen. Percentages hoger dan 90 procent zijn afgerond naar 90 procent. Waarden van 1, 2, 3 of 4 zijn afgerond naar 5.",0,,1 april,LISA,Amsterdam: stadsdeel/GGW-gebied/wijk/buurt en overige indelingen,,
Amsterdam O&S BBGA,BBGA,Basisbestand Gebieden Amsterdam,BHVEST_KANT,Economie,Kantoor: vestigingen totaal,"De hoofdfunctie 'kantoor' wordt aan een vestiging toegekend op basis van de activiteitencode (SBI) waarmee deze vestiging is geregistreerd bij de Kamer van Koophandel. Dit zijn vestigingen met de SBI-codes van banken, verzekeringen, overige dienstverlening en overige kantoren. Een vestiging is een locatie van een door de Kamer van Koophandel geregistreerde onderneming waarin of van waaruit een economische activiteit wordt uitgeoefend voor minimaal 12 uur per week door minimaal 1 werkzaam persoon.
Sinds 2022 heeft O&S de methodiek overgenomen van LISA, het landelijke vestigings- en banenregister, om het aantal banen en vestigingen per jaar te bepalen. De peildatum is bovendien 1 april en niet meer 1 januari. De cijfers tot en met 2011 zijn gebaseerd op de oude methode van O&S, toen de cijfers nog werden gebaseerd op het ARRA-bestand. Vanaf 2012 is de nieuwe LISA-methode gehanteerd waardoor een vergelijking tussen de jaren na 2012 jaren wel mogelijk is. Sinds 1 juli 2008 zijn ook vrije beroepen verplicht zich in te schrijven in het Handelregister. In 2008 leidde dit tot een toename van het aantal geregistreerde artsen en advocaten en in 2009 van de creatieve beroepen. Er worden alleen gegevens verstrekt over gebieden met minimaal 5 vestigingen. Percentages hoger dan 90 procent zijn afgerond naar 90 procent. Waarden van 1, 2, 3 of 4 zijn afgerond naar 5.",0,,1 april,LISA,Amsterdam: stadsdeel/GGW-gebied/wijk/buurt en overige indelingen,,
Amsterdam O&S BBGA,BBGA,Basisbestand Gebieden Amsterdam,BHVEST_KANT_P,Economie,Kantoor: vestigingen totaal (%),"Aandeel van de vestigingen met de hoofdfunctie Kantoor. De hoofdfunctie 'kantoor' wordt aan een vestiging toegekend op basis van de activiteitencode (SBI) waarmee deze vestiging is geregistreerd bij de Kamer van Koophandel. Dit zijn vestigingen met de SBI-codes van banken, verzekeringen, overige dienstverlening en overige kantoren. Een vestiging is een locatie van een door de Kamer van Koophandel geregistreerde onderneming waarin of van waaruit een economische activiteit wordt uitgeoefend voor minimaal 12 uur per week door minimaal 1 werkzaam persoon.
Sinds 2022 heeft O&S de methodiek overgenomen van LISA, het landelijke vestigings- en banenregister, om het aantal banen en vestigingen per jaar te bepalen. De peildatum is bovendien 1 april en niet meer 1 januari. De cijfers tot en met 2011 zijn gebaseerd op de oude methode van O&S, toen de cijfers nog werden gebaseerd op het ARRA-bestand. Vanaf 2012 is de nieuwe LISA-methode gehanteerd waardoor een vergelijking tussen de jaren na 2012 jaren wel mogelijk is. Sinds 1 juli 2008 zijn ook vrije beroepen verplicht zich in te schrijven in het Handelregister. In 2008 leidde dit tot een toename van het aantal geregistreerde artsen en advocaten en in 2009 van de creatieve beroepen. Er worden alleen gegevens verstrekt over gebieden met minimaal 5 vestigingen. Percentages hoger dan 90 procent zijn afgerond naar 90 procent. Waarden van 1, 2, 3 of 4 zijn afgerond naar 5.",0 %,,1 april,LISA,Amsterdam: stadsdeel/GGW-gebied/wijk/buurt en overige indelingen,,
Amsterdam O&S BBGA,BBGA,Basisbestand Gebieden Amsterdam,BHVEST_VERZ,Economie,Kantoor: vestigingen verzekeringen,"De deelfunctie 'verzekeringen' wordt aan een vestiging toegekend op basis van de activiteitencode (SBI) waarmee deze vestiging is geregistreerd bij de Kamer van Koophandel. Dit zijn vestigingen met de SBI-codes van Verzekeringen en pensioenfondsen (geen verplichte sociale verzekeringen) (65) en waarborgfondsen (66293). De deelfunctie verzekeringen valt onder de hoofdfunctie kantoren.Een vestiging is een locatie van een door de Kamer van Koophandel geregistreerde onderneming waarin of van waaruit een economische activiteit wordt uitgeoefend voor minimaal 12 uur per week door minimaal 1 werkzaam persoon.
Sinds 2022 heeft O&S de methodiek overgenomen van LISA, het landelijke vestigings- en banenregister, om het aantal banen en vestigingen per jaar te bepalen. De peildatum is bovendien 1 april en niet meer 1 januari. De cijfers tot en met 2011 zijn gebaseerd op de oude methode van O&S, toen de cijfers nog werden gebaseerd op het ARRA-bestand. Vanaf 2012 is de nieuwe LISA-methode gehanteerd waardoor een vergelijking tussen de jaren na 2012 jaren wel mogelijk is. Sinds 1 juli 2008 zijn ook vrije beroepen verplicht zich in te schrijven in het Handelregister. In 2008 leidde dit tot een toename van het aantal geregistreerde artsen en advocaten en in 2009 van de creatieve beroepen. Er worden alleen gegevens verstrekt over gebieden met minimaal 5 vestigingen. Percentages hoger dan 90 procent zijn afgerond naar 90 procent. Waarden van 1, 2, 3 of 4 zijn afgerond naar 5.",0,,1 april,LISA,Amsterdam: stadsdeel/GGW-gebied/wijk/buurt en overige indelingen,,
Amsterdam O&S BBGA,BBGA,Basisbestand Gebieden Amsterdam,BHVEST_ZAKDNST,Economie,Kantoor: vestigingen zakelijke diensten,"De deelfunctie 'zakelijke diensten' wordt aan een vestiging toegekend op basis van de activiteitencode (SBI) waarmee deze vestiging is geregistreerd bij de Kamer van Koophandel.
Sinds 2022 heeft O&S de methodiek overgenomen van LISA, het landelijke vestigings- en banenregister, om het aantal banen en vestigingen per jaar te bepalen. De peildatum is bovendien 1 april en niet meer 1 januari. De cijfers tot en met 2011 zijn gebaseerd op de oude methode van O&S, toen de cijfers nog werden gebaseerd op het ARRA-bestand. Vanaf 2012 is de nieuwe LISA-methode gehanteerd waardoor een vergelijking tussen de jaren na 2012 jaren wel mogelijk is. Sinds 1 juli 2008 zijn ook vrije beroepen verplicht zich in te schrijven in het Handelregister. In 2008 leidde dit tot een toename van het aantal geregistreerde artsen en advocaten en in 2009 van de creatieve beroepen. Er worden alleen gegevens verstrekt over gebieden met minimaal 5 vestigingen. Percentages hoger dan 90 procent zijn afgerond naar 90 procent. Waarden van 1, 2, 3 of 4 zijn afgerond naar 5.",0,,1 april,LISA,Amsterdam: stadsdeel/GGW-gebied/wijk/buurt en overige indelingen,,
Amsterdam O&S BBGA,BBGA,Basisbestand Gebieden Amsterdam,BHWP_BANK,Economie,Kantoor: werkzame personen bank,"Personen die voor 12 uur of meer per week werkzaam zijn bij vestigingen met de deelfunctie 'bank'. Dit zijn vestigingen met de SBI-codes van financiële instellingen (64).
Sinds 2022 heeft O&S de methodiek overgenomen van LISA, het landelijke vestigings- en banenregister, om het aantal banen en vestigingen per jaar te bepalen. De peildatum is bovendien 1 april en niet meer 1 januari. De cijfers tot en met 2011 zijn gebaseerd op de oude methode van O&S, toen de cijfers nog werden gebaseerd op het ARRA-bestand. Vanaf 2012 is de nieuwe LISA-methode gehanteerd waardoor een vergelijking tussen de jaren na 2012 jaren wel mogelijk is. Sinds 1 juli 2008 zijn ook vrije beroepen verplicht zich in te schrijven in het Handelregister. In 2008 leidde dit tot een toename van het aantal geregistreerde artsen en advocaten en in 2009 van de creatieve beroepen. Er worden alleen gegevens verstrekt over gebieden met minimaal 5 vestigingen. Percentages hoger dan 90 procent zijn afgerond naar 90 procent. Waarden van 1, 2, 3 of 4 zijn afgerond naar 5.",0,,1 april,LISA,Amsterdam: stadsdeel/GGW-gebied/wijk/buurt en overige indelingen,,
Amsterdam O&S BBGA,BBGA,Basisbestand Gebieden Amsterdam,BHWP_OVKANTOOR,Economie,Kantoor: werkzame personen overige kantoren,"Personen die voor 12 uur of meer per week werkzaam zijn bij vestigingen met de deelfunctie óverige kantoren'.
Sinds 2022 heeft O&S de methodiek overgenomen van LISA, het landelijke vestigings- en banenregister, om het aantal banen en vestigingen per jaar te bepalen. De peildatum is bovendien 1 april en niet meer 1 januari. De cijfers tot en met 2011 zijn gebaseerd op de oude methode van O&S, toen de cijfers nog werden gebaseerd op het ARRA-bestand. Vanaf 2012 is de nieuwe LISA-methode gehanteerd waardoor een vergelijking tussen de jaren na 2012 jaren wel mogelijk is. Sinds 1 juli 2008 zijn ook vrije beroepen verplicht zich in te schrijven in het Handelregister. In 2008 leidde dit tot een toename van het aantal geregistreerde artsen en advocaten en in 2009 van de creatieve beroepen. Er worden alleen gegevens verstrekt over gebieden met minimaal 5 vestigingen. Percentages hoger dan 90 procent zijn afgerond naar 90 procent. Waarden van 1, 2, 3 of 4 zijn afgerond naar 5.",0,,1 april,LISA,Amsterdam: stadsdeel/GGW-gebied/wijk/buurt en overige indelingen,,
Amsterdam O&S BBGA,BBGA,Basisbestand Gebieden Amsterdam,BHWP_KANT,Economie,Kantoor: werkzame personen totaal,"Personen die voor 12 uur of meer per week werkzaam zijn bij vestigingen met de hoofdfunctie 'kantoor'. Dit zijn vestigingen met de SBI-codes van banken, verzekeringen, overige dienstverlening en overige kantoren.
Sinds 2022 heeft O&S de methodiek overgenomen van LISA, het landelijke vestigings- en banenregister, om het aantal banen en vestigingen per jaar te bepalen. De peildatum is bovendien 1 april en niet meer 1 januari. De cijfers tot en met 2011 zijn gebaseerd op de oude methode van O&S, toen de cijfers nog werden gebaseerd op het ARRA-bestand. Vanaf 2012 is de nieuwe LISA-methode gehanteerd waardoor een vergelijking tussen de jaren na 2012 jaren wel mogelijk is. Sinds 1 juli 2008 zijn ook vrije beroepen verplicht zich in te schrijven in het Handelregister. In 2008 leidde dit tot een toename van het aantal geregistreerde artsen en advocaten en in 2009 van de creatieve beroepen. Er worden alleen gegevens verstrekt over gebieden met minimaal 5 vestigingen. Percentages hoger dan 90 procent zijn afgerond naar 90 procent. Waarden van 1, 2, 3 of 4 zijn afgerond naar 5.",0,,1 april,LISA,Amsterdam: stadsdeel/GGW-gebied/wijk/buurt en overige indelingen,,
Amsterdam O&S BBGA,BBGA,Basisbestand Gebieden Amsterdam,BHWP_KANT_P,Economie,Kantoor: werkzame personen totaal  (%),"Aandeel van de werkzame personen die voor 12 uur of meer per week werkzaam zijn bij vestigingen met de hoofdfunctie 'kantoor'. Dit zijn vestigingen met de SBI-codes van banken, verzekeringen, overige dienstverlening en overige kantoren.
Sinds 2022 heeft O&S de methodiek overgenomen van LISA, het landelijke vestigings- en banenregister, om het aantal banen en vestigingen per jaar te bepalen. De peildatum is bovendien 1 april en niet meer 1 januari. De cijfers tot en met 2011 zijn gebaseerd op de oude methode van O&S, toen de cijfers nog werden gebaseerd op het ARRA-bestand. Vanaf 2012 is de nieuwe LISA-methode gehanteerd waardoor een vergelijking tussen de jaren na 2012 jaren wel mogelijk is. Sinds 1 juli 2008 zijn ook vrije beroepen verplicht zich in te schrijven in het Handelregister. In 2008 leidde dit tot een toename van het aantal geregistreerde artsen en advocaten en in 2009 van de creatieve beroepen. Er worden alleen gegevens verstrekt over gebieden met minimaal 5 vestigingen. Percentages hoger dan 90 procent zijn afgerond naar 90 procent. Waarden van 1, 2, 3 of 4 zijn afgerond naar 5.",0 %,,1 april,LISA,Amsterdam: stadsdeel/GGW-gebied/wijk/buurt en overige indelingen,,
Amsterdam O&S BBGA,BBGA,Basisbestand Gebieden Amsterdam,BHWP_VERZ,Economie,Kantoor: werkzame personen verzekeringen,"Personen die voor 12 uur of meer per week werkzaam zijn bij vestigingen met de deelfunctie 'verzekeringen'. Dit zijn vestigingen met de SBI-codes van Verzekeringen en pensioenfondsen (geen verplichte sociale verzekeringen) (65) en waarborgfondsen (66293).
Sinds 2022 heeft O&S de methodiek overgenomen van LISA, het landelijke vestigings- en banenregister, om het aantal banen en vestigingen per jaar te bepalen. De peildatum is bovendien 1 april en niet meer 1 januari. De cijfers tot en met 2011 zijn gebaseerd op de oude methode van O&S, toen de cijfers nog werden gebaseerd op het ARRA-bestand. Vanaf 2012 is de nieuwe LISA-methode gehanteerd waardoor een vergelijking tussen de jaren na 2012 jaren wel mogelijk is. Sinds 1 juli 2008 zijn ook vrije beroepen verplicht zich in te schrijven in het Handelregister. In 2008 leidde dit tot een toename van het aantal geregistreerde artsen en advocaten en in 2009 van de creatieve beroepen. Er worden alleen gegevens verstrekt over gebieden met minimaal 5 vestigingen. Percentages hoger dan 90 procent zijn afgerond naar 90 procent. Waarden van 1, 2, 3 of 4 zijn afgerond naar 5.",0,,1 april,LISA,Amsterdam: stadsdeel/GGW-gebied/wijk/buurt en overige indelingen,,
Amsterdam O&S BBGA,BBGA,Basisbestand Gebieden Amsterdam,BHWP_ZAKDNST,Economie,Kantoor: werkzame personen zakelijke diensten,"Personen die voor 12 uur of meer per week werkzaam zijn bij vestigingen met de deelfunctie 'zakelijke diensten'.
Sinds 2022 heeft O&S de methodiek overgenomen van LISA, het landelijke vestigings- en banenregister, om het aantal banen en vestigingen per jaar te bepalen. De peildatum is bovendien 1 april en niet meer 1 januari. De cijfers tot en met 2011 zijn gebaseerd op de oude methode van O&S, toen de cijfers nog werden gebaseerd op het ARRA-bestand. Vanaf 2012 is de nieuwe LISA-methode gehanteerd waardoor een vergelijking tussen de jaren na 2012 jaren wel mogelijk is. Sinds 1 juli 2008 zijn ook vrije beroepen verplicht zich in te schrijven in het Handelregister. In 2008 leidde dit tot een toename van het aantal geregistreerde artsen en advocaten en in 2009 van de creatieve beroepen. Er worden alleen gegevens verstrekt over gebieden met minimaal 5 vestigingen. Percentages hoger dan 90 procent zijn afgerond naar 90 procent. Waarden van 1, 2, 3 of 4 zijn afgerond naar 5.",0,,1 april,LISA,Amsterdam: stadsdeel/GGW-gebied/wijk/buurt en overige indelingen,,
Amsterdam O&S BBGA,BBGA,Basisbestand Gebieden Amsterdam,BHDG_BINDAMS_P,Economie,koopkrachtoriëntatie dagelijks (overig) Amsterdam,"Het aandeel bewoners in een gebied dat in Amsterdam de dagelijkse boodschappen doet, zoals levensmiddelen",0 %,,1 januari,"Monitor Detailhandel, O&S",Amsterdam: stadsdeel/GGW-gebied/wijk/buurt en overige indelingen,,
Amsterdam O&S BBGA,BBGA,Basisbestand Gebieden Amsterdam,BHDG_BINDNL_P,Economie,koopkrachtoriëntatie dagelijks buiten Amsterdam,"Het aandeel bewoners in een gebied dat buiten Amsterdam de dagelijkse boodschappen doet, zoals levensmiddelen",0 %,,1 januari,"Monitor Detailhandel, O&S",Amsterdam: stadsdeel/GGW-gebied/wijk/buurt en overige indelingen,,
Amsterdam O&S BBGA,BBGA,Basisbestand Gebieden Amsterdam,BHDG_BINDGEB_P,Economie,koopkrachtoriëntatie dagelijks eigen woongebied,"Het aandeel bewoners in een gebied dat in het eigen woongebied of stadsdeel de dagelijkse boodschappen doet, zoals levensmiddelen",0 %,,1 januari,"Monitor Detailhandel, O&S",Amsterdam: stadsdeel/GGW-gebied/wijk/buurt en overige indelingen,,
Amsterdam O&S BBGA,BBGA,Basisbestand Gebieden Amsterdam,BHDG_BINDONLINE_P,Economie,koopkrachtoriëntatie dagelijks online,"Het aandeel bewoners in een gebied dat online de dagelijkse boodschappen doet, zoals levensmiddelen",0 %,,1 januari,"Monitor Detailhandel, O&S",Amsterdam: stadsdeel/GGW-gebied/wijk/buurt en overige indelingen,,
Amsterdam O&S BBGA,BBGA,Basisbestand Gebieden Amsterdam,BHNDG_BINDAMS_P,Economie,koopkrachtoriëntatie niet-dagelijks (overig) Amsterdam,"Het aandeel bewoners in een gebied dat in Amsterdam niet-dagelijkse producten aanschaft, zoals kleding, huishoudelijke artikelen en electronica",0 %,,1 januari,"Monitor Detailhandel, O&S",Amsterdam: stadsdeel/GGW-gebied/wijk/buurt en overige indelingen,,
Amsterdam O&S BBGA,BBGA,Basisbestand Gebieden Amsterdam,BHNDG_BINDNL_P,Economie,koopkrachtoriëntatie niet-dagelijks buiten Amsterdam,"Het aandeel bewoners in een gebied dat buiten Amsterdam niet-dagelijkse producten aanschaft, zoals kleding, huishoudelijke artikelen en electronica",0 %,,1 januari,"Monitor Detailhandel, O&S",Amsterdam: stadsdeel/GGW-gebied/wijk/buurt en overige indelingen,,
Amsterdam O&S BBGA,BBGA,Basisbestand Gebieden Amsterdam,BHNDG_BINDGEB_P,Economie,koopkrachtoriëntatie niet-dagelijks eigen woongebied,"Het aandeel bewoners in een gebied dat in het eigen woongebied of stadsdeel niet-dagelijkse producten aanschaft, zoals kleding, huishoudelijke artikelen en electronica",0 %,,1 januari,"Monitor Detailhandel, O&S",Amsterdam: stadsdeel/GGW-gebied/wijk/buurt en overige indelingen,,
Amsterdam O&S BBGA,BBGA,Basisbestand Gebieden Amsterdam,BHNDG_BINDONLINE_P,Economie,koopkrachtoriëntatie niet-dagelijks online,"Het aandeel bewoners in een gebied dat online niet-dagelijkse producten aanschaft, zoals kleding, huishoudelijke artikelen en electronica",0 %,,1 januari,"Monitor Detailhandel, O&S",Amsterdam: stadsdeel/GGW-gebied/wijk/buurt en overige indelingen,,
Amsterdam O&S BBGA,BBGA,Basisbestand Gebieden Amsterdam,BHOPHEF_VEST,Economie,Opgeheven vestigingen,"Aantal opgeheven ondernemingen per jaar. Een onderneming wordt door de kamer van koophandel als opgeheven in een bepaald jaar gekwalificeerd als het aantal werkzame personen minimaal 1 fulltime persoon bedraagt en de onderneming is uitgeschreven met 1 van de volgende redenen: Wetswijziging
- Opheffing (algemeen)
- Opheffing (faillissement)
- Na-uitschrijving
Sinds 2022 heeft O&S de methodiek overgenomen van LISA, het landelijke vestigings- en banenregister, om het aantal banen en vestigingen per jaar te bepalen. De peildatum is bovendien 1 april en niet meer 1 januari. De cijfers tot en met 2011 zijn gebaseerd op de oude methode van O&S, toen de cijfers nog werden gebaseerd op het ARRA-bestand. Vanaf 2012 is de nieuwe LISA-methode gehanteerd waardoor een vergelijking tussen de jaren na 2012 jaren wel mogelijk is. Er worden alleen gegevens verstrekt over gebieden met minimaal 5 vestigingen.",0,,1 april,LISA,Amsterdam: stadsdeel/GGW-gebied/wijk/buurt en overige indelingen,,
Amsterdam O&S BBGA,BBGA,Basisbestand Gebieden Amsterdam,BHOPHEF_TOT,Economie,Opgeheven vestigingen en zzp'ers,"Aantal opgeheven ondernemingen per jaar. Een onderneming wordt door de kamer van koophandel als opgeheven in een bepaald jaar gekwalificeerd als het aantal werkzame personen minimaal 1 fulltime persoon bedraagt en de onderneming is uitgeschreven met 1 van de volgende redenen: Wetswijziging
- Opheffing (algemeen)
- Opheffing (faillissement)
- Na-uitschrijving
Sinds 2022 heeft O&S de methodiek overgenomen van LISA, het landelijke vestigings- en banenregister, om het aantal banen en vestigingen per jaar te bepalen. De peildatum is bovendien 1 april en niet meer 1 januari. De cijfers tot en met 2011 zijn gebaseerd op de oude methode van O&S, toen de cijfers nog werden gebaseerd op het ARRA-bestand. Vanaf 2012 is de nieuwe LISA-methode gehanteerd waardoor een vergelijking tussen de jaren na 2012 jaren wel mogelijk is. Er worden alleen gegevens verstrekt over gebieden met minimaal 5 vestigingen.",0,,1 april,LISA,Amsterdam: stadsdeel/GGW-gebied/wijk/buurt en overige indelingen,,
Amsterdam O&S BBGA,BBGA,Basisbestand Gebieden Amsterdam,BHOPHEF_ZZP,Economie,Opgeheven zzp'ers,"Aantal opgeheven ondernemingen per jaar. Een onderneming wordt door de kamer van koophandel als opgeheven in een bepaald jaar gekwalificeerd als het aantal werkzame personen minimaal 1 fulltime persoon bedraagt en de onderneming is uitgeschreven met 1 van de volgende redenen: Wetswijziging
- Opheffing (algemeen)
- Opheffing (faillissement)
- Na-uitschrijving
Sinds 2022 heeft O&S de methodiek overgenomen van LISA, het landelijke vestigings- en banenregister, om het aantal banen en vestigingen per jaar te bepalen. De peildatum is bovendien 1 april en niet meer 1 januari. De cijfers tot en met 2011 zijn gebaseerd op de oude methode van O&S, toen de cijfers nog werden gebaseerd op het ARRA-bestand. Vanaf 2012 is de nieuwe LISA-methode gehanteerd waardoor een vergelijking tussen de jaren na 2012 jaren wel mogelijk is. Er worden alleen gegevens verstrekt over gebieden met minimaal 5 vestigingen.",0,,1 april,LISA,Amsterdam: stadsdeel/GGW-gebied/wijk/buurt en overige indelingen,,
Amsterdam O&S BBGA,BBGA,Basisbestand Gebieden Amsterdam,BHVEST_LVD,Economie,Overig: vestigingen landbouw/visserij/delfstof,"De deelfunctie 'landbouw/visserij/delfstoffenwinning' wordt aan een vestiging toegekend op basis van de activiteitencode (SBI) waarmee deze vestiging is geregistreerd bij de Kamer van Koophandel. De deelfunctie Landbouw/Visserij/ Delfstoffenwinning valt onder de hoofdfunctie Overig.
Sinds 2022 heeft O&S de methodiek overgenomen van LISA, het landelijke vestigings- en banenregister, om het aantal banen en vestigingen per jaar te bepalen. De peildatum is bovendien 1 april en niet meer 1 januari. De cijfers tot en met 2011 zijn gebaseerd op de oude methode van O&S, toen de cijfers nog werden gebaseerd op het ARRA-bestand. Vanaf 2012 is de nieuwe LISA-methode gehanteerd waardoor een vergelijking tussen de jaren na 2012 jaren wel mogelijk is. Sinds 1 juli 2008 zijn ook vrije beroepen verplicht zich in te schrijven in het Handelregister. In 2008 leidde dit tot een toename van het aantal geregistreerde artsen en advocaten en in 2009 van de creatieve beroepen. Er worden alleen gegevens verstrekt over gebieden met minimaal 5 vestigingen. Percentages hoger dan 90 procent zijn afgerond naar 90 procent. Waarden van 1, 2, 3 of 4 zijn afgerond naar 5.",0,,1 april,LISA,Amsterdam: stadsdeel/GGW-gebied/wijk/buurt en overige indelingen,,
Amsterdam O&S BBGA,BBGA,Basisbestand Gebieden Amsterdam,BHVEST_OVERIG,Economie,Overig: vestigingen overig,"De deelfunctie 'overig' wordt aan een vestiging toegekend op basis van de activiteitencode (SBI) waarmee deze vestiging is geregistreerd bij de Kamer van KoophandelDe deelfunctie Overig valt onder de hoofdfunctie Overig.
Sinds 2022 heeft O&S de methodiek overgenomen van LISA, het landelijke vestigings- en banenregister, om het aantal banen en vestigingen per jaar te bepalen. De peildatum is bovendien 1 april en niet meer 1 januari. De cijfers tot en met 2011 zijn gebaseerd op de oude methode van O&S, toen de cijfers nog werden gebaseerd op het ARRA-bestand. Vanaf 2012 is de nieuwe LISA-methode gehanteerd waardoor een vergelijking tussen de jaren na 2012 jaren wel mogelijk is. Sinds 1 juli 2008 zijn ook vrije beroepen verplicht zich in te schrijven in het Handelregister. In 2008 leidde dit tot een toename van het aantal geregistreerde artsen en advocaten en in 2009 van de creatieve beroepen. Er worden alleen gegevens verstrekt over gebieden met minimaal 5 vestigingen. Percentages hoger dan 90 procent zijn afgerond naar 90 procent. Waarden van 1, 2, 3 of 4 zijn afgerond naar 5.",0,,1 april,LISA,Amsterdam: stadsdeel/GGW-gebied/wijk/buurt en overige indelingen,,
Amsterdam O&S BBGA,BBGA,Basisbestand Gebieden Amsterdam,BHVEST_OVG,Economie,Overig: vestigingen totaal,"De hoofdfunctie 'overig' wordt aan een vestiging toegekend op basis van de activiteitencode (SBI) waarmee deze vestiging is geregistreerd bij de Kamer van Koophandel. De Dienst Ruimtelijke Ordening (DRO) heeft de definitie van overige vestigingen in Amsterdam bepaald. Dit zijn vestigingen met de SBI-codes van landbouw, visserij, delfstoffenwinning en overig. Een vestiging is een locatie van een door de Kamer van Koophandel geregistreerde onderneming waarin of van waaruit een economische activiteit wordt uitgeoefend voor minimaal 12 uur per week door minimaal 1 werkzaam persoon.
Sinds 2022 heeft O&S de methodiek overgenomen van LISA, het landelijke vestigings- en banenregister, om het aantal banen en vestigingen per jaar te bepalen. De peildatum is bovendien 1 april en niet meer 1 januari. De cijfers tot en met 2011 zijn gebaseerd op de oude methode van O&S, toen de cijfers nog werden gebaseerd op het ARRA-bestand. Vanaf 2012 is de nieuwe LISA-methode gehanteerd waardoor een vergelijking tussen de jaren na 2012 jaren wel mogelijk is. Sinds 1 juli 2008 zijn ook vrije beroepen verplicht zich in te schrijven in het Handelregister. In 2008 leidde dit tot een toename van het aantal geregistreerde artsen en advocaten en in 2009 van de creatieve beroepen. Er worden alleen gegevens verstrekt over gebieden met minimaal 5 vestigingen. Percentages hoger dan 90 procent zijn afgerond naar 90 procent. Waarden van 1, 2, 3 of 4 zijn afgerond naar 5.",0,,1 april,LISA,Amsterdam: stadsdeel/GGW-gebied/wijk/buurt en overige indelingen,,
Amsterdam O&S BBGA,BBGA,Basisbestand Gebieden Amsterdam,BHVEST_OVG_P,Economie,Overig: vestigingen totaal (%),"Aandeel van de vestigingen met de hoofdfunctie Overig. De hoofdfunctie 'overig' wordt aan een vestiging toegekend op basis van de activiteitencode (SBI) waarmee deze vestiging is geregistreerd bij de Kamer van Koophandel. De Dienst Ruimtelijke Ordening (DRO) heeft de definitie van overige vestigingen in Amsterdam bepaald. Dit zijn vestigingen met de SBI-codes van landbouw, visserij, delfstoffenwinning en overig. Een vestiging is een locatie van een door de Kamer van Koophandel geregistreerde onderneming waarin of van waaruit een economische activiteit wordt uitgeoefend voor minimaal 12 uur per week door minimaal 1 werkzaam persoon.
Sinds 2022 heeft O&S de methodiek overgenomen van LISA, het landelijke vestigings- en banenregister, om het aantal banen en vestigingen per jaar te bepalen. De peildatum is bovendien 1 april en niet meer 1 januari. De cijfers tot en met 2011 zijn gebaseerd op de oude methode van O&S, toen de cijfers nog werden gebaseerd op het ARRA-bestand. Vanaf 2012 is de nieuwe LISA-methode gehanteerd waardoor een vergelijking tussen de jaren na 2012 jaren wel mogelijk is. Sinds 1 juli 2008 zijn ook vrije beroepen verplicht zich in te schrijven in het Handelregister. In 2008 leidde dit tot een toename van het aantal geregistreerde artsen en advocaten en in 2009 van de creatieve beroepen. Er worden alleen gegevens verstrekt over gebieden met minimaal 5 vestigingen. Percentages hoger dan 90 procent zijn afgerond naar 90 procent. Waarden van 1, 2, 3 of 4 zijn afgerond naar 5.",0 %,,1 april,LISA,Amsterdam: stadsdeel/GGW-gebied/wijk/buurt en overige indelingen,,
Amsterdam O&S BBGA,BBGA,Basisbestand Gebieden Amsterdam,BHWP_LVD,Economie,Overig: werkzame personen landbouw/visserij/delfstof,"Personen die voor 12 uur of meer per week werkzaam zijn bij vestigingen met de deelfunctie 'landbouw / visserij / delfstofwinning'.
Sinds 2022 heeft O&S de methodiek overgenomen van LISA, het landelijke vestigings- en banenregister, om het aantal banen en vestigingen per jaar te bepalen. De peildatum is bovendien 1 april en niet meer 1 januari. De cijfers tot en met 2011 zijn gebaseerd op de oude methode van O&S, toen de cijfers nog werden gebaseerd op het ARRA-bestand. Vanaf 2012 is de nieuwe LISA-methode gehanteerd waardoor een vergelijking tussen de jaren na 2012 jaren wel mogelijk is. Sinds 1 juli 2008 zijn ook vrije beroepen verplicht zich in te schrijven in het Handelregister. In 2008 leidde dit tot een toename van het aantal geregistreerde artsen en advocaten en in 2009 van de creatieve beroepen. Er worden alleen gegevens verstrekt over gebieden met minimaal 5 vestigingen. Percentages hoger dan 90 procent zijn afgerond naar 90 procent. Waarden van 1, 2, 3 of 4 zijn afgerond naar 5.",0,,1 april,LISA,Amsterdam: stadsdeel/GGW-gebied/wijk/buurt en overige indelingen,,
Amsterdam O&S BBGA,BBGA,Basisbestand Gebieden Amsterdam,BHWP_OVERIG,Economie,Overig: werkzame personen overig,"Personen die voor 12 uur of meer per week werkzaam zijn bij vestigingen met de deelfunctie 'overig'.
Sinds 2022 heeft O&S de methodiek overgenomen van LISA, het landelijke vestigings- en banenregister, om het aantal banen en vestigingen per jaar te bepalen. De peildatum is bovendien 1 april en niet meer 1 januari. De cijfers tot en met 2011 zijn gebaseerd op de oude methode van O&S, toen de cijfers nog werden gebaseerd op het ARRA-bestand. Vanaf 2012 is de nieuwe LISA-methode gehanteerd waardoor een vergelijking tussen de jaren na 2012 jaren wel mogelijk is. Sinds 1 juli 2008 zijn ook vrije beroepen verplicht zich in te schrijven in het Handelregister. In 2008 leidde dit tot een toename van het aantal geregistreerde artsen en advocaten en in 2009 van de creatieve beroepen. Er worden alleen gegevens verstrekt over gebieden met minimaal 5 vestigingen. Percentages hoger dan 90 procent zijn afgerond naar 90 procent. Waarden van 1, 2, 3 of 4 zijn afgerond naar 5.",0,,1 april,LISA,Amsterdam: stadsdeel/GGW-gebied/wijk/buurt en overige indelingen,,
Amsterdam O&S BBGA,BBGA,Basisbestand Gebieden Amsterdam,BHWP_OVG,Economie,Overig: werkzame personen totaal,"Personen die voor 12 uur of meer per week werkzaam zijn bij vestigingen met de hoofdfunctie 'overig'. Dit zijn vestigingen met de SBI-codes van landbouw, visserij, delfstoffenwinning en overig. Het aantal werkzame personen wordt bepaald op een peildatum.
Sinds 2022 heeft O&S de methodiek overgenomen van LISA, het landelijke vestigings- en banenregister, om het aantal banen en vestigingen per jaar te bepalen. De peildatum is bovendien 1 april en niet meer 1 januari. De cijfers tot en met 2011 zijn gebaseerd op de oude methode van O&S, toen de cijfers nog werden gebaseerd op het ARRA-bestand. Vanaf 2012 is de nieuwe LISA-methode gehanteerd waardoor een vergelijking tussen de jaren na 2012 jaren wel mogelijk is. Sinds 1 juli 2008 zijn ook vrije beroepen verplicht zich in te schrijven in het Handelregister. In 2008 leidde dit tot een toename van het aantal geregistreerde artsen en advocaten en in 2009 van de creatieve beroepen. Er worden alleen gegevens verstrekt over gebieden met minimaal 5 vestigingen. Percentages hoger dan 90 procent zijn afgerond naar 90 procent. Waarden van 1, 2, 3 of 4 zijn afgerond naar 5.",0,,1 april,LISA,Amsterdam: stadsdeel/GGW-gebied/wijk/buurt en overige indelingen,,
Amsterdam O&S BBGA,BBGA,Basisbestand Gebieden Amsterdam,BHWP_OVG_P,Economie,Overig: werkzame personen totaal (%),"Aandeel van de werkzame personen die voor 12 uur of meer per week werkzaam zijn bij vestigingen met de hoofdfunctie 'overig'. Dit zijn vestigingen met de SBI-codes van landbouw, visserij, delfstoffenwinning en overig.
Sinds 2022 heeft O&S de methodiek overgenomen van LISA, het landelijke vestigings- en banenregister, om het aantal banen en vestigingen per jaar te bepalen. De peildatum is bovendien 1 april en niet meer 1 januari. De cijfers tot en met 2011 zijn gebaseerd op de oude methode van O&S, toen de cijfers nog werden gebaseerd op het ARRA-bestand. Vanaf 2012 is de nieuwe LISA-methode gehanteerd waardoor een vergelijking tussen de jaren na 2012 jaren wel mogelijk is. Sinds 1 juli 2008 zijn ook vrije beroepen verplicht zich in te schrijven in het Handelregister. In 2008 leidde dit tot een toename van het aantal geregistreerde artsen en advocaten en in 2009 van de creatieve beroepen. Er worden alleen gegevens verstrekt over gebieden met minimaal 5 vestigingen. Percentages hoger dan 90 procent zijn afgerond naar 90 procent. Waarden van 1, 2, 3 of 4 zijn afgerond naar 5.",0 %,,1 april,LISA,Amsterdam: stadsdeel/GGW-gebied/wijk/buurt en overige indelingen,,
Amsterdam O&S BBGA,BBGA,Basisbestand Gebieden Amsterdam,SRSPORT_1000INW,Economie,Sportvestigingen per 1.000 inwoners,Aantal in het LISA geregistreerde vestigingen met de SBI-code 931 (Sport) per 1. 000 inwoners.,0 /1.000 inwoners,,1 januari,LISA,Amsterdam: stadsdeel/GGW-gebied/wijk/buurt en overige indelingen,,
Amsterdam O&S BBGA,BBGA,Basisbestand Gebieden Amsterdam,SRSPORTACCOM,Economie,Sportvestigingen: accommodaties,"Aantal in het LISA geregistreerde vestigingen met de SBI-code 93. 1 1. Dit zijn sportaccommodaties, zoals zwembaden, sporthallen en sportvelden.
Waarden van 1, 2, 3 of 4 zijn afgerond naar 5. Sinds 2022 heeft O&S de methodiek overgenomen van LISA, het landelijke vestigings- en banenregister, om het aantal banen en vestigingen per jaar te bepalen. De peildatum is bovendien 1 april en niet meer 1 januari. De cijfers tot en met 2011 zijn gebaseerd op de oude methode van O&S, toen de cijfers nog werden gebaseerd op het ARRA-bestand. Vanaf 2012 is de nieuwe LISA-methode gehanteerd waardoor een vergelijking tussen de jaren na 2012 jaren wel mogelijk is.",0,,1 april,LISA,Amsterdam: stadsdeel/GGW-gebied/wijk/buurt en overige indelingen,,
Amsterdam O&S BBGA,BBGA,Basisbestand Gebieden Amsterdam,SRSPORTBINNEN,Economie,Sportvestigingen: binnen,"Aantal in het LISA geregistreerde vestigingen voor binnensport met de SBI-code 93. 1 4. Het gaat om zaalsporten, kracht- en vechtsport, bowlen, biljarten, denksport, sportscholen en overige binnensporten.
Waarden van 1, 2, 3 of 4 zijn afgerond naar 5. Sinds 2022 heeft O&S de methodiek overgenomen van LISA, het landelijke vestigings- en banenregister, om het aantal banen en vestigingen per jaar te bepalen. De peildatum is bovendien 1 april en niet meer 1 januari. De cijfers tot en met 2011 zijn gebaseerd op de oude methode van O&S, toen de cijfers nog werden gebaseerd op het ARRA-bestand. Vanaf 2012 is de nieuwe LISA-methode gehanteerd waardoor een vergelijking tussen de jaren na 2012 jaren wel mogelijk is.",0,,1 april,LISA,Amsterdam: stadsdeel/GGW-gebied/wijk/buurt en overige indelingen,,
Amsterdam O&S BBGA,BBGA,Basisbestand Gebieden Amsterdam,SRSPORTBUITEN,Economie,Sportvestigingen: buiten,"Aantal in het LISA geregistreerde vestigingen voor buitensport met de SBI-code 93. 1 2. Het gaat om veldsporten, atletiek, tennis, paardensport, wielersport, auto- en motorsport, wintersport en overige buitensporten.
Waarden van 1, 2, 3 of 4 zijn afgerond naar 5. Sinds 2022 heeft O&S de methodiek overgenomen van LISA, het landelijke vestigings- en banenregister, om het aantal banen en vestigingen per jaar te bepalen. De peildatum is bovendien 1 april en niet meer 1 januari. De cijfers tot en met 2011 zijn gebaseerd op de oude methode van O&S, toen de cijfers nog werden gebaseerd op het ARRA-bestand. Vanaf 2012 is de nieuwe LISA-methode gehanteerd waardoor een vergelijking tussen de jaren na 2012 jaren wel mogelijk is.",0,,1 april,LISA,Amsterdam: stadsdeel/GGW-gebied/wijk/buurt en overige indelingen,,
Amsterdam O&S BBGA,BBGA,Basisbestand Gebieden Amsterdam,SRFITNESS,Economie,Sportvestigingen: fitness,"Aantal in het LISA geregistreerde fitnesscentra met de SBI-code 93. 1 3.
Waarden van 1, 2, 3 of 4 zijn afgerond naar 5. Sinds 2022 heeft O&S de methodiek overgenomen van LISA, het landelijke vestigings- en banenregister, om het aantal banen en vestigingen per jaar te bepalen. De peildatum is bovendien 1 april en niet meer 1 januari. De cijfers tot en met 2011 zijn gebaseerd op de oude methode van O&S, toen de cijfers nog werden gebaseerd op het ARRA-bestand. Vanaf 2012 is de nieuwe LISA-methode gehanteerd waardoor een vergelijking tussen de jaren na 2012 jaren wel mogelijk is.",0,,1 april,LISA,Amsterdam: stadsdeel/GGW-gebied/wijk/buurt en overige indelingen,,
Amsterdam O&S BBGA,BBGA,Basisbestand Gebieden Amsterdam,SRSPORTOVERIG,Economie,Sportvestigingen: overig,"Aantal in het LISA geregistreerde vestigingen voor overige sportactiviteiten met de SBI-code 93. 1 9. Het gaat om beroepssporters, hengelsport, supportersverenigingen etc.
Waarden van 1, 2, 3 of 4 zijn afgerond naar 5. Sinds 2022 heeft O&S de methodiek overgenomen van LISA, het landelijke vestigings- en banenregister, om het aantal banen en vestigingen per jaar te bepalen. De peildatum is bovendien 1 april en niet meer 1 januari. De cijfers tot en met 2011 zijn gebaseerd op de oude methode van O&S, toen de cijfers nog werden gebaseerd op het ARRA-bestand. Vanaf 2012 is de nieuwe LISA-methode gehanteerd waardoor een vergelijking tussen de jaren na 2012 jaren wel mogelijk is.",0,,1 april,LISA,Amsterdam: stadsdeel/GGW-gebied/wijk/buurt en overige indelingen,,
Amsterdam O&S BBGA,BBGA,Basisbestand Gebieden Amsterdam,SRSPORT,Economie,Sportvestigingen: totaal,"Aantal in het LISA geregistreerde sportvestigingen met de SBI-code 93. 1 (Sport).
Waarden van 1, 2, 3 of 4 zijn afgerond naar 5. Sinds 2022 heeft O&S de methodiek overgenomen van LISA, het landelijke vestigings- en banenregister, om het aantal banen en vestigingen per jaar te bepalen. De peildatum is bovendien 1 april en niet meer 1 januari. De cijfers tot en met 2011 zijn gebaseerd op de oude methode van O&S, toen de cijfers nog werden gebaseerd op het ARRA-bestand. Vanaf 2012 is de nieuwe LISA-methode gehanteerd waardoor een vergelijking tussen de jaren na 2012 jaren wel mogelijk is.",0,,1 april,LISA,Amsterdam: stadsdeel/GGW-gebied/wijk/buurt en overige indelingen,,
Amsterdam O&S BBGA,BBGA,Basisbestand Gebieden Amsterdam,SRSPORTWATER,Economie,Sportvestigingen: water,"Aantal in het LISA geregistreerde vestigingen voor watersport met de SBI-code 93. 1 5. Het gaat om zwem- en onderwatersport, roeien, kanoen, zeilen, surfen etc.
Waarden van 1, 2, 3 of 4 zijn afgerond naar 5. Sinds 2022 heeft O&S de methodiek overgenomen van LISA, het landelijke vestigings- en banenregister, om het aantal banen en vestigingen per jaar te bepalen. De peildatum is bovendien 1 april en niet meer 1 januari. De cijfers tot en met 2011 zijn gebaseerd op de oude methode van O&S, toen de cijfers nog werden gebaseerd op het ARRA-bestand. Vanaf 2012 is de nieuwe LISA-methode gehanteerd waardoor een vergelijking tussen de jaren na 2012 jaren wel mogelijk is.",0,,1 april,LISA,Amsterdam: stadsdeel/GGW-gebied/wijk/buurt en overige indelingen,,
Amsterdam O&S BBGA,BBGA,Basisbestand Gebieden Amsterdam,BHSTART_VEST,Economie,Startende vestigingen,"Aantal gestarte ondernemingen per jaar dat nog in bedrijf is. Een onderneming wordt door de kamer van koophandel als starter in een bepaald jaar gekwalificeerd als:
- het bedrijf niet al langer bestaat,
- het geen verhuizing betreft, het geen filiaalbedrijf is,
- het aantal werkzame personen kleiner is dan 5
Sinds 2022 heeft O&S de methodiek overgenomen van LISA, het landelijke vestigings- en banenregister, om het aantal banen en vestigingen per jaar te bepalen. De peildatum is bovendien 1 april en niet meer 1 januari. De cijfers tot en met 2011 zijn gebaseerd op de oude methode van O&S, toen de cijfers nog werden gebaseerd op het ARRA-bestand. Vanaf 2012 is de nieuwe LISA-methode gehanteerd waardoor een vergelijking tussen de jaren na 2012 jaren wel mogelijk is. Er worden alleen gegevens verstrekt over gebieden met minimaal 5 vestigingen.",0,,1 april,LISA,Amsterdam: stadsdeel/GGW-gebied/wijk/buurt en overige indelingen,,
Amsterdam O&S BBGA,BBGA,Basisbestand Gebieden Amsterdam,BHSTART_TOT,Economie,Startende vestigingen en zzp'ers,"Aantal gestarte ondernemingen per jaar dat nog in bedrijf is. Een onderneming wordt door de kamer van koophandel als starter in een bepaald jaar gekwalificeerd als:
- het bedrijf niet al langer bestaat,
- het geen verhuizing betreft, het geen filiaalbedrijf is,
- het aantal werkzame personen kleiner is dan 5
Sinds 2022 heeft O&S de methodiek overgenomen van LISA, het landelijke vestigings- en banenregister, om het aantal banen en vestigingen per jaar te bepalen. De peildatum is bovendien 1 april en niet meer 1 januari. De cijfers tot en met 2011 zijn gebaseerd op de oude methode van O&S, toen de cijfers nog werden gebaseerd op het ARRA-bestand. Vanaf 2012 is de nieuwe LISA-methode gehanteerd waardoor een vergelijking tussen de jaren na 2012 jaren wel mogelijk is. Er worden alleen gegevens verstrekt over gebieden met minimaal 5 vestigingen.",0,,1 april,LISA,Amsterdam: stadsdeel/GGW-gebied/wijk/buurt en overige indelingen,,
Amsterdam O&S BBGA,BBGA,Basisbestand Gebieden Amsterdam,BHSTART_ZZP,Economie,Startende zzp'ers,"Aantal gestarte ondernemingen per jaar dat nog in bedrijf is. Een onderneming wordt door de kamer van koophandel als starter in een bepaald jaar gekwalificeerd als:
- het bedrijf niet al langer bestaat,
- het geen verhuizing betreft, het geen filiaalbedrijf is,
- het aantal werkzame personen kleiner is dan 5
Sinds 2022 heeft O&S de methodiek overgenomen van LISA, het landelijke vestigings- en banenregister, om het aantal banen en vestigingen per jaar te bepalen. De peildatum is bovendien 1 april en niet meer 1 januari. De cijfers tot en met 2011 zijn gebaseerd op de oude methode van O&S, toen de cijfers nog werden gebaseerd op het ARRA-bestand. Vanaf 2012 is de nieuwe LISA-methode gehanteerd waardoor een vergelijking tussen de jaren na 2012 jaren wel mogelijk is. Er worden alleen gegevens verstrekt over gebieden met minimaal 5 vestigingen.",0,,1 april,LISA,Amsterdam: stadsdeel/GGW-gebied/wijk/buurt en overige indelingen,,
Amsterdam O&S BBGA,BBGA,Basisbestand Gebieden Amsterdam,BHLOCVKP,Economie,verkooppunten,"Locatus geeft aan dat een verkooppunt een onderneming of instelling is met een publiek toegankelijke ruimte waar producten of diensten aangeboden en verhandeld worden. Dit kunnen winkels, kapperzaken of restaurants zijn, maar ook sauna's, makelaarskantoren en musea. De winkelvloeroppervlakte is de oppervlakte van een verkooppunt die voor het publiek toegankelijk is.
De dataverzameling vindt plaatst op basis van observatieonderzoek in de winkelgebieden in Amsterdam aangevuld met desk research.",0,,,Locatus,Amsterdam: stadsdeel/GGW-gebied/wijk/buurt en overige indelingen,,
Amsterdam O&S BBGA,BBGA,Basisbestand Gebieden Amsterdam,BHLOCVKPCOFFEESHOPS,Economie,verkooppunten coffeeshops,"Locatus geeft aan dat een verkooppunt een onderneming of instelling is met een publiek toegankelijke ruimte waar producten of diensten aangeboden en verhandeld worden. Dit kunnen winkels, kapperzaken of restaurants zijn, maar ook sauna's, makelaarskantoren en musea. De winkelvloeroppervlakte is de oppervlakte van een verkooppunt die voor het publiek toegankelijk is.
De dataverzameling vindt plaatst op basis van observatieonderzoek in de winkelgebieden in Amsterdam aangevuld met desk research.",0,,1 januari,Locatus,Amsterdam: stadsdeel/GGW-gebied/wijk/buurt en overige indelingen,,
Amsterdam O&S BBGA,BBGA,Basisbestand Gebieden Amsterdam,BHLOCVKPDET,Economie,verkooppunten detailhandel,"Locatus geeft aan dat een verkooppunt een onderneming of instelling is met een publiek toegankelijke ruimte waar producten of diensten aangeboden en verhandeld worden. Dit kunnen winkels, kapperzaken of restaurants zijn, maar ook sauna's, makelaarskantoren en musea. De winkelvloeroppervlakte is de oppervlakte van een verkooppunt die voor het publiek toegankelijk is.
De dataverzameling vindt plaatst op basis van observatieonderzoek in de winkelgebieden in Amsterdam aangevuld met desk research.",0,,1 januari,Locatus,Amsterdam: stadsdeel/GGW-gebied/wijk/buurt en overige indelingen,,
Amsterdam O&S BBGA,BBGA,Basisbestand Gebieden Amsterdam,BHLOCVKPDAGELIJKS,Economie,verkooppunten detailhandel dagelijks,"Locatus geeft aan dat een verkooppunt een onderneming of instelling is met een publiek toegankelijke ruimte waar producten of diensten aangeboden en verhandeld worden. Dit kunnen winkels, kapperzaken of restaurants zijn, maar ook sauna's, makelaarskantoren en musea. De winkelvloeroppervlakte is de oppervlakte van een verkooppunt die voor het publiek toegankelijk is.
De dataverzameling vindt plaatst op basis van observatieonderzoek in de winkelgebieden in Amsterdam aangevuld met desk research.",0,,1 januari,Locatus,Amsterdam: stadsdeel/GGW-gebied/wijk/buurt en overige indelingen,,
Amsterdam O&S BBGA,BBGA,Basisbestand Gebieden Amsterdam,BHLOCVKPDG_1000INW,Economie,verkooppunten detailhandel dagelijks per 1.000 inw.,"Locatus geeft aan dat een verkooppunt een onderneming of instelling is met een publiek toegankelijke ruimte waar producten of diensten aangeboden en verhandeld worden. Dit kunnen winkels, kapperzaken of restaurants zijn, maar ook sauna's, makelaarskantoren en musea. De winkelvloeroppervlakte is de oppervlakte van een verkooppunt die voor het publiek toegankelijk is.
De dataverzameling vindt plaatst op basis van observatieonderzoek in de winkelgebieden in Amsterdam aangevuld met desk research.",0 /1.000 inwoners,,1 januari,Locatus,Amsterdam: stadsdeel/GGW-gebied/wijk/buurt en overige indelingen,,
Amsterdam O&S BBGA,BBGA,Basisbestand Gebieden Amsterdam,BHLOCVKPINENOMHUIS,Economie,verkooppunten detailhandel in en om huis,"Locatus geeft aan dat een verkooppunt een onderneming of instelling is met een publiek toegankelijke ruimte waar producten of diensten aangeboden en verhandeld worden. Dit kunnen winkels, kapperzaken of restaurants zijn, maar ook sauna's, makelaarskantoren en musea. De winkelvloeroppervlakte is de oppervlakte van een verkooppunt die voor het publiek toegankelijk is.
De dataverzameling vindt plaatst op basis van observatieonderzoek in de winkelgebieden in Amsterdam aangevuld met desk research.",0,,1 januari,Locatus,Amsterdam: stadsdeel/GGW-gebied/wijk/buurt en overige indelingen,,
Amsterdam O&S BBGA,BBGA,Basisbestand Gebieden Amsterdam,BHLOCVKPDET_1000INW,Economie,verkooppunten detailhandel per 1.000 inw.,"Locatus geeft aan dat een verkooppunt een onderneming of instelling is met een publiek toegankelijke ruimte waar producten of diensten aangeboden en verhandeld worden. Dit kunnen winkels, kapperzaken of restaurants zijn, maar ook sauna's, makelaarskantoren en musea. De winkelvloeroppervlakte is de oppervlakte van een verkooppunt die voor het publiek toegankelijk is.
De dataverzameling vindt plaatst op basis van observatieonderzoek in de winkelgebieden in Amsterdam aangevuld met desk research.",0 /1.000 inwoners,,1 januari,Locatus,Amsterdam: stadsdeel/GGW-gebied/wijk/buurt en overige indelingen,,
Amsterdam O&S BBGA,BBGA,Basisbestand Gebieden Amsterdam,BHLOCVKPDIENSTEN,Economie,verkooppunten diensten,"Locatus geeft aan dat een verkooppunt een onderneming of instelling is met een publiek toegankelijke ruimte waar producten of diensten aangeboden en verhandeld worden. Dit kunnen winkels, kapperzaken of restaurants zijn, maar ook sauna's, makelaarskantoren en musea. De winkelvloeroppervlakte is de oppervlakte van een verkooppunt die voor het publiek toegankelijk is.
De dataverzameling vindt plaatst op basis van observatieonderzoek in de winkelgebieden in Amsterdam aangevuld met desk research.",0,,1 januari,Locatus,Amsterdam: stadsdeel/GGW-gebied/wijk/buurt en overige indelingen,,
Amsterdam O&S BBGA,BBGA,Basisbestand Gebieden Amsterdam,BHLOCVKPLEEGSTAND,Economie,verkooppunten leegstaand,"Locatus geeft aan dat een verkooppunt een onderneming of instelling is met een publiek toegankelijke ruimte waar producten of diensten aangeboden en verhandeld worden. Dit kunnen winkels, kapperzaken of restaurants zijn, maar ook sauna's, makelaarskantoren en musea. De winkelvloeroppervlakte is de oppervlakte van een verkooppunt die voor het publiek toegankelijk is.
De dataverzameling vindt plaatst op basis van observatieonderzoek in de winkelgebieden in Amsterdam aangevuld met desk research.",0,,1 januari,Locatus,Amsterdam: stadsdeel/GGW-gebied/wijk/buurt en overige indelingen,,
Amsterdam O&S BBGA,BBGA,Basisbestand Gebieden Amsterdam,BHLOCVKPLEEGSTAND_P,Economie,verkooppunten leegstaand (%),"Locatus geeft aan dat een verkooppunt een onderneming of instelling is met een publiek toegankelijke ruimte waar producten of diensten aangeboden en verhandeld worden. Dit kunnen winkels, kapperzaken of restaurants zijn, maar ook sauna's, makelaarskantoren en musea. De winkelvloeroppervlakte is de oppervlakte van een verkooppunt die voor het publiek toegankelijk is
De dataverzameling vindt plaatst op basis van observatieonderzoek in de winkelgebieden in Amsterdam aangevuld met desk research.",0 %,,,Locatus,Amsterdam: stadsdeel/GGW-gebied/wijk/buurt en overige indelingen,,
Amsterdam O&S BBGA,BBGA,Basisbestand Gebieden Amsterdam,BHLOCVKPMODELUXE,Economie,verkooppunten mode- en luxeartikelen,"Locatus geeft aan dat een verkooppunt een onderneming of instelling is met een publiek toegankelijke ruimte waar producten of diensten aangeboden en verhandeld worden. Dit kunnen winkels, kapperzaken of restaurants zijn, maar ook sauna's, makelaarskantoren en musea. De winkelvloeroppervlakte is de oppervlakte van een verkooppunt die voor het publiek toegankelijk is.
De dataverzameling vindt plaatst op basis van observatieonderzoek in de winkelgebieden in Amsterdam aangevuld met desk research.",0,,1 januari,Locatus,Amsterdam: stadsdeel/GGW-gebied/wijk/buurt en overige indelingen,,
Amsterdam O&S BBGA,BBGA,Basisbestand Gebieden Amsterdam,BHLOCVKPDETOVERIG,Economie,verkooppunten overige artikelen,"Locatus geeft aan dat een verkooppunt een onderneming of instelling is met een publiek toegankelijke ruimte waar producten of diensten aangeboden en verhandeld worden. Dit kunnen winkels, kapperzaken of restaurants zijn, maar ook sauna's, makelaarskantoren en musea. De winkelvloeroppervlakte is de oppervlakte van een verkooppunt die voor het publiek toegankelijk is.
De dataverzameling vindt plaatst op basis van observatieonderzoek in de winkelgebieden in Amsterdam aangevuld met desk research.",0,,1 januari,Locatus,Amsterdam: stadsdeel/GGW-gebied/wijk/buurt en overige indelingen,,
Amsterdam O&S BBGA,BBGA,Basisbestand Gebieden Amsterdam,BHLOCVKPVRIJETIJD,Economie,verkooppunten vrijetijdsartikelen,"Locatus geeft aan dat een verkooppunt een onderneming of instelling is met een publiek toegankelijke ruimte waar producten of diensten aangeboden en verhandeld worden. Dit kunnen winkels, kapperzaken of restaurants zijn, maar ook sauna's, makelaarskantoren en musea. De winkelvloeroppervlakte is de oppervlakte van een verkooppunt die voor het publiek toegankelijk is.
De dataverzameling vindt plaatst op basis van observatieonderzoek in de winkelgebieden in Amsterdam aangevuld met desk research.",0,,1 januari,Locatus,Amsterdam: stadsdeel/GGW-gebied/wijk/buurt en overige indelingen,,
Amsterdam O&S BBGA,BBGA,Basisbestand Gebieden Amsterdam,BHVESTA,Economie,"Vestigingen A: landbouw, bosbouw en visserij","Aantal vestigingen met de sectiecode A: Landbouw, bosbouw en visserij.
Sinds 2022 heeft O&S de methodiek overgenomen van LISA, het landelijke vestigings- en banenregister, om het aantal banen en vestigingen per jaar te bepalen. De peildatum is bovendien 1 april en niet meer 1 januari. De cijfers tot en met 2011 zijn gebaseerd op de oude methode van O&S, toen de cijfers nog werden gebaseerd op het ARRA-bestand. Vanaf 2012 is de nieuwe LISA-methode gehanteerd waardoor een vergelijking tussen de jaren na 2012 jaren wel mogelijk is. Sinds 1 juli 2008 zijn ook vrije beroepen verplicht zich in te schrijven in het Handelregister. In 2008 leidde dit tot een toename van het aantal geregistreerde artsen en advocaten en in 2009 van de creatieve beroepen. Er worden alleen gegevens verstrekt over gebieden met minimaal 5 vestigingen. Percentages hoger dan 90 procent zijn afgerond naar 90 procent.",0,,1 april,LISA,Amsterdam: stadsdeel/GGW-gebied/wijk/buurt en overige indelingen,,
Amsterdam O&S BBGA,BBGA,Basisbestand Gebieden Amsterdam,BHVESTA_P,Economie,"Vestigingen A: landbouw, bosbouw en visserij (%)","Aandeel op het totaal aantal vestigingen van de vestigingen met de sectiecode A: Landbouw, bosbouw en visserij. Een vestiging is een locatie van een door de Kamer van Koophandel geregistreerde onderneming waarin of van waaruit een economische activiteit wordt uitgeoefend voor minimaal 12 uur per week door minimaal 1 werkzaam persoon.
Sinds 2022 heeft O&S de methodiek overgenomen van LISA, het landelijke vestigings- en banenregister, om het aantal banen en vestigingen per jaar te bepalen. De peildatum is bovendien 1 april en niet meer 1 januari. De cijfers tot en met 2011 zijn gebaseerd op de oude methode van O&S, toen de cijfers nog werden gebaseerd op het ARRA-bestand. Vanaf 2012 is de nieuwe LISA-methode gehanteerd waardoor een vergelijking tussen de jaren na 2012 jaren wel mogelijk is. Sinds 1 juli 2008 zijn ook vrije beroepen verplicht zich in te schrijven in het Handelregister. In 2008 leidde dit tot een toename van het aantal geregistreerde artsen en advocaten en in 2009 van de creatieve beroepen. Er worden alleen gegevens verstrekt over gebieden met minimaal 5 vestigingen. Percentages hoger dan 90 procent zijn afgerond naar 90 procent.",0 %,,1 april,LISA,Amsterdam: stadsdeel/GGW-gebied/wijk/buurt en overige indelingen,,
Amsterdam O&S BBGA,BBGA,Basisbestand Gebieden Amsterdam,BHVESTB,Economie,Vestigingen B: winning van delfstoffen,"Aantal vestigingen met de sectiecode B: winning van delfstoffen.
Sinds 2022 heeft O&S de methodiek overgenomen van LISA, het landelijke vestigings- en banenregister, om het aantal banen en vestigingen per jaar te bepalen. De peildatum is bovendien 1 april en niet meer 1 januari. De cijfers tot en met 2011 zijn gebaseerd op de oude methode van O&S, toen de cijfers nog werden gebaseerd op het ARRA-bestand. Vanaf 2012 is de nieuwe LISA-methode gehanteerd waardoor een vergelijking tussen de jaren na 2012 jaren wel mogelijk is. Sinds 1 juli 2008 zijn ook vrije beroepen verplicht zich in te schrijven in het Handelregister. In 2008 leidde dit tot een toename van het aantal geregistreerde artsen en advocaten en in 2009 van de creatieve beroepen. Er worden alleen gegevens verstrekt over gebieden met minimaal 5 vestigingen. Percentages hoger dan 90 procent zijn afgerond naar 90 procent.",0,,1 april,LISA,Amsterdam: stadsdeel/GGW-gebied/wijk/buurt en overige indelingen,,
Amsterdam O&S BBGA,BBGA,Basisbestand Gebieden Amsterdam,BHVESTB_P,Economie,Vestigingen B: winning van delfstoffen (%),"Aandeel op het totaal aantal vestigingen van de vestigingen met de sectiecode B: winning van delfstoffen. Een vestiging is een locatie van een door de Kamer van Koophandel geregistreerde onderneming waarin of van waaruit een economische activiteit wordt uitgeoefend voor minimaal 12 uur per week door minimaal 1 werkzaam persoon.
Sinds 2022 heeft O&S de methodiek overgenomen van LISA, het landelijke vestigings- en banenregister, om het aantal banen en vestigingen per jaar te bepalen. De peildatum is bovendien 1 april en niet meer 1 januari. De cijfers tot en met 2011 zijn gebaseerd op de oude methode van O&S, toen de cijfers nog werden gebaseerd op het ARRA-bestand. Vanaf 2012 is de nieuwe LISA-methode gehanteerd waardoor een vergelijking tussen de jaren na 2012 jaren wel mogelijk is. Sinds 1 juli 2008 zijn ook vrije beroepen verplicht zich in te schrijven in het Handelregister. In 2008 leidde dit tot een toename van het aantal geregistreerde artsen en advocaten en in 2009 van de creatieve beroepen. Er worden alleen gegevens verstrekt over gebieden met minimaal 5 vestigingen. Percentages hoger dan 90 procent zijn afgerond naar 90 procent.",0 %,,1 april,LISA,Amsterdam: stadsdeel/GGW-gebied/wijk/buurt en overige indelingen,,
Amsterdam O&S BBGA,BBGA,Basisbestand Gebieden Amsterdam,BHVESTC,Economie,Vestigingen C: industrie,"Aantal vestigingen met de sectiecode C: Industrie.
Sinds 2022 heeft O&S de methodiek overgenomen van LISA, het landelijke vestigings- en banenregister, om het aantal banen en vestigingen per jaar te bepalen. De peildatum is bovendien 1 april en niet meer 1 januari. De cijfers tot en met 2011 zijn gebaseerd op de oude methode van O&S, toen de cijfers nog werden gebaseerd op het ARRA-bestand. Vanaf 2012 is de nieuwe LISA-methode gehanteerd waardoor een vergelijking tussen de jaren na 2012 jaren wel mogelijk is. Sinds 1 juli 2008 zijn ook vrije beroepen verplicht zich in te schrijven in het Handelregister. In 2008 leidde dit tot een toename van het aantal geregistreerde artsen en advocaten en in 2009 van de creatieve beroepen. Er worden alleen gegevens verstrekt over gebieden met minimaal 5 vestigingen. Percentages hoger dan 90 procent zijn afgerond naar 90 procent.",0,,1 april,LISA,Amsterdam: stadsdeel/GGW-gebied/wijk/buurt en overige indelingen,,
Amsterdam O&S BBGA,BBGA,Basisbestand Gebieden Amsterdam,BHVESTC_P,Economie,Vestigingen C: industrie (%),"Aandeel op het totaal aantal vestigingen van de vestigingen met de sectiecode C: Industrie. Een vestiging is een locatie van een door de Kamer van Koophandel geregistreerde onderneming waarin of van waaruit een economische activiteit wordt uitgeoefend voor minimaal 12 uur per week door minimaal 1 werkzaam persoon.
Sinds 2022 heeft O&S de methodiek overgenomen van LISA, het landelijke vestigings- en banenregister, om het aantal banen en vestigingen per jaar te bepalen. De peildatum is bovendien 1 april en niet meer 1 januari. De cijfers tot en met 2011 zijn gebaseerd op de oude methode van O&S, toen de cijfers nog werden gebaseerd op het ARRA-bestand. Vanaf 2012 is de nieuwe LISA-methode gehanteerd waardoor een vergelijking tussen de jaren na 2012 jaren wel mogelijk is. Sinds 1 juli 2008 zijn ook vrije beroepen verplicht zich in te schrijven in het Handelregister. In 2008 leidde dit tot een toename van het aantal geregistreerde artsen en advocaten en in 2009 van de creatieve beroepen. Er worden alleen gegevens verstrekt over gebieden met minimaal 5 vestigingen. Percentages hoger dan 90 procent zijn afgerond naar 90 procent.",0 %,,1 april,LISA,Amsterdam: stadsdeel/GGW-gebied/wijk/buurt en overige indelingen,,
Amsterdam O&S BBGA,BBGA,Basisbestand Gebieden Amsterdam,BHVEST_CI_ZDVL,Economie,Vestigingen CI: creatieve zakelijke dienstverlening,"Vestingen met de activiteitencodes voor creatieve zakelijke dienstverlening. Inclusief activiteiten van minder dan 12 uur per week.
Sinds 2022 heeft O&S de methodiek overgenomen van LISA, het landelijke vestigings- en banenregister, om het aantal banen en vestigingen per jaar te bepalen. De peildatum is bovendien 1 april en niet meer 1 januari. De cijfers tot en met 2011 zijn gebaseerd op de oude methode van O&S, toen de cijfers nog werden gebaseerd op het ARRA-bestand. Vanaf 2012 is de nieuwe LISA-methode gehanteerd waardoor een vergelijking tussen de jaren na 2012 jaren wel mogelijk is. Er worden alleen gegevens verstrekt over gebieden met minimaal 5 vestigingen.",0,,1 april,LISA,Amsterdam: stadsdeel/GGW-gebied/wijk/buurt en overige indelingen,,
Amsterdam O&S BBGA,BBGA,Basisbestand Gebieden Amsterdam,BHVEST_CI_KUNSTEN,Economie,Vestigingen CI: kunsten,"Vestingen met de activiteitencodes  kunsten. Inclusief activiteiten van minder dan 12 uur per week.
Sinds 2022 heeft O&S de methodiek overgenomen van LISA, het landelijke vestigings- en banenregister, om het aantal banen en vestigingen per jaar te bepalen. De peildatum is bovendien 1 april en niet meer 1 januari. De cijfers tot en met 2011 zijn gebaseerd op de oude methode van O&S, toen de cijfers nog werden gebaseerd op het ARRA-bestand. Vanaf 2012 is de nieuwe LISA-methode gehanteerd waardoor een vergelijking tussen de jaren na 2012 jaren wel mogelijk is. Er worden alleen gegevens verstrekt over gebieden met minimaal 5 vestigingen.",0,,1 april,LISA,Amsterdam: stadsdeel/GGW-gebied/wijk/buurt en overige indelingen,,
Amsterdam O&S BBGA,BBGA,Basisbestand Gebieden Amsterdam,BHVEST_CI_ME,Economie,Vestigingen CI: media en entertainment,"Vestingen met de activiteitencodes voor media en entertainment. Inclusief activiteiten van minder dan 12 uur per week.
Sinds 2022 heeft O&S de methodiek overgenomen van LISA, het landelijke vestigings- en banenregister, om het aantal banen en vestigingen per jaar te bepalen. De peildatum is bovendien 1 april en niet meer 1 januari. De cijfers tot en met 2011 zijn gebaseerd op de oude methode van O&S, toen de cijfers nog werden gebaseerd op het ARRA-bestand. Vanaf 2012 is de nieuwe LISA-methode gehanteerd waardoor een vergelijking tussen de jaren na 2012 jaren wel mogelijk is. Er worden alleen gegevens verstrekt over gebieden met minimaal 5 vestigingen.",0,,1 april,LISA,Amsterdam: stadsdeel/GGW-gebied/wijk/buurt en overige indelingen,,
Amsterdam O&S BBGA,BBGA,Basisbestand Gebieden Amsterdam,BHVEST_CI,Economie,Vestigingen creatieve industrie,"Vestingen met de activiteitencodes: kunsten, media en entertainment en creatieve zakelijke dienstverlening. Inclusief activiteiten van minder dan 12 uur per week.
Sinds 2022 heeft O&S de methodiek overgenomen van LISA, het landelijke vestigings- en banenregister, om het aantal banen en vestigingen per jaar te bepalen. De peildatum is bovendien 1 april en niet meer 1 januari. De cijfers tot en met 2011 zijn gebaseerd op de oude methode van O&S, toen de cijfers nog werden gebaseerd op het ARRA-bestand. Vanaf 2012 is de nieuwe LISA-methode gehanteerd waardoor een vergelijking tussen de jaren na 2012 jaren wel mogelijk is. Er worden alleen gegevens verstrekt over gebieden met minimaal 5 vestigingen.",0,,1 april,LISA,Amsterdam: stadsdeel/GGW-gebied/wijk/buurt en overige indelingen,,
Amsterdam O&S BBGA,BBGA,Basisbestand Gebieden Amsterdam,BHVEST_CI_P,Economie,Vestigingen creatieve industrie (%),"Aandeel vestigingen creatieve industrie (vestingen met de activiteitencodes: kunsten, media en entertainment en creatieve zakelijke dienstverlening) op het totaal aantal vestigingen. Inclusief activiteiten van minder dan 12 uur per week.
Sinds 2022 heeft O&S de methodiek overgenomen van LISA, het landelijke vestigings- en banenregister, om het aantal banen en vestigingen per jaar te bepalen. De peildatum is bovendien 1 april en niet meer 1 januari. De cijfers tot en met 2011 zijn gebaseerd op de oude methode van O&S, toen de cijfers nog werden gebaseerd op het ARRA-bestand. Vanaf 2012 is de nieuwe LISA-methode gehanteerd waardoor een vergelijking tussen de jaren na 2012 jaren wel mogelijk is. Er worden alleen gegevens verstrekt over gebieden met minimaal 5 vestigingen.",0 %,,1 april,LISA,Amsterdam: stadsdeel/GGW-gebied/wijk/buurt en overige indelingen,,
Amsterdam O&S BBGA,BBGA,Basisbestand Gebieden Amsterdam,BHVESTD,Economie,Vestigingen D: energiebedrijven,"Aantal vestigingen met de sectiecode D: Energiebedrijven.
Sinds 2022 heeft O&S de methodiek overgenomen van LISA, het landelijke vestigings- en banenregister, om het aantal banen en vestigingen per jaar te bepalen. De peildatum is bovendien 1 april en niet meer 1 januari. De cijfers tot en met 2011 zijn gebaseerd op de oude methode van O&S, toen de cijfers nog werden gebaseerd op het ARRA-bestand. Vanaf 2012 is de nieuwe LISA-methode gehanteerd waardoor een vergelijking tussen de jaren na 2012 jaren wel mogelijk is. Sinds 1 juli 2008 zijn ook vrije beroepen verplicht zich in te schrijven in het Handelregister. In 2008 leidde dit tot een toename van het aantal geregistreerde artsen en advocaten en in 2009 van de creatieve beroepen. Er worden alleen gegevens verstrekt over gebieden met minimaal 5 vestigingen. Percentages hoger dan 90 procent zijn afgerond naar 90 procent.",0,,1 april,LISA,Amsterdam: stadsdeel/GGW-gebied/wijk/buurt en overige indelingen,,
Amsterdam O&S BBGA,BBGA,Basisbestand Gebieden Amsterdam,BHVESTD_P,Economie,Vestigingen D: energiebedrijven (%),"Aandeel op het totaal aantal vestigingen van de vestigingen met de sectiecode D: Energiebedrijven. Een vestiging is een locatie van een door de Kamer van Koophandel geregistreerde onderneming waarin of van waaruit een economische activiteit wordt uitgeoefend voor minimaal 12 uur per week door minimaal 1 werkzaam persoon.
Sinds 2022 heeft O&S de methodiek overgenomen van LISA, het landelijke vestigings- en banenregister, om het aantal banen en vestigingen per jaar te bepalen. De peildatum is bovendien 1 april en niet meer 1 januari. De cijfers tot en met 2011 zijn gebaseerd op de oude methode van O&S, toen de cijfers nog werden gebaseerd op het ARRA-bestand. Vanaf 2012 is de nieuwe LISA-methode gehanteerd waardoor een vergelijking tussen de jaren na 2012 jaren wel mogelijk is. Sinds 1 juli 2008 zijn ook vrije beroepen verplicht zich in te schrijven in het Handelregister. In 2008 leidde dit tot een toename van het aantal geregistreerde artsen en advocaten en in 2009 van de creatieve beroepen. Er worden alleen gegevens verstrekt over gebieden met minimaal 5 vestigingen. Percentages hoger dan 90 procent zijn afgerond naar 90 procent.",0 %,,1 april,LISA,Amsterdam: stadsdeel/GGW-gebied/wijk/buurt en overige indelingen,,
Amsterdam O&S BBGA,BBGA,Basisbestand Gebieden Amsterdam,BHVESTE,Economie,Vestigingen E: waterwinning en afvalverwerking,"Aantal vestigingen met de sectiecode E: Waterwinning en afvalverwerking.
Sinds 2022 heeft O&S de methodiek overgenomen van LISA, het landelijke vestigings- en banenregister, om het aantal banen en vestigingen per jaar te bepalen. De peildatum is bovendien 1 april en niet meer 1 januari. De cijfers tot en met 2011 zijn gebaseerd op de oude methode van O&S, toen de cijfers nog werden gebaseerd op het ARRA-bestand. Vanaf 2012 is de nieuwe LISA-methode gehanteerd waardoor een vergelijking tussen de jaren na 2012 jaren wel mogelijk is. Sinds 1 juli 2008 zijn ook vrije beroepen verplicht zich in te schrijven in het Handelregister. In 2008 leidde dit tot een toename van het aantal geregistreerde artsen en advocaten en in 2009 van de creatieve beroepen. Er worden alleen gegevens verstrekt over gebieden met minimaal 5 vestigingen. Percentages hoger dan 90 procent zijn afgerond naar 90 procent.",0,,1 april,LISA,Amsterdam: stadsdeel/GGW-gebied/wijk/buurt en overige indelingen,,
Amsterdam O&S BBGA,BBGA,Basisbestand Gebieden Amsterdam,BHVESTE_P,Economie,Vestigingen E: waterwinning en afvalverwerking (%),"Aandeel op het totaal aantal vestigingen van de vestigingen met de sectiecode E: Waterwinning en afvalverwerking. Een vestiging is een locatie van een door de Kamer van Koophandel geregistreerde onderneming waarin of van waaruit een economische activiteit wordt uitgeoefend voor minimaal 12 uur per week door minimaal 1 werkzaam persoon.
Sinds 2022 heeft O&S de methodiek overgenomen van LISA, het landelijke vestigings- en banenregister, om het aantal banen en vestigingen per jaar te bepalen. De peildatum is bovendien 1 april en niet meer 1 januari. De cijfers tot en met 2011 zijn gebaseerd op de oude methode van O&S, toen de cijfers nog werden gebaseerd op het ARRA-bestand. Vanaf 2012 is de nieuwe LISA-methode gehanteerd waardoor een vergelijking tussen de jaren na 2012 jaren wel mogelijk is. Sinds 1 juli 2008 zijn ook vrije beroepen verplicht zich in te schrijven in het Handelregister. In 2008 leidde dit tot een toename van het aantal geregistreerde artsen en advocaten en in 2009 van de creatieve beroepen. Er worden alleen gegevens verstrekt over gebieden met minimaal 5 vestigingen. Percentages hoger dan 90 procent zijn afgerond naar 90 procent.",0 %,,1 april,LISA,Amsterdam: stadsdeel/GGW-gebied/wijk/buurt en overige indelingen,,
Amsterdam O&S BBGA,BBGA,Basisbestand Gebieden Amsterdam,BHVESTF,Economie,Vestigingen F: bouwnijverheid,"Aantal vestigingen met de sectiecode F: Bouwnijverheid.
Sinds 2022 heeft O&S de methodiek overgenomen van LISA, het landelijke vestigings- en banenregister, om het aantal banen en vestigingen per jaar te bepalen. De peildatum is bovendien 1 april en niet meer 1 januari. De cijfers tot en met 2011 zijn gebaseerd op de oude methode van O&S, toen de cijfers nog werden gebaseerd op het ARRA-bestand. Vanaf 2012 is de nieuwe LISA-methode gehanteerd waardoor een vergelijking tussen de jaren na 2012 jaren wel mogelijk is. Sinds 1 juli 2008 zijn ook vrije beroepen verplicht zich in te schrijven in het Handelregister. In 2008 leidde dit tot een toename van het aantal geregistreerde artsen en advocaten en in 2009 van de creatieve beroepen. Er worden alleen gegevens verstrekt over gebieden met minimaal 5 vestigingen. Percentages hoger dan 90 procent zijn afgerond naar 90 procent.",0,,1 april,LISA,Amsterdam: stadsdeel/GGW-gebied/wijk/buurt en overige indelingen,,
Amsterdam O&S BBGA,BBGA,Basisbestand Gebieden Amsterdam,BHVESTF_P,Economie,Vestigingen F: bouwnijverheid (%),"Aandeel op het totaal aantal vestigingen van de vestigingen met de sectiecode F: Bouwnijverheid. Een vestiging is een locatie van een door de Kamer van Koophandel geregistreerde onderneming waarin of van waaruit een economische activiteit wordt uitgeoefend voor minimaal 12 uur per week door minimaal 1 werkzaam persoon.
Sinds 2022 heeft O&S de methodiek overgenomen van LISA, het landelijke vestigings- en banenregister, om het aantal banen en vestigingen per jaar te bepalen. De peildatum is bovendien 1 april en niet meer 1 januari. De cijfers tot en met 2011 zijn gebaseerd op de oude methode van O&S, toen de cijfers nog werden gebaseerd op het ARRA-bestand. Vanaf 2012 is de nieuwe LISA-methode gehanteerd waardoor een vergelijking tussen de jaren na 2012 jaren wel mogelijk is. Sinds 1 juli 2008 zijn ook vrije beroepen verplicht zich in te schrijven in het Handelregister. In 2008 leidde dit tot een toename van het aantal geregistreerde artsen en advocaten en in 2009 van de creatieve beroepen. Er worden alleen gegevens verstrekt over gebieden met minimaal 5 vestigingen. Percentages hoger dan 90 procent zijn afgerond naar 90 procent.",0 %,,1 april,LISA,Amsterdam: stadsdeel/GGW-gebied/wijk/buurt en overige indelingen,,
Amsterdam O&S BBGA,BBGA,Basisbestand Gebieden Amsterdam,BHVESTG1,Economie,Vestigingen G1: groothandel,"Aantal vestigingen met de sectiecode G1: Groothandel.
Sinds 2022 heeft O&S de methodiek overgenomen van LISA, het landelijke vestigings- en banenregister, om het aantal banen en vestigingen per jaar te bepalen. De peildatum is bovendien 1 april en niet meer 1 januari. De cijfers tot en met 2011 zijn gebaseerd op de oude methode van O&S, toen de cijfers nog werden gebaseerd op het ARRA-bestand. Vanaf 2012 is de nieuwe LISA-methode gehanteerd waardoor een vergelijking tussen de jaren na 2012 jaren wel mogelijk is. Sinds 1 juli 2008 zijn ook vrije beroepen verplicht zich in te schrijven in het Handelregister. In 2008 leidde dit tot een toename van het aantal geregistreerde artsen en advocaten en in 2009 van de creatieve beroepen. Er worden alleen gegevens verstrekt over gebieden met minimaal 5 vestigingen. Percentages hoger dan 90 procent zijn afgerond naar 90 procent.",0,,1 april,LISA,Amsterdam: stadsdeel/GGW-gebied/wijk/buurt en overige indelingen,,
Amsterdam O&S BBGA,BBGA,Basisbestand Gebieden Amsterdam,BHVESTG1_P,Economie,Vestigingen G1: groothandel (%),"Aandeel op het totaal aantal vestigingen van de vestigingen met de sectiecode G1: Groothandel. Een vestiging is een locatie van een door de Kamer van Koophandel geregistreerde onderneming waarin of van waaruit een economische activiteit wordt uitgeoefend voor minimaal 12 uur per week door minimaal 1 werkzaam persoon.
Sinds 2022 heeft O&S de methodiek overgenomen van LISA, het landelijke vestigings- en banenregister, om het aantal banen en vestigingen per jaar te bepalen. De peildatum is bovendien 1 april en niet meer 1 januari. De cijfers tot en met 2011 zijn gebaseerd op de oude methode van O&S, toen de cijfers nog werden gebaseerd op het ARRA-bestand. Vanaf 2012 is de nieuwe LISA-methode gehanteerd waardoor een vergelijking tussen de jaren na 2012 jaren wel mogelijk is. Sinds 1 juli 2008 zijn ook vrije beroepen verplicht zich in te schrijven in het Handelregister. In 2008 leidde dit tot een toename van het aantal geregistreerde artsen en advocaten en in 2009 van de creatieve beroepen. Er worden alleen gegevens verstrekt over gebieden met minimaal 5 vestigingen. Percentages hoger dan 90 procent zijn afgerond naar 90 procent.",0 %,,1 april,LISA,Amsterdam: stadsdeel/GGW-gebied/wijk/buurt en overige indelingen,,
Amsterdam O&S BBGA,BBGA,Basisbestand Gebieden Amsterdam,BHVESTG2,Economie,Vestigingen G2: detailhandel,"Aantal vestigingen met de sectiecode G2: Detailhandel.
Sinds 2022 heeft O&S de methodiek overgenomen van LISA, het landelijke vestigings- en banenregister, om het aantal banen en vestigingen per jaar te bepalen. De peildatum is bovendien 1 april en niet meer 1 januari. De cijfers tot en met 2011 zijn gebaseerd op de oude methode van O&S, toen de cijfers nog werden gebaseerd op het ARRA-bestand. Vanaf 2012 is de nieuwe LISA-methode gehanteerd waardoor een vergelijking tussen de jaren na 2012 jaren wel mogelijk is. Sinds 1 juli 2008 zijn ook vrije beroepen verplicht zich in te schrijven in het Handelregister. In 2008 leidde dit tot een toename van het aantal geregistreerde artsen en advocaten en in 2009 van de creatieve beroepen. Er worden alleen gegevens verstrekt over gebieden met minimaal 5 vestigingen. Percentages hoger dan 90 procent zijn afgerond naar 90 procent.",0,,1 april,LISA,Amsterdam: stadsdeel/GGW-gebied/wijk/buurt en overige indelingen,,
Amsterdam O&S BBGA,BBGA,Basisbestand Gebieden Amsterdam,BHVESTG2_P,Economie,Vestigingen G2: detailhandel (%),"Aandeel op het totaal aantal vestigingen van de vestigingen met de sectiecode G2: Detailhandel. Een vestiging is een locatie van een door de Kamer van Koophandel geregistreerde onderneming waarin of van waaruit een economische activiteit wordt uitgeoefend voor minimaal 12 uur per week door minimaal 1 werkzaam persoon.
Sinds 2022 heeft O&S de methodiek overgenomen van LISA, het landelijke vestigings- en banenregister, om het aantal banen en vestigingen per jaar te bepalen. De peildatum is bovendien 1 april en niet meer 1 januari. De cijfers tot en met 2011 zijn gebaseerd op de oude methode van O&S, toen de cijfers nog werden gebaseerd op het ARRA-bestand. Vanaf 2012 is de nieuwe LISA-methode gehanteerd waardoor een vergelijking tussen de jaren na 2012 jaren wel mogelijk is. Sinds 1 juli 2008 zijn ook vrije beroepen verplicht zich in te schrijven in het Handelregister. In 2008 leidde dit tot een toename van het aantal geregistreerde artsen en advocaten en in 2009 van de creatieve beroepen. Er worden alleen gegevens verstrekt over gebieden met minimaal 5 vestigingen. Percentages hoger dan 90 procent zijn afgerond naar 90 procent.",0 %,,1 april,LISA,Amsterdam: stadsdeel/GGW-gebied/wijk/buurt en overige indelingen,,
Amsterdam O&S BBGA,BBGA,Basisbestand Gebieden Amsterdam,WZGEZOND,Economie,Vestigingen gezondheidszorg,"Aantal in het LISA geregistreerde vestighingen voor gezondheidszorg (SBI 86). Waarden van 1, 2, 3 of 4 zijn afgerond naar 5.Sinds 2022 heeft O&S de methodiek overgenomen van LISA, het landelijke vestigings- en banenregister, om het aantal banen en vestigingen per jaar te bepalen. De peildatum is bovendien 1 april en niet meer 1 januari. De cijfers tot en met 2011 zijn gebaseerd op de oude methode van O&S, toen de cijfers nog werden gebaseerd op het ARRA-bestand. Vanaf 2012 is de nieuwe LISA-methode gehanteerd waardoor een vergelijking tussen de jaren na 2012 jaren wel mogelijk is.",0,,1 april,LISA,Amsterdam: stadsdeel/GGW-gebied/wijk/buurt en overige indelingen,,
Amsterdam O&S BBGA,BBGA,Basisbestand Gebieden Amsterdam,WZGEZOND_1000INW,Economie,Vestigingen gezondheidszorg per 1.000 inwoners,Aantal in het LISA geregistreerde voorzieningen gezondheidszorg (SBI-code 86) per 1.000 inwoners.,0 /1.000 inwoners,,1 januari,LISA,Amsterdam: stadsdeel/GGW-gebied/wijk/buurt en overige indelingen,,
Amsterdam O&S BBGA,BBGA,Basisbestand Gebieden Amsterdam,BHVESTH,Economie,Vestigingen H: transport en logistiek,"Aantal vestigingen met de sectiecode H: transport en logistiek.
Sinds 2022 heeft O&S de methodiek overgenomen van LISA, het landelijke vestigings- en banenregister, om het aantal banen en vestigingen per jaar te bepalen. De peildatum is bovendien 1 april en niet meer 1 januari. De cijfers tot en met 2011 zijn gebaseerd op de oude methode van O&S, toen de cijfers nog werden gebaseerd op het ARRA-bestand. Vanaf 2012 is de nieuwe LISA-methode gehanteerd waardoor een vergelijking tussen de jaren na 2012 jaren wel mogelijk is. Sinds 1 juli 2008 zijn ook vrije beroepen verplicht zich in te schrijven in het Handelregister. In 2008 leidde dit tot een toename van het aantal geregistreerde artsen en advocaten en in 2009 van de creatieve beroepen. Er worden alleen gegevens verstrekt over gebieden met minimaal 5 vestigingen. Percentages hoger dan 90 procent zijn afgerond naar 90 procent.",0,,1 april,LISA,Amsterdam: stadsdeel/GGW-gebied/wijk/buurt en overige indelingen,,
Amsterdam O&S BBGA,BBGA,Basisbestand Gebieden Amsterdam,BHVESTH_P,Economie,Vestigingen H: transport en logistiek (%),"Aandeel op het totaal aantal vestigingen van de vestigingen met de sectiecode H: transport en logistiek. Een vestiging is een locatie van een door de Kamer van Koophandel geregistreerde onderneming waarin of van waaruit een economische activiteit wordt uitgeoefend voor minimaal 12 uur per week door minimaal 1 werkzaam persoon.
Sinds 2022 heeft O&S de methodiek overgenomen van LISA, het landelijke vestigings- en banenregister, om het aantal banen en vestigingen per jaar te bepalen. De peildatum is bovendien 1 april en niet meer 1 januari. De cijfers tot en met 2011 zijn gebaseerd op de oude methode van O&S, toen de cijfers nog werden gebaseerd op het ARRA-bestand. Vanaf 2012 is de nieuwe LISA-methode gehanteerd waardoor een vergelijking tussen de jaren na 2012 jaren wel mogelijk is. Sinds 1 juli 2008 zijn ook vrije beroepen verplicht zich in te schrijven in het Handelregister. In 2008 leidde dit tot een toename van het aantal geregistreerde artsen en advocaten en in 2009 van de creatieve beroepen. Er worden alleen gegevens verstrekt over gebieden met minimaal 5 vestigingen. Percentages hoger dan 90 procent zijn afgerond naar 90 procent.",0 %,,1 april,LISA,Amsterdam: stadsdeel/GGW-gebied/wijk/buurt en overige indelingen,,
Amsterdam O&S BBGA,BBGA,Basisbestand Gebieden Amsterdam,BHVESTI,Economie,Vestigingen I: horeca,"Aantal vestigingen met de sectiecode I: Horeca.
Sinds 2022 heeft O&S de methodiek overgenomen van LISA, het landelijke vestigings- en banenregister, om het aantal banen en vestigingen per jaar te bepalen. De peildatum is bovendien 1 april en niet meer 1 januari. De cijfers tot en met 2011 zijn gebaseerd op de oude methode van O&S, toen de cijfers nog werden gebaseerd op het ARRA-bestand. Vanaf 2012 is de nieuwe LISA-methode gehanteerd waardoor een vergelijking tussen de jaren na 2012 jaren wel mogelijk is. Sinds 1 juli 2008 zijn ook vrije beroepen verplicht zich in te schrijven in het Handelregister. In 2008 leidde dit tot een toename van het aantal geregistreerde artsen en advocaten en in 2009 van de creatieve beroepen. Er worden alleen gegevens verstrekt over gebieden met minimaal 5 vestigingen. Percentages hoger dan 90 procent zijn afgerond naar 90 procent.",0,,1 april,LISA,Amsterdam: stadsdeel/GGW-gebied/wijk/buurt en overige indelingen,,
Amsterdam O&S BBGA,BBGA,Basisbestand Gebieden Amsterdam,BHVESTI_P,Economie,Vestigingen I: horeca (%),"Aandeel op het totaal aantal vestigingen van de vestigingen met de sectiecode I: Horeca. Een vestiging is een locatie van een door de Kamer van Koophandel geregistreerde onderneming waarin of van waaruit een economische activiteit wordt uitgeoefend voor minimaal 12 uur per week door minimaal 1 werkzaam persoon.
Sinds 2022 heeft O&S de methodiek overgenomen van LISA, het landelijke vestigings- en banenregister, om het aantal banen en vestigingen per jaar te bepalen. De peildatum is bovendien 1 april en niet meer 1 januari. De cijfers tot en met 2011 zijn gebaseerd op de oude methode van O&S, toen de cijfers nog werden gebaseerd op het ARRA-bestand. Vanaf 2012 is de nieuwe LISA-methode gehanteerd waardoor een vergelijking tussen de jaren na 2012 jaren wel mogelijk is. Sinds 1 juli 2008 zijn ook vrije beroepen verplicht zich in te schrijven in het Handelregister. In 2008 leidde dit tot een toename van het aantal geregistreerde artsen en advocaten en in 2009 van de creatieve beroepen. Er worden alleen gegevens verstrekt over gebieden met minimaal 5 vestigingen. Percentages hoger dan 90 procent zijn afgerond naar 90 procent.",0 %,,1 april,LISA,Amsterdam: stadsdeel/GGW-gebied/wijk/buurt en overige indelingen,,
Amsterdam O&S BBGA,BBGA,Basisbestand Gebieden Amsterdam,BHVEST_ICT,Economie,Vestigingen ICT,"Vestingen met de activiteitencodes: content, diensten en hardware.
Sinds 2022 heeft O&S de methodiek overgenomen van LISA, het landelijke vestigings- en banenregister, om het aantal banen en vestigingen per jaar te bepalen. De peildatum is bovendien 1 april en niet meer 1 januari. De cijfers tot en met 2011 zijn gebaseerd op de oude methode van O&S, toen de cijfers nog werden gebaseerd op het ARRA-bestand. Vanaf 2012 is de nieuwe LISA-methode gehanteerd waardoor een vergelijking tussen de jaren na 2012 jaren wel mogelijk is. Er worden alleen gegevens verstrekt over gebieden met minimaal 5 vestigingen.",0,,1 april,LISA,Amsterdam: stadsdeel/GGW-gebied/wijk/buurt en overige indelingen,,
Amsterdam O&S BBGA,BBGA,Basisbestand Gebieden Amsterdam,BHVEST_ICT_P,Economie,Vestigingen ICT (%),"Aandeel ICT-vestigingen (activiteitencodes: content, diensten, hardware)  op totaal aantal vestingen.
Sinds 2022 heeft O&S de methodiek overgenomen van LISA, het landelijke vestigings- en banenregister, om het aantal banen en vestigingen per jaar te bepalen. De peildatum is bovendien 1 april en niet meer 1 januari. De cijfers tot en met 2011 zijn gebaseerd op de oude methode van O&S, toen de cijfers nog werden gebaseerd op het ARRA-bestand. Vanaf 2012 is de nieuwe LISA-methode gehanteerd waardoor een vergelijking tussen de jaren na 2012 jaren wel mogelijk is. Er worden alleen gegevens verstrekt over gebieden met minimaal 5 vestigingen.",0 %,,1 april,LISA,Amsterdam: stadsdeel/GGW-gebied/wijk/buurt en overige indelingen,,
Amsterdam O&S BBGA,BBGA,Basisbestand Gebieden Amsterdam,BHVESTJ,Economie,Vestigingen J: informatie en communicatie,"Aantal vestigingen met de sectiecode J: Informatie en communicatie.
Sinds 2022 heeft O&S de methodiek overgenomen van LISA, het landelijke vestigings- en banenregister, om het aantal banen en vestigingen per jaar te bepalen. De peildatum is bovendien 1 april en niet meer 1 januari. De cijfers tot en met 2011 zijn gebaseerd op de oude methode van O&S, toen de cijfers nog werden gebaseerd op het ARRA-bestand. Vanaf 2012 is de nieuwe LISA-methode gehanteerd waardoor een vergelijking tussen de jaren na 2012 jaren wel mogelijk is. Sinds 1 juli 2008 zijn ook vrije beroepen verplicht zich in te schrijven in het Handelregister. In 2008 leidde dit tot een toename van het aantal geregistreerde artsen en advocaten en in 2009 van de creatieve beroepen. Er worden alleen gegevens verstrekt over gebieden met minimaal 5 vestigingen. Percentages hoger dan 90 procent zijn afgerond naar 90 procent.",0,,1 april,LISA,Amsterdam: stadsdeel/GGW-gebied/wijk/buurt en overige indelingen,,
Amsterdam O&S BBGA,BBGA,Basisbestand Gebieden Amsterdam,BHVESTJ_P,Economie,Vestigingen J: informatie en communicatie (%),"Aandeel op het totaal aantal vestigingen van de vestigingen met de sectiecode J: Informatie en communicatie. Een vestiging is een locatie van een door de Kamer van Koophandel geregistreerde onderneming waarin of van waaruit een economische activiteit wordt uitgeoefend voor minimaal 12 uur per week door minimaal 1 werkzaam persoon.
Sinds 2022 heeft O&S de methodiek overgenomen van LISA, het landelijke vestigings- en banenregister, om het aantal banen en vestigingen per jaar te bepalen. De peildatum is bovendien 1 april en niet meer 1 januari. De cijfers tot en met 2011 zijn gebaseerd op de oude methode van O&S, toen de cijfers nog werden gebaseerd op het ARRA-bestand. Vanaf 2012 is de nieuwe LISA-methode gehanteerd waardoor een vergelijking tussen de jaren na 2012 jaren wel mogelijk is. Sinds 1 juli 2008 zijn ook vrije beroepen verplicht zich in te schrijven in het Handelregister. In 2008 leidde dit tot een toename van het aantal geregistreerde artsen en advocaten en in 2009 van de creatieve beroepen. Er worden alleen gegevens verstrekt over gebieden met minimaal 5 vestigingen. Percentages hoger dan 90 procent zijn afgerond naar 90 procent.",0 %,,1 april,LISA,Amsterdam: stadsdeel/GGW-gebied/wijk/buurt en overige indelingen,,
Amsterdam O&S BBGA,BBGA,Basisbestand Gebieden Amsterdam,BHVESTK,Economie,Vestigingen K: financiÃ«le instellingen,"Aantal vestigingen met de sectiecode K: Financiële instellingen.
Sinds 2022 heeft O&S de methodiek overgenomen van LISA, het landelijke vestigings- en banenregister, om het aantal banen en vestigingen per jaar te bepalen. De peildatum is bovendien 1 april en niet meer 1 januari. De cijfers tot en met 2011 zijn gebaseerd op de oude methode van O&S, toen de cijfers nog werden gebaseerd op het ARRA-bestand. Vanaf 2012 is de nieuwe LISA-methode gehanteerd waardoor een vergelijking tussen de jaren na 2012 jaren wel mogelijk is. Sinds 1 juli 2008 zijn ook vrije beroepen verplicht zich in te schrijven in het Handelregister. In 2008 leidde dit tot een toename van het aantal geregistreerde artsen en advocaten en in 2009 van de creatieve beroepen. Er worden alleen gegevens verstrekt over gebieden met minimaal 5 vestigingen. Percentages hoger dan 90 procent zijn afgerond naar 90 procent.",0,,1 april,LISA,Amsterdam: stadsdeel/GGW-gebied/wijk/buurt en overige indelingen,,
Amsterdam O&S BBGA,BBGA,Basisbestand Gebieden Amsterdam,BHVESTK_P,Economie,Vestigingen K: financiÃ«le instellingen (%),"Aandeel op het totaal aantal vestigingen van de vestigingen met de sectiecode K: Financiële instellingen. Een vestiging is een locatie van een door de Kamer van Koophandel geregistreerde onderneming waarin of van waaruit een economische activiteit wordt uitgeoefend voor minimaal 12 uur per week door minimaal 1 werkzaam persoon.
Sinds 2022 heeft O&S de methodiek overgenomen van LISA, het landelijke vestigings- en banenregister, om het aantal banen en vestigingen per jaar te bepalen. De peildatum is bovendien 1 april en niet meer 1 januari. De cijfers tot en met 2011 zijn gebaseerd op de oude methode van O&S, toen de cijfers nog werden gebaseerd op het ARRA-bestand. Vanaf 2012 is de nieuwe LISA-methode gehanteerd waardoor een vergelijking tussen de jaren na 2012 jaren wel mogelijk is. Sinds 1 juli 2008 zijn ook vrije beroepen verplicht zich in te schrijven in het Handelregister. In 2008 leidde dit tot een toename van het aantal geregistreerde artsen en advocaten en in 2009 van de creatieve beroepen. Er worden alleen gegevens verstrekt over gebieden met minimaal 5 vestigingen. Percentages hoger dan 90 procent zijn afgerond naar 90 procent.",0 %,,1 april,LISA,Amsterdam: stadsdeel/GGW-gebied/wijk/buurt en overige indelingen,,
Amsterdam O&S BBGA,BBGA,Basisbestand Gebieden Amsterdam,BHVESTL,Economie,"Vestigingen L: handel, verhuur onroerend goed","Aantal vestigingen met de sectiecode L: Handel, verhuur onroerend goed.
Sinds 2022 heeft O&S de methodiek overgenomen van LISA, het landelijke vestigings- en banenregister, om het aantal banen en vestigingen per jaar te bepalen. De peildatum is bovendien 1 april en niet meer 1 januari. De cijfers tot en met 2011 zijn gebaseerd op de oude methode van O&S, toen de cijfers nog werden gebaseerd op het ARRA-bestand. Vanaf 2012 is de nieuwe LISA-methode gehanteerd waardoor een vergelijking tussen de jaren na 2012 jaren wel mogelijk is. Sinds 1 juli 2008 zijn ook vrije beroepen verplicht zich in te schrijven in het Handelregister. In 2008 leidde dit tot een toename van het aantal geregistreerde artsen en advocaten en in 2009 van de creatieve beroepen. Er worden alleen gegevens verstrekt over gebieden met minimaal 5 vestigingen. Percentages hoger dan 90 procent zijn afgerond naar 90 procent.",0,,1 april,LISA,Amsterdam: stadsdeel/GGW-gebied/wijk/buurt en overige indelingen,,
Amsterdam O&S BBGA,BBGA,Basisbestand Gebieden Amsterdam,BHVESTL_P,Economie,"Vestigingen L: handel, verhuur onroerend goed (%)","Aandeel op het totaal aantal vestigingen van de vestigingen met de sectiecode L: Handel, verhuur onroerend goed. Een vestiging is een locatie van een door de Kamer van Koophandel geregistreerde onderneming waarin of van waaruit een economische activiteit wordt uitgeoefend voor minimaal 12 uur per week door minimaal 1 werkzaam persoon.
Sinds 2022 heeft O&S de methodiek overgenomen van LISA, het landelijke vestigings- en banenregister, om het aantal banen en vestigingen per jaar te bepalen. De peildatum is bovendien 1 april en niet meer 1 januari. De cijfers tot en met 2011 zijn gebaseerd op de oude methode van O&S, toen de cijfers nog werden gebaseerd op het ARRA-bestand. Vanaf 2012 is de nieuwe LISA-methode gehanteerd waardoor een vergelijking tussen de jaren na 2012 jaren wel mogelijk is. Sinds 1 juli 2008 zijn ook vrije beroepen verplicht zich in te schrijven in het Handelregister. In 2008 leidde dit tot een toename van het aantal geregistreerde artsen en advocaten en in 2009 van de creatieve beroepen. Er worden alleen gegevens verstrekt over gebieden met minimaal 5 vestigingen. Percentages hoger dan 90 procent zijn afgerond naar 90 procent.",0 %,,1 april,LISA,Amsterdam: stadsdeel/GGW-gebied/wijk/buurt en overige indelingen,,
Amsterdam O&S BBGA,BBGA,Basisbestand Gebieden Amsterdam,BHVESTM,Economie,Vestigingen M: advisering en onderzoek,"Aantal vestingen met de sectiecode M: Advisering en onderzoek.
Sinds 2022 heeft O&S de methodiek overgenomen van LISA, het landelijke vestigings- en banenregister, om het aantal banen en vestigingen per jaar te bepalen. De peildatum is bovendien 1 april en niet meer 1 januari. De cijfers tot en met 2011 zijn gebaseerd op de oude methode van O&S, toen de cijfers nog werden gebaseerd op het ARRA-bestand. Vanaf 2012 is de nieuwe LISA-methode gehanteerd waardoor een vergelijking tussen de jaren na 2012 jaren wel mogelijk is. Sinds 1 juli 2008 zijn ook vrije beroepen verplicht zich in te schrijven in het Handelregister. In 2008 leidde dit tot een toename van het aantal geregistreerde artsen en advocaten en in 2009 van de creatieve beroepen. Er worden alleen gegevens verstrekt over gebieden met minimaal 5 vestigingen. Percentages hoger dan 90 procent zijn afgerond naar 90 procent.",0,,1 april,LISA,Amsterdam: stadsdeel/GGW-gebied/wijk/buurt en overige indelingen,,
Amsterdam O&S BBGA,BBGA,Basisbestand Gebieden Amsterdam,BHVESTM_P,Economie,Vestigingen M: advisering en onderzoek (%),"Aandeel op het totaal aantal vestigingen van de vestigingen met de sectiecode M: Advisering en onderzoek. Een vestiging is een locatie van een door de Kamer van Koophandel geregistreerde onderneming waarin of van waaruit een economische activiteit wordt uitgeoefend voor minimaal 12 uur per week door minimaal 1 werkzaam persoon.
Sinds 2022 heeft O&S de methodiek overgenomen van LISA, het landelijke vestigings- en banenregister, om het aantal banen en vestigingen per jaar te bepalen. De peildatum is bovendien 1 april en niet meer 1 januari. De cijfers tot en met 2011 zijn gebaseerd op de oude methode van O&S, toen de cijfers nog werden gebaseerd op het ARRA-bestand. Vanaf 2012 is de nieuwe LISA-methode gehanteerd waardoor een vergelijking tussen de jaren na 2012 jaren wel mogelijk is. Sinds 1 juli 2008 zijn ook vrije beroepen verplicht zich in te schrijven in het Handelregister. In 2008 leidde dit tot een toename van het aantal geregistreerde artsen en advocaten en in 2009 van de creatieve beroepen. Er worden alleen gegevens verstrekt over gebieden met minimaal 5 vestigingen. Percentages hoger dan 90 procent zijn afgerond naar 90 procent.",0 %,,1 april,LISA,Amsterdam: stadsdeel/GGW-gebied/wijk/buurt en overige indelingen,,
Amsterdam O&S BBGA,BBGA,Basisbestand Gebieden Amsterdam,BHVESTN,Economie,Vestigingen N: overige zakelijke dienstverlening,"Aantal vestigingen met de sectiecode N: Overige zakelijke dienstverlening.
Sinds 2022 heeft O&S de methodiek overgenomen van LISA, het landelijke vestigings- en banenregister, om het aantal banen en vestigingen per jaar te bepalen. De peildatum is bovendien 1 april en niet meer 1 januari. De cijfers tot en met 2011 zijn gebaseerd op de oude methode van O&S, toen de cijfers nog werden gebaseerd op het ARRA-bestand. Vanaf 2012 is de nieuwe LISA-methode gehanteerd waardoor een vergelijking tussen de jaren na 2012 jaren wel mogelijk is. Sinds 1 juli 2008 zijn ook vrije beroepen verplicht zich in te schrijven in het Handelregister. In 2008 leidde dit tot een toename van het aantal geregistreerde artsen en advocaten en in 2009 van de creatieve beroepen. Er worden alleen gegevens verstrekt over gebieden met minimaal 5 vestigingen. Percentages hoger dan 90 procent zijn afgerond naar 90 procent.",0,,1 april,LISA,Amsterdam: stadsdeel/GGW-gebied/wijk/buurt en overige indelingen,,
Amsterdam O&S BBGA,BBGA,Basisbestand Gebieden Amsterdam,BHVESTN_P,Economie,Vestigingen N: overige zakelijke dienstverlening (%),"Aandeel op het totaal aantal vestigingen van de vestigingen met de sectiecode N: Overige zakelijke dienstverlening. Een vestiging is een locatie van een door de Kamer van Koophandel geregistreerde onderneming waarin of van waaruit een economische activiteit wordt uitgeoefend voor minimaal 12 uur per week door minimaal 1 werkzaam persoon.
Sinds 2022 heeft O&S de methodiek overgenomen van LISA, het landelijke vestigings- en banenregister, om het aantal banen en vestigingen per jaar te bepalen. De peildatum is bovendien 1 april en niet meer 1 januari. De cijfers tot en met 2011 zijn gebaseerd op de oude methode van O&S, toen de cijfers nog werden gebaseerd op het ARRA-bestand. Vanaf 2012 is de nieuwe LISA-methode gehanteerd waardoor een vergelijking tussen de jaren na 2012 jaren wel mogelijk is. Sinds 1 juli 2008 zijn ook vrije beroepen verplicht zich in te schrijven in het Handelregister. In 2008 leidde dit tot een toename van het aantal geregistreerde artsen en advocaten en in 2009 van de creatieve beroepen. Er worden alleen gegevens verstrekt over gebieden met minimaal 5 vestigingen. Percentages hoger dan 90 procent zijn afgerond naar 90 procent.",0 %,,1 april,LISA,Amsterdam: stadsdeel/GGW-gebied/wijk/buurt en overige indelingen,,
Amsterdam O&S BBGA,BBGA,Basisbestand Gebieden Amsterdam,BHVESTO,Economie,Vestigingen O: overheid,"Aantal vestigingen met de sectiecode O: Overheid.
Sinds 2022 heeft O&S de methodiek overgenomen van LISA, het landelijke vestigings- en banenregister, om het aantal banen en vestigingen per jaar te bepalen. De peildatum is bovendien 1 april en niet meer 1 januari. De cijfers tot en met 2011 zijn gebaseerd op de oude methode van O&S, toen de cijfers nog werden gebaseerd op het ARRA-bestand. Vanaf 2012 is de nieuwe LISA-methode gehanteerd waardoor een vergelijking tussen de jaren na 2012 jaren wel mogelijk is. Sinds 1 juli 2008 zijn ook vrije beroepen verplicht zich in te schrijven in het Handelregister. In 2008 leidde dit tot een toename van het aantal geregistreerde artsen en advocaten en in 2009 van de creatieve beroepen. Er worden alleen gegevens verstrekt over gebieden met minimaal 5 vestigingen. Percentages hoger dan 90 procent zijn afgerond naar 90 procent.",0,,1 april,LISA,Amsterdam: stadsdeel/GGW-gebied/wijk/buurt en overige indelingen,,
Amsterdam O&S BBGA,BBGA,Basisbestand Gebieden Amsterdam,BHVESTO_P,Economie,Vestigingen O: overheid (%),"Aandeel op het totaal aantal vestigingen van de vestigingen met de sectiecode O: Overheid. Een vestiging is een locatie van een door de Kamer van Koophandel geregistreerde onderneming waarin of van waaruit een economische activiteit wordt uitgeoefend voor minimaal 12 uur per week door minimaal 1 werkzaam persoon.
Sinds 2022 heeft O&S de methodiek overgenomen van LISA, het landelijke vestigings- en banenregister, om het aantal banen en vestigingen per jaar te bepalen. De peildatum is bovendien 1 april en niet meer 1 januari. De cijfers tot en met 2011 zijn gebaseerd op de oude methode van O&S, toen de cijfers nog werden gebaseerd op het ARRA-bestand. Vanaf 2012 is de nieuwe LISA-methode gehanteerd waardoor een vergelijking tussen de jaren na 2012 jaren wel mogelijk is. Sinds 1 juli 2008 zijn ook vrije beroepen verplicht zich in te schrijven in het Handelregister. In 2008 leidde dit tot een toename van het aantal geregistreerde artsen en advocaten en in 2009 van de creatieve beroepen. Er worden alleen gegevens verstrekt over gebieden met minimaal 5 vestigingen. Percentages hoger dan 90 procent zijn afgerond naar 90 procent.",0 %,,1 april,LISA,Amsterdam: stadsdeel/GGW-gebied/wijk/buurt en overige indelingen,,
Amsterdam O&S BBGA,BBGA,Basisbestand Gebieden Amsterdam,BHVESTP,Economie,Vestigingen P: onderwijs,"Aantal vestigingen met de sectiecode P: Onderwijs.
Sinds 2022 heeft O&S de methodiek overgenomen van LISA, het landelijke vestigings- en banenregister, om het aantal banen en vestigingen per jaar te bepalen. De peildatum is bovendien 1 april en niet meer 1 januari. De cijfers tot en met 2011 zijn gebaseerd op de oude methode van O&S, toen de cijfers nog werden gebaseerd op het ARRA-bestand. Vanaf 2012 is de nieuwe LISA-methode gehanteerd waardoor een vergelijking tussen de jaren na 2012 jaren wel mogelijk is. Sinds 1 juli 2008 zijn ook vrije beroepen verplicht zich in te schrijven in het Handelregister. In 2008 leidde dit tot een toename van het aantal geregistreerde artsen en advocaten en in 2009 van de creatieve beroepen. Er worden alleen gegevens verstrekt over gebieden met minimaal 5 vestigingen. Percentages hoger dan 90 procent zijn afgerond naar 90 procent.",0,,1 april,LISA,Amsterdam: stadsdeel/GGW-gebied/wijk/buurt en overige indelingen,,
Amsterdam O&S BBGA,BBGA,Basisbestand Gebieden Amsterdam,BHVESTP_P,Economie,Vestigingen P: onderwijs (%),"Aandeel op het totaal aantal vestigingen van de vestigingen met de sectiecode P: Onderwijs. Een vestiging is een locatie van een door de Kamer van Koophandel geregistreerde onderneming waarin of van waaruit een economische activiteit wordt uitgeoefend voor minimaal 12 uur per week door minimaal 1 werkzaam persoon.
Sinds 2022 heeft O&S de methodiek overgenomen van LISA, het landelijke vestigings- en banenregister, om het aantal banen en vestigingen per jaar te bepalen. De peildatum is bovendien 1 april en niet meer 1 januari. De cijfers tot en met 2011 zijn gebaseerd op de oude methode van O&S, toen de cijfers nog werden gebaseerd op het ARRA-bestand. Vanaf 2012 is de nieuwe LISA-methode gehanteerd waardoor een vergelijking tussen de jaren na 2012 jaren wel mogelijk is. Sinds 1 juli 2008 zijn ook vrije beroepen verplicht zich in te schrijven in het Handelregister. In 2008 leidde dit tot een toename van het aantal geregistreerde artsen en advocaten en in 2009 van de creatieve beroepen. Er worden alleen gegevens verstrekt over gebieden met minimaal 5 vestigingen. Percentages hoger dan 90 procent zijn afgerond naar 90 procent.",0 %,,1 april,LISA,Amsterdam: stadsdeel/GGW-gebied/wijk/buurt en overige indelingen,,
Amsterdam O&S BBGA,BBGA,Basisbestand Gebieden Amsterdam,BHVESTQ,Economie,Vestigingen Q: gezondheids- en welzijnszorg,"Aantal vestigingen met de sectiecode Q: Gezondheids- en welzijnszorg.
Sinds 2022 heeft O&S de methodiek overgenomen van LISA, het landelijke vestigings- en banenregister, om het aantal banen en vestigingen per jaar te bepalen. De peildatum is bovendien 1 april en niet meer 1 januari. De cijfers tot en met 2011 zijn gebaseerd op de oude methode van O&S, toen de cijfers nog werden gebaseerd op het ARRA-bestand. Vanaf 2012 is de nieuwe LISA-methode gehanteerd waardoor een vergelijking tussen de jaren na 2012 jaren wel mogelijk is. Sinds 1 juli 2008 zijn ook vrije beroepen verplicht zich in te schrijven in het Handelregister. In 2008 leidde dit tot een toename van het aantal geregistreerde artsen en advocaten en in 2009 van de creatieve beroepen. Er worden alleen gegevens verstrekt over gebieden met minimaal 5 vestigingen. Percentages hoger dan 90 procent zijn afgerond naar 90 procent.",0,,1 april,LISA,Amsterdam: stadsdeel/GGW-gebied/wijk/buurt en overige indelingen,,
Amsterdam O&S BBGA,BBGA,Basisbestand Gebieden Amsterdam,BHVESTQ_P,Economie,Vestigingen Q: gezondheids- en welzijnszorg (%),"Aandeel op het totaal aantal vestigingen van de vestigingen met de sectiecode Q: Gezondheids- en welzijnszorg. Een vestiging is een locatie van een door de Kamer van Koophandel geregistreerde onderneming waarin of van waaruit een economische activiteit wordt uitgeoefend voor minimaal 12 uur per week door minimaal 1 werkzaam persoon.
Sinds 2022 heeft O&S de methodiek overgenomen van LISA, het landelijke vestigings- en banenregister, om het aantal banen en vestigingen per jaar te bepalen. De peildatum is bovendien 1 april en niet meer 1 januari. De cijfers tot en met 2011 zijn gebaseerd op de oude methode van O&S, toen de cijfers nog werden gebaseerd op het ARRA-bestand. Vanaf 2012 is de nieuwe LISA-methode gehanteerd waardoor een vergelijking tussen de jaren na 2012 jaren wel mogelijk is. Sinds 1 juli 2008 zijn ook vrije beroepen verplicht zich in te schrijven in het Handelregister. In 2008 leidde dit tot een toename van het aantal geregistreerde artsen en advocaten en in 2009 van de creatieve beroepen. Er worden alleen gegevens verstrekt over gebieden met minimaal 5 vestigingen. Percentages hoger dan 90 procent zijn afgerond naar 90 procent.",0 %,,1 april,LISA,Amsterdam: stadsdeel/GGW-gebied/wijk/buurt en overige indelingen,,
Amsterdam O&S BBGA,BBGA,Basisbestand Gebieden Amsterdam,BHVESTR,Economie,Vestigingen R: cultuur sport en recreatie,"Aantal vestigingen met de sectiecode R: Cultuur, sport en recreatie.
Sinds 2022 heeft O&S de methodiek overgenomen van LISA, het landelijke vestigings- en banenregister, om het aantal banen en vestigingen per jaar te bepalen. De peildatum is bovendien 1 april en niet meer 1 januari. De cijfers tot en met 2011 zijn gebaseerd op de oude methode van O&S, toen de cijfers nog werden gebaseerd op het ARRA-bestand. Vanaf 2012 is de nieuwe LISA-methode gehanteerd waardoor een vergelijking tussen de jaren na 2012 jaren wel mogelijk is. Sinds 1 juli 2008 zijn ook vrije beroepen verplicht zich in te schrijven in het Handelregister. In 2008 leidde dit tot een toename van het aantal geregistreerde artsen en advocaten en in 2009 van de creatieve beroepen. Er worden alleen gegevens verstrekt over gebieden met minimaal 5 vestigingen. Percentages hoger dan 90 procent zijn afgerond naar 90 procent.",0,,1 april,LISA,Amsterdam: stadsdeel/GGW-gebied/wijk/buurt en overige indelingen,,
Amsterdam O&S BBGA,BBGA,Basisbestand Gebieden Amsterdam,BHVESTR_P,Economie,Vestigingen R: cultuur sport en recreatie (%),"Aandeel op het totaal aantal vestigingen van de vestigingen met de sectiecode R: Cultuur, sport en recreatie. Een vestiging is een locatie van een door de Kamer van Koophandel geregistreerde onderneming waarin of van waaruit een economische activiteit wordt uitgeoefend voor minimaal 12 uur per week door minimaal 1 werkzaam persoon.
Sinds 2022 heeft O&S de methodiek overgenomen van LISA, het landelijke vestigings- en banenregister, om het aantal banen en vestigingen per jaar te bepalen. De peildatum is bovendien 1 april en niet meer 1 januari. De cijfers tot en met 2011 zijn gebaseerd op de oude methode van O&S, toen de cijfers nog werden gebaseerd op het ARRA-bestand. Vanaf 2012 is de nieuwe LISA-methode gehanteerd waardoor een vergelijking tussen de jaren na 2012 jaren wel mogelijk is. Sinds 1 juli 2008 zijn ook vrije beroepen verplicht zich in te schrijven in het Handelregister. In 2008 leidde dit tot een toename van het aantal geregistreerde artsen en advocaten en in 2009 van de creatieve beroepen. Er worden alleen gegevens verstrekt over gebieden met minimaal 5 vestigingen. Percentages hoger dan 90 procent zijn afgerond naar 90 procent.",0 %,,1 april,LISA,Amsterdam: stadsdeel/GGW-gebied/wijk/buurt en overige indelingen,,
Amsterdam O&S BBGA,BBGA,Basisbestand Gebieden Amsterdam,BHVESTS,Economie,Vestigingen S: overige dienstverlening,"Aantal vestigingen met de sectiecode S: Overige dienstverlening.
Sinds 2022 heeft O&S de methodiek overgenomen van LISA, het landelijke vestigings- en banenregister, om het aantal banen en vestigingen per jaar te bepalen. De peildatum is bovendien 1 april en niet meer 1 januari. De cijfers tot en met 2011 zijn gebaseerd op de oude methode van O&S, toen de cijfers nog werden gebaseerd op het ARRA-bestand. Vanaf 2012 is de nieuwe LISA-methode gehanteerd waardoor een vergelijking tussen de jaren na 2012 jaren wel mogelijk is. Sinds 1 juli 2008 zijn ook vrije beroepen verplicht zich in te schrijven in het Handelregister. In 2008 leidde dit tot een toename van het aantal geregistreerde artsen en advocaten en in 2009 van de creatieve beroepen. Er worden alleen gegevens verstrekt over gebieden met minimaal 5 vestigingen. Percentages hoger dan 90 procent zijn afgerond naar 90 procent.",0,,1 april,LISA,Amsterdam: stadsdeel/GGW-gebied/wijk/buurt en overige indelingen,,
Amsterdam O&S BBGA,BBGA,Basisbestand Gebieden Amsterdam,BHVESTS_P,Economie,Vestigingen S: overige dienstverlening (%),"Aandeel op het totaal aantal vestigingen van de vestigingen met de sectiecode S: Overige dienstverlening. Een vestiging is een locatie van een door de Kamer van Koophandel geregistreerde onderneming waarin of van waaruit een economische activiteit wordt uitgeoefend voor minimaal 12 uur per week door minimaal 1 werkzaam persoon.
Sinds 2022 heeft O&S de methodiek overgenomen van LISA, het landelijke vestigings- en banenregister, om het aantal banen en vestigingen per jaar te bepalen. De peildatum is bovendien 1 april en niet meer 1 januari. De cijfers tot en met 2011 zijn gebaseerd op de oude methode van O&S, toen de cijfers nog werden gebaseerd op het ARRA-bestand. Vanaf 2012 is de nieuwe LISA-methode gehanteerd waardoor een vergelijking tussen de jaren na 2012 jaren wel mogelijk is. Sinds 1 juli 2008 zijn ook vrije beroepen verplicht zich in te schrijven in het Handelregister. In 2008 leidde dit tot een toename van het aantal geregistreerde artsen en advocaten en in 2009 van de creatieve beroepen. Er worden alleen gegevens verstrekt over gebieden met minimaal 5 vestigingen. Percentages hoger dan 90 procent zijn afgerond naar 90 procent.",0 %,,1 april,LISA,Amsterdam: stadsdeel/GGW-gebied/wijk/buurt en overige indelingen,,
Amsterdam O&S BBGA,BBGA,Basisbestand Gebieden Amsterdam,BHVEST_TOER,Economie,Vestigingen toerisme,"Vestingen met de activiteitencodes: logies en overnachtingen, overige horeca, personenvervoer, reisorganisatie- en bemiddeling, cultuur en recreatie, jachthavens, zeilscholen en  recreatieve detailhandel. Inclusief  activiteiten van minder dan 12 uur per week.
Sinds 2022 heeft O&S de methodiek overgenomen van LISA, het landelijke vestigings- en banenregister, om het aantal banen en vestigingen per jaar te bepalen. De peildatum is bovendien 1 april en niet meer 1 januari. De cijfers tot en met 2011 zijn gebaseerd op de oude methode van O&S, toen de cijfers nog werden gebaseerd op het ARRA-bestand. Vanaf 2012 is de nieuwe LISA-methode gehanteerd waardoor een vergelijking tussen de jaren na 2012 jaren wel mogelijk is. Er worden alleen gegevens verstrekt over gebieden met minimaal 5 vestigingen.",0,,1 april,LISA,Amsterdam: stadsdeel/GGW-gebied/wijk/buurt en overige indelingen,,
Amsterdam O&S BBGA,BBGA,Basisbestand Gebieden Amsterdam,BHVEST_TOER_P,Economie,Vestigingen toerisme (%),"Aandeel vestigingen toerisme, oftewel vestingen met de activiteitencodes: logies en overnachtingen, overige horeca, personenvervoer, reisorganisatie- en bemiddeling, cultuur en recreatie, jachthavens, zeilscholen en  recreatieve detailhandel) op het totaal aantal vestigingen. Inclusief  activiteiten van minder dan 12 uur per week.
Sinds 2022 heeft O&S de methodiek overgenomen van LISA, het landelijke vestigings- en banenregister, om het aantal banen en vestigingen per jaar te bepalen. De peildatum is bovendien 1 april en niet meer 1 januari. De cijfers tot en met 2011 zijn gebaseerd op de oude methode van O&S, toen de cijfers nog werden gebaseerd op het ARRA-bestand. Vanaf 2012 is de nieuwe LISA-methode gehanteerd waardoor een vergelijking tussen de jaren na 2012 jaren wel mogelijk is. Er worden alleen gegevens verstrekt over gebieden met minimaal 5 vestigingen.",0 %,,1 april,LISA,Amsterdam: stadsdeel/GGW-gebied/wijk/buurt en overige indelingen,,
Amsterdam O&S BBGA,BBGA,Basisbestand Gebieden Amsterdam,BHVEST,Economie,Vestigingen totaal,"Een locatie van een door de Kamer van Koophandel geregistreerde onderneming, instelling of zelfstandige beroepsbeoefenaar, waarin of van waaruit een economische activiteit, andere (niet-economische) activiteit, of zelfstandig (vrij) beroep wordt uitgeoefend voor minimaal 12 uur per week door minimaal 1 werkzaam persoon. Het aantal vestigingen wordt bepaald op een peildatum.
Sinds 1 juli 2008 zijn ook vrije beroepen verplicht zich in te schrijven in het Handelregister. In 2008 leidde dit tot een toename van het aantal geregistreerde artsen en advocaten en in 2009 van de creatieve beroepen. Waarden van 1, 2, 3 of 4 zijn afgerond naar 5.
Sinds 2022 heeft O&S de methodiek overgenomen van LISA, het landelijke vestigings- en banenregister, om het aantal banen en vestigingen per jaar te bepalen. De peildatum is bovendien 1 april en niet meer 1 januari. De cijfers tot en met 2011 zijn gebaseerd op de oude methode van O&S, toen de cijfers nog werden gebaseerd op het ARRA-bestand. Vanaf 2012 is de nieuwe LISA-methode gehanteerd waardoor een vergelijking tussen de jaren na 2012 jaren wel mogelijk is.
Sinds 2022 heeft O&S de methodiek overgenomen van LISA, het landelijke vestigings- en banenregister, om het aantal banen en vestigingen per jaar te bepalen. De peildatum is bovendien 1 april en niet meer 1 januari. De cijfers tot en met 2011 zijn gebaseerd op de oude methode van O&S, toen de cijfers nog werden gebaseerd op het ARRA-bestand. Vanaf 2012 is de nieuwe LISA-methode gehanteerd waardoor een vergelijking tussen de jaren na 2012 jaren wel mogelijk is. Er worden alleen gegevens verstrekt over gebieden met minimaal 5 vestigingen.",0,,1 april,LISA,Amsterdam: stadsdeel/GGW-gebied/wijk/buurt en overige indelingen,,
Amsterdam O&S BBGA,BBGA,Basisbestand Gebieden Amsterdam,BHVESTU,Economie,Vestigingen U: extraterritoriale organisaties,"Aantal vestigingen met de sectiecode U: Extraterritoriale organisaties en lichamen.
Sinds 2022 heeft O&S de methodiek overgenomen van LISA, het landelijke vestigings- en banenregister, om het aantal banen en vestigingen per jaar te bepalen. De peildatum is bovendien 1 april en niet meer 1 januari. De cijfers tot en met 2011 zijn gebaseerd op de oude methode van O&S, toen de cijfers nog werden gebaseerd op het ARRA-bestand. Vanaf 2012 is de nieuwe LISA-methode gehanteerd waardoor een vergelijking tussen de jaren na 2012 jaren wel mogelijk is. Sinds 1 juli 2008 zijn ook vrije beroepen verplicht zich in te schrijven in het Handelregister. In 2008 leidde dit tot een toename van het aantal geregistreerde artsen en advocaten en in 2009 van de creatieve beroepen. Er worden alleen gegevens verstrekt over gebieden met minimaal 5 vestigingen. Percentages hoger dan 90 procent zijn afgerond naar 90 procent.",0,,1 april,LISA,Amsterdam: stadsdeel/GGW-gebied/wijk/buurt en overige indelingen,,
Amsterdam O&S BBGA,BBGA,Basisbestand Gebieden Amsterdam,BHVESTU_P,Economie,Vestigingen U: extraterritoriale organisaties (%),"Aandeel op het totaal aantal vestigingen van de vestigingen met de sectiecode U: Extraterritoriale organisaties en lichamen. Een vestiging is een locatie van een door de Kamer van Koophandel geregistreerde onderneming waarin of van waaruit een economische activiteit wordt uitgeoefend voor minimaal 12 uur per week door minimaal 1 werkzaam persoon.
Sinds 2022 heeft O&S de methodiek overgenomen van LISA, het landelijke vestigings- en banenregister, om het aantal banen en vestigingen per jaar te bepalen. De peildatum is bovendien 1 april en niet meer 1 januari. De cijfers tot en met 2011 zijn gebaseerd op de oude methode van O&S, toen de cijfers nog werden gebaseerd op het ARRA-bestand. Vanaf 2012 is de nieuwe LISA-methode gehanteerd waardoor een vergelijking tussen de jaren na 2012 jaren wel mogelijk is. Sinds 1 juli 2008 zijn ook vrije beroepen verplicht zich in te schrijven in het Handelregister. In 2008 leidde dit tot een toename van het aantal geregistreerde artsen en advocaten en in 2009 van de creatieve beroepen. Er worden alleen gegevens verstrekt over gebieden met minimaal 5 vestigingen. Percentages hoger dan 90 procent zijn afgerond naar 90 procent.",0 %,,1 april,LISA,Amsterdam: stadsdeel/GGW-gebied/wijk/buurt en overige indelingen,,
Amsterdam O&S BBGA,BBGA,Basisbestand Gebieden Amsterdam,BHVEST_ZDVL,Economie,Vestigingen zakelijke dienstverlening,"Vestigingen met de activiteitencodes: 68, 691, 692, 701, 702, 711, 712, 721, 722, 731, 732, 741, 742, 743, 749, 750, 77, 78, 79, 80, 81, 82.
Sinds 2022 heeft O&S de methodiek overgenomen van LISA, het landelijke vestigings- en banenregister, om het aantal banen en vestigingen per jaar te bepalen. De peildatum is bovendien 1 april en niet meer 1 januari. De cijfers tot en met 2011 zijn gebaseerd op de oude methode van O&S, toen de cijfers nog werden gebaseerd op het ARRA-bestand. Vanaf 2012 is de nieuwe LISA-methode gehanteerd waardoor een vergelijking tussen de jaren na 2012 jaren wel mogelijk is. Er worden alleen gegevens verstrekt over gebieden met minimaal 5 vestigingen.",0,,1 april,LISA,Amsterdam: stadsdeel/GGW-gebied/wijk/buurt en overige indelingen,,
Amsterdam O&S BBGA,BBGA,Basisbestand Gebieden Amsterdam,BHVEST_ZDVL_P,Economie,Vestigingen zakelijke dienstverlening (%),"Aandeel vestigingen zakelijke dienstverlening (vestingen met de activiteitencodes: 68, 691, 692, 701, 702, 711, 712, 721, 722, 731, 732, 741, 742, 743, 749, 750, 77, 78, 79, 80, 81, 82) op het totaal aantal vestigingen.
Sinds 2022 heeft O&S de methodiek overgenomen van LISA, het landelijke vestigings- en banenregister, om het aantal banen en vestigingen per jaar te bepalen. De peildatum is bovendien 1 april en niet meer 1 januari. De cijfers tot en met 2011 zijn gebaseerd op de oude methode van O&S, toen de cijfers nog werden gebaseerd op het ARRA-bestand. Vanaf 2012 is de nieuwe LISA-methode gehanteerd waardoor een vergelijking tussen de jaren na 2012 jaren wel mogelijk is. Er worden alleen gegevens verstrekt over gebieden met minimaal 5 vestigingen.",0 %,,1 april,LISA,Amsterdam: stadsdeel/GGW-gebied/wijk/buurt en overige indelingen,,
Amsterdam O&S BBGA,BBGA,Basisbestand Gebieden Amsterdam,BHVEST_CULT,Economie,Voorzieningen: vestigingen cultuur,"De deelfunctie 'cultuur' wordt aan een vestiging toegekend op basis van de activiteitencode (SBI) waarmee deze vestiging is geregistreerd bij de Kamer van Koophandel. De deelfunctie Cultuur valt onder de hoofdfunctie Voorzieningen.
Sinds 2022 heeft O&S de methodiek overgenomen van LISA, het landelijke vestigings- en banenregister, om het aantal banen en vestigingen per jaar te bepalen. De peildatum is bovendien 1 april en niet meer 1 januari. De cijfers tot en met 2011 zijn gebaseerd op de oude methode van O&S, toen de cijfers nog werden gebaseerd op het ARRA-bestand. Vanaf 2012 is de nieuwe LISA-methode gehanteerd waardoor een vergelijking tussen de jaren na 2012 jaren wel mogelijk is. Sinds 1 juli 2008 zijn ook vrije beroepen verplicht zich in te schrijven in het Handelregister. In 2008 leidde dit tot een toename van het aantal geregistreerde artsen en advocaten en in 2009 van de creatieve beroepen. Er worden alleen gegevens verstrekt over gebieden met minimaal 5 vestigingen. Percentages hoger dan 90 procent zijn afgerond naar 90 procent. Waarden van 1, 2, 3 of 4 zijn afgerond naar 5.",0,,1 april,LISA,Amsterdam: stadsdeel/GGW-gebied/wijk/buurt en overige indelingen,,
Amsterdam O&S BBGA,BBGA,Basisbestand Gebieden Amsterdam,BHVEST_GEZZORG,Economie,Voorzieningen: vestigingen gezondheidszorg,"De deelfunctie 'gezondheidszorg' wordt aan een vestiging toegekend op basis van de activiteitencode (SBI) waarmee deze vestiging is geregistreerd bij de Kamer van Koophandel. De deelfunctie Gezondheidszorg valt onder de hoofdfunctie Voorzieningen.
Sinds 2022 heeft O&S de methodiek overgenomen van LISA, het landelijke vestigings- en banenregister, om het aantal banen en vestigingen per jaar te bepalen. De peildatum is bovendien 1 april en niet meer 1 januari. De cijfers tot en met 2011 zijn gebaseerd op de oude methode van O&S, toen de cijfers nog werden gebaseerd op het ARRA-bestand. Vanaf 2012 is de nieuwe LISA-methode gehanteerd waardoor een vergelijking tussen de jaren na 2012 jaren wel mogelijk is. Sinds 1 juli 2008 zijn ook vrije beroepen verplicht zich in te schrijven in het Handelregister. In 2008 leidde dit tot een toename van het aantal geregistreerde artsen en advocaten en in 2009 van de creatieve beroepen. Er worden alleen gegevens verstrekt over gebieden met minimaal 5 vestigingen. Percentages hoger dan 90 procent zijn afgerond naar 90 procent. Waarden van 1, 2, 3 of 4 zijn afgerond naar 5.",0,,1 april,LISA,Amsterdam: stadsdeel/GGW-gebied/wijk/buurt en overige indelingen,,
Amsterdam O&S BBGA,BBGA,Basisbestand Gebieden Amsterdam,BHVEST_OND,Economie,Voorzieningen: vestigingen onderwijs,"De deelfunctie 'onderwijs' wordt aan een vestiging toegekend op basis van de activiteitencode (SBI) waarmee deze vestiging is geregistreerd bij de Kamer van Koophandel. Een vestiging is een locatie van een door de Kamer van Koophandel geregistreerde onderneming waarin of van waaruit een economische activiteit wordt uitgeoefend voor minimaal 12 uur per week door minimaal 1 werkzaam persoon. De deelfunctie politie / brandweer valt onder de hoofdfunctie Voorzieningen.
Sinds 2022 heeft O&S de methodiek overgenomen van LISA, het landelijke vestigings- en banenregister, om het aantal banen en vestigingen per jaar te bepalen. De peildatum is bovendien 1 april en niet meer 1 januari. De cijfers tot en met 2011 zijn gebaseerd op de oude methode van O&S, toen de cijfers nog werden gebaseerd op het ARRA-bestand. Vanaf 2012 is de nieuwe LISA-methode gehanteerd waardoor een vergelijking tussen de jaren na 2012 jaren wel mogelijk is. Sinds 1 juli 2008 zijn ook vrije beroepen verplicht zich in te schrijven in het Handelregister. In 2008 leidde dit tot een toename van het aantal geregistreerde artsen en advocaten en in 2009 van de creatieve beroepen. Er worden alleen gegevens verstrekt over gebieden met minimaal 5 vestigingen. Percentages hoger dan 90 procent zijn afgerond naar 90 procent. Waarden van 1, 2, 3 of 4 zijn afgerond naar 5.",0,,1 april,LISA,Amsterdam: stadsdeel/GGW-gebied/wijk/buurt en overige indelingen,,
Amsterdam O&S BBGA,BBGA,Basisbestand Gebieden Amsterdam,BHVEST_POLBRAND,Economie,Voorzieningen: vestigingen politie/brandweer,"De deelfunctie 'politie en brandweer' wordt aan een vestiging toegekend op basis van de activiteitencode (SBI) waarmee deze vestiging is geregistreerd bij de Kamer van Koophandel. Een vestiging is een locatie van een door de Kamer van Koophandel geregistreerde onderneming waarin of van waaruit een economische activiteit wordt uitgeoefend voor minimaal 12 uur per week door minimaal 1 werkzaam persoon. De deelfunctie politie / brandweer valt onder de hoofdfunctie Voorzieningen.
Sinds 2022 heeft O&S de methodiek overgenomen van LISA, het landelijke vestigings- en banenregister, om het aantal banen en vestigingen per jaar te bepalen. De peildatum is bovendien 1 april en niet meer 1 januari. De cijfers tot en met 2011 zijn gebaseerd op de oude methode van O&S, toen de cijfers nog werden gebaseerd op het ARRA-bestand. Vanaf 2012 is de nieuwe LISA-methode gehanteerd waardoor een vergelijking tussen de jaren na 2012 jaren wel mogelijk is. Sinds 1 juli 2008 zijn ook vrije beroepen verplicht zich in te schrijven in het Handelregister. In 2008 leidde dit tot een toename van het aantal geregistreerde artsen en advocaten en in 2009 van de creatieve beroepen. Er worden alleen gegevens verstrekt over gebieden met minimaal 5 vestigingen. Percentages hoger dan 90 procent zijn afgerond naar 90 procent. Waarden van 1, 2, 3 of 4 zijn afgerond naar 5.",0,,1 april,LISA,Amsterdam: stadsdeel/GGW-gebied/wijk/buurt en overige indelingen,,
Amsterdam O&S BBGA,BBGA,Basisbestand Gebieden Amsterdam,BHVEST_SR,Economie,Voorzieningen: vestigingen sport en recreatie,"De deelfunctie 'sport en recreatie' wordt aan een vestiging toegekend op basis van de activiteitencode (SBI) waarmee deze vestiging is geregistreerd bij de Kamer van Koophandel. De deelfunctie Sport en recreatie bank valt onder de hoofdfunctie Voorzieningen.
Sinds 2022 heeft O&S de methodiek overgenomen van LISA, het landelijke vestigings- en banenregister, om het aantal banen en vestigingen per jaar te bepalen. De peildatum is bovendien 1 april en niet meer 1 januari. De cijfers tot en met 2011 zijn gebaseerd op de oude methode van O&S, toen de cijfers nog werden gebaseerd op het ARRA-bestand. Vanaf 2012 is de nieuwe LISA-methode gehanteerd waardoor een vergelijking tussen de jaren na 2012 jaren wel mogelijk is. Sinds 1 juli 2008 zijn ook vrije beroepen verplicht zich in te schrijven in het Handelregister. In 2008 leidde dit tot een toename van het aantal geregistreerde artsen en advocaten en in 2009 van de creatieve beroepen. Er worden alleen gegevens verstrekt over gebieden met minimaal 5 vestigingen. Percentages hoger dan 90 procent zijn afgerond naar 90 procent. Waarden van 1, 2, 3 of 4 zijn afgerond naar 5.",0,,1 april,LISA,Amsterdam: stadsdeel/GGW-gebied/wijk/buurt en overige indelingen,,
Amsterdam O&S BBGA,BBGA,Basisbestand Gebieden Amsterdam,BHVEST_VOORZ,Economie,Voorzieningen: vestigingen totaal,"De hoofdfunctie 'voorzieningen' wordt aan een vestiging toegekend op basis van de activiteitencode (SBI) waarmee deze vestiging is geregistreerd bij de Kamer van Koophandel. Dit zijn vestigingen met de SBI-codes van politie, brandweer, onderwijs, gezondheidszorg, welzijnszorg, cultuur, sport en recreatie. Een vestiging is een locatie van een door de Kamer van Koophandel geregistreerde onderneming waarin of van waaruit een economische activiteit wordt uitgeoefend voor minimaal 12 uur per week door minimaal 1 werkzaam persoon.
Sinds 2022 heeft O&S de methodiek overgenomen van LISA, het landelijke vestigings- en banenregister, om het aantal banen en vestigingen per jaar te bepalen. De peildatum is bovendien 1 april en niet meer 1 januari. De cijfers tot en met 2011 zijn gebaseerd op de oude methode van O&S, toen de cijfers nog werden gebaseerd op het ARRA-bestand. Vanaf 2012 is de nieuwe LISA-methode gehanteerd waardoor een vergelijking tussen de jaren na 2012 jaren wel mogelijk is. Sinds 1 juli 2008 zijn ook vrije beroepen verplicht zich in te schrijven in het Handelregister. In 2008 leidde dit tot een toename van het aantal geregistreerde artsen en advocaten en in 2009 van de creatieve beroepen. Er worden alleen gegevens verstrekt over gebieden met minimaal 5 vestigingen. Percentages hoger dan 90 procent zijn afgerond naar 90 procent. Waarden van 1, 2, 3 of 4 zijn afgerond naar 5.",0,,1 april,LISA,Amsterdam: stadsdeel/GGW-gebied/wijk/buurt en overige indelingen,,
Amsterdam O&S BBGA,BBGA,Basisbestand Gebieden Amsterdam,BHVEST_VOORZ_P,Economie,Voorzieningen: vestigingen totaal (%),"Aandeel van de vestigingen met de hoofdfunctie Voorzieningen. De hoofdfunctie 'voorzieningen' wordt aan een vestiging toegekend op basis van de activiteitencode (SBI) waarmee deze vestiging is geregistreerd bij de Kamer van Koophandel. Dit zijn vestigingen met de SBI-codes van politie, brandweer, onderwijs, gezondheidszorg, welzijnszorg, cultuur, sport en recreatie. Een vestiging is een locatie van een door de Kamer van Koophandel geregistreerde onderneming waarin of van waaruit een economische activiteit wordt uitgeoefend voor minimaal 12 uur per week door minimaal 1 werkzaam persoon.
Sinds 2022 heeft O&S de methodiek overgenomen van LISA, het landelijke vestigings- en banenregister, om het aantal banen en vestigingen per jaar te bepalen. De peildatum is bovendien 1 april en niet meer 1 januari. De cijfers tot en met 2011 zijn gebaseerd op de oude methode van O&S, toen de cijfers nog werden gebaseerd op het ARRA-bestand. Vanaf 2012 is de nieuwe LISA-methode gehanteerd waardoor een vergelijking tussen de jaren na 2012 jaren wel mogelijk is. Sinds 1 juli 2008 zijn ook vrije beroepen verplicht zich in te schrijven in het Handelregister. In 2008 leidde dit tot een toename van het aantal geregistreerde artsen en advocaten en in 2009 van de creatieve beroepen. Er worden alleen gegevens verstrekt over gebieden met minimaal 5 vestigingen. Percentages hoger dan 90 procent zijn afgerond naar 90 procent. Waarden van 1, 2, 3 of 4 zijn afgerond naar 5.",0 %,,1 april,LISA,Amsterdam: stadsdeel/GGW-gebied/wijk/buurt en overige indelingen,,
Amsterdam O&S BBGA,BBGA,Basisbestand Gebieden Amsterdam,BHVEST_WELZ,Economie,Voorzieningen: vestigingen welzijnszorg,"De deelfunctie 'welzijnszorg' wordt aan een vestiging toegekend op basis van de activiteitencode (SBI) waarmee deze vestiging is geregistreerd bij de Kamer van Koophandel. De deelfunctie Welzijnszorg valt onder de hoofdfunctie Voorzieningen.
Sinds 2022 heeft O&S de methodiek overgenomen van LISA, het landelijke vestigings- en banenregister, om het aantal banen en vestigingen per jaar te bepalen. De peildatum is bovendien 1 april en niet meer 1 januari. De cijfers tot en met 2011 zijn gebaseerd op de oude methode van O&S, toen de cijfers nog werden gebaseerd op het ARRA-bestand. Vanaf 2012 is de nieuwe LISA-methode gehanteerd waardoor een vergelijking tussen de jaren na 2012 jaren wel mogelijk is. Sinds 1 juli 2008 zijn ook vrije beroepen verplicht zich in te schrijven in het Handelregister. In 2008 leidde dit tot een toename van het aantal geregistreerde artsen en advocaten en in 2009 van de creatieve beroepen. Er worden alleen gegevens verstrekt over gebieden met minimaal 5 vestigingen. Percentages hoger dan 90 procent zijn afgerond naar 90 procent. Waarden van 1, 2, 3 of 4 zijn afgerond naar 5.",0,,1 april,LISA,Amsterdam: stadsdeel/GGW-gebied/wijk/buurt en overige indelingen,,
Amsterdam O&S BBGA,BBGA,Basisbestand Gebieden Amsterdam,BHWP_CULT,Economie,Voorzieningen: werkzame personen cultuur,"Personen die voor 12 uur of meer per week werkzaam zijn bij vestigingen met de deelfunctie 'cultuur'.
Sinds 2022 heeft O&S de methodiek overgenomen van LISA, het landelijke vestigings- en banenregister, om het aantal banen en vestigingen per jaar te bepalen. De peildatum is bovendien 1 april en niet meer 1 januari. De cijfers tot en met 2011 zijn gebaseerd op de oude methode van O&S, toen de cijfers nog werden gebaseerd op het ARRA-bestand. Vanaf 2012 is de nieuwe LISA-methode gehanteerd waardoor een vergelijking tussen de jaren na 2012 jaren wel mogelijk is. Sinds 1 juli 2008 zijn ook vrije beroepen verplicht zich in te schrijven in het Handelregister. In 2008 leidde dit tot een toename van het aantal geregistreerde artsen en advocaten en in 2009 van de creatieve beroepen. Er worden alleen gegevens verstrekt over gebieden met minimaal 5 vestigingen. Percentages hoger dan 90 procent zijn afgerond naar 90 procent. Waarden van 1, 2, 3 of 4 zijn afgerond naar 5.",0,,1 april,LISA,Amsterdam: stadsdeel/GGW-gebied/wijk/buurt en overige indelingen,,
Amsterdam O&S BBGA,BBGA,Basisbestand Gebieden Amsterdam,BHWP_GEZZORG,Economie,Voorzieningen: werkzame personen gezondheidszorg,"Personen die voor 12 uur of meer per week werkzaam zijn bij vestigingen met de deelfunctie 'gezondheidszorg'.
Sinds 2022 heeft O&S de methodiek overgenomen van LISA, het landelijke vestigings- en banenregister, om het aantal banen en vestigingen per jaar te bepalen. De peildatum is bovendien 1 april en niet meer 1 januari. De cijfers tot en met 2011 zijn gebaseerd op de oude methode van O&S, toen de cijfers nog werden gebaseerd op het ARRA-bestand. Vanaf 2012 is de nieuwe LISA-methode gehanteerd waardoor een vergelijking tussen de jaren na 2012 jaren wel mogelijk is. Sinds 1 juli 2008 zijn ook vrije beroepen verplicht zich in te schrijven in het Handelregister. In 2008 leidde dit tot een toename van het aantal geregistreerde artsen en advocaten en in 2009 van de creatieve beroepen. Er worden alleen gegevens verstrekt over gebieden met minimaal 5 vestigingen. Percentages hoger dan 90 procent zijn afgerond naar 90 procent. Waarden van 1, 2, 3 of 4 zijn afgerond naar 5.",0,,1 april,LISA,Amsterdam: stadsdeel/GGW-gebied/wijk/buurt en overige indelingen,,
Amsterdam O&S BBGA,BBGA,Basisbestand Gebieden Amsterdam,BHWP_OND,Economie,Voorzieningen: werkzame personen onderwijs,"Personen die voor 12 uur of meer per week werkzaam zijn bij vestigingen met de deelfunctie 'onderwijs'.
Sinds 2022 heeft O&S de methodiek overgenomen van LISA, het landelijke vestigings- en banenregister, om het aantal banen en vestigingen per jaar te bepalen. De peildatum is bovendien 1 april en niet meer 1 januari. De cijfers tot en met 2011 zijn gebaseerd op de oude methode van O&S, toen de cijfers nog werden gebaseerd op het ARRA-bestand. Vanaf 2012 is de nieuwe LISA-methode gehanteerd waardoor een vergelijking tussen de jaren na 2012 jaren wel mogelijk is. Sinds 1 juli 2008 zijn ook vrije beroepen verplicht zich in te schrijven in het Handelregister. In 2008 leidde dit tot een toename van het aantal geregistreerde artsen en advocaten en in 2009 van de creatieve beroepen. Er worden alleen gegevens verstrekt over gebieden met minimaal 5 vestigingen. Percentages hoger dan 90 procent zijn afgerond naar 90 procent. Waarden van 1, 2, 3 of 4 zijn afgerond naar 5.",0,,1 april,LISA,Amsterdam: stadsdeel/GGW-gebied/wijk/buurt en overige indelingen,,
Amsterdam O&S BBGA,BBGA,Basisbestand Gebieden Amsterdam,BHWP_POLBRAND,Economie,Voorzieningen: werkzame personen politie/brandweer,"Personen die voor 12 uur of meer per week werkzaam zijn bij vestigingen met de deelfunctie 'brandweer'.
Sinds 2022 heeft O&S de methodiek overgenomen van LISA, het landelijke vestigings- en banenregister, om het aantal banen en vestigingen per jaar te bepalen. De peildatum is bovendien 1 april en niet meer 1 januari. De cijfers tot en met 2011 zijn gebaseerd op de oude methode van O&S, toen de cijfers nog werden gebaseerd op het ARRA-bestand. Vanaf 2012 is de nieuwe LISA-methode gehanteerd waardoor een vergelijking tussen de jaren na 2012 jaren wel mogelijk is. Sinds 1 juli 2008 zijn ook vrije beroepen verplicht zich in te schrijven in het Handelregister. In 2008 leidde dit tot een toename van het aantal geregistreerde artsen en advocaten en in 2009 van de creatieve beroepen. Er worden alleen gegevens verstrekt over gebieden met minimaal 5 vestigingen. Percentages hoger dan 90 procent zijn afgerond naar 90 procent. Waarden van 1, 2, 3 of 4 zijn afgerond naar 5.",0,,1 april,LISA,Amsterdam: stadsdeel/GGW-gebied/wijk/buurt en overige indelingen,,
Amsterdam O&S BBGA,BBGA,Basisbestand Gebieden Amsterdam,BHWP_SR,Economie,Voorzieningen: werkzame personen sport en recreatie,"Personen die voor 12 uur of meer per week werkzaam zijn bij vestigingen met de deelfunctie 'sport en recreatie'.
Sinds 2022 heeft O&S de methodiek overgenomen van LISA, het landelijke vestigings- en banenregister, om het aantal banen en vestigingen per jaar te bepalen. De peildatum is bovendien 1 april en niet meer 1 januari. De cijfers tot en met 2011 zijn gebaseerd op de oude methode van O&S, toen de cijfers nog werden gebaseerd op het ARRA-bestand. Vanaf 2012 is de nieuwe LISA-methode gehanteerd waardoor een vergelijking tussen de jaren na 2012 jaren wel mogelijk is. Sinds 1 juli 2008 zijn ook vrije beroepen verplicht zich in te schrijven in het Handelregister. In 2008 leidde dit tot een toename van het aantal geregistreerde artsen en advocaten en in 2009 van de creatieve beroepen. Er worden alleen gegevens verstrekt over gebieden met minimaal 5 vestigingen. Percentages hoger dan 90 procent zijn afgerond naar 90 procent. Waarden van 1, 2, 3 of 4 zijn afgerond naar 5.",0,,1 april,LISA,Amsterdam: stadsdeel/GGW-gebied/wijk/buurt en overige indelingen,,
Amsterdam O&S BBGA,BBGA,Basisbestand Gebieden Amsterdam,BHWP_VOORZ,Economie,Voorzieningen: werkzame personen totaal,"Personen die voor 12 uur of meer per week werkzaam zijn bij ondernemingsvestigingen met de hoofdfunctie 'voorzieningen'. Dit zijn vestigingen met de SBI-codes van politie, brandweer, onderwijs, gezondheidszorg, welzijnszorg, cultuur, sport en recreatie. Het aantal werkzame personen wordt bepaald op een peildatum.
Sinds 2022 heeft O&S de methodiek overgenomen van LISA, het landelijke vestigings- en banenregister, om het aantal banen en vestigingen per jaar te bepalen. De peildatum is bovendien 1 april en niet meer 1 januari. De cijfers tot en met 2011 zijn gebaseerd op de oude methode van O&S, toen de cijfers nog werden gebaseerd op het ARRA-bestand. Vanaf 2012 is de nieuwe LISA-methode gehanteerd waardoor een vergelijking tussen de jaren na 2012 jaren wel mogelijk is. Sinds 1 juli 2008 zijn ook vrije beroepen verplicht zich in te schrijven in het Handelregister. In 2008 leidde dit tot een toename van het aantal geregistreerde artsen en advocaten en in 2009 van de creatieve beroepen. Er worden alleen gegevens verstrekt over gebieden met minimaal 5 vestigingen. Percentages hoger dan 90 procent zijn afgerond naar 90 procent. Waarden van 1, 2, 3 of 4 zijn afgerond naar 5.",0,,1 april,LISA,Amsterdam: stadsdeel/GGW-gebied/wijk/buurt en overige indelingen,,
Amsterdam O&S BBGA,BBGA,Basisbestand Gebieden Amsterdam,BHWP_VOORZ_P,Economie,Voorzieningen: werkzame personen totaal (%),"Aandeel van de werkzame personen die voor 12 uur of meer per week werkzaam zijn bij ondernemingsvestigingen met de hoofdfunctie 'voorzieningen'. Dit zijn vestigingen met de SBI-codes van politie, brandweer, onderwijs, gezondheidszorg, welzijnszorg, cultuur, sport en recreatie.
Sinds 2022 heeft O&S de methodiek overgenomen van LISA, het landelijke vestigings- en banenregister, om het aantal banen en vestigingen per jaar te bepalen. De peildatum is bovendien 1 april en niet meer 1 januari. De cijfers tot en met 2011 zijn gebaseerd op de oude methode van O&S, toen de cijfers nog werden gebaseerd op het ARRA-bestand. Vanaf 2012 is de nieuwe LISA-methode gehanteerd waardoor een vergelijking tussen de jaren na 2012 jaren wel mogelijk is. Sinds 1 juli 2008 zijn ook vrije beroepen verplicht zich in te schrijven in het Handelregister. In 2008 leidde dit tot een toename van het aantal geregistreerde artsen en advocaten en in 2009 van de creatieve beroepen. Er worden alleen gegevens verstrekt over gebieden met minimaal 5 vestigingen. Percentages hoger dan 90 procent zijn afgerond naar 90 procent. Waarden van 1, 2, 3 of 4 zijn afgerond naar 5.",0 %,,1 april,LISA,Amsterdam: stadsdeel/GGW-gebied/wijk/buurt en overige indelingen,,
Amsterdam O&S BBGA,BBGA,Basisbestand Gebieden Amsterdam,BHWP_WELZ,Economie,Voorzieningen: werkzame personen welzijnszorg,"Personen die voor 12 uur of meer per week werkzaam zijn bij vestigingen met de deelfunctie 'welzijnszorg'.
Sinds 2022 heeft O&S de methodiek overgenomen van LISA, het landelijke vestigings- en banenregister, om het aantal banen en vestigingen per jaar te bepalen. De peildatum is bovendien 1 april en niet meer 1 januari. De cijfers tot en met 2011 zijn gebaseerd op de oude methode van O&S, toen de cijfers nog werden gebaseerd op het ARRA-bestand. Vanaf 2012 is de nieuwe LISA-methode gehanteerd waardoor een vergelijking tussen de jaren na 2012 jaren wel mogelijk is. Sinds 1 juli 2008 zijn ook vrije beroepen verplicht zich in te schrijven in het Handelregister. In 2008 leidde dit tot een toename van het aantal geregistreerde artsen en advocaten en in 2009 van de creatieve beroepen. Er worden alleen gegevens verstrekt over gebieden met minimaal 5 vestigingen. Percentages hoger dan 90 procent zijn afgerond naar 90 procent. Waarden van 1, 2, 3 of 4 zijn afgerond naar 5.",0,,1 april,LISA,Amsterdam: stadsdeel/GGW-gebied/wijk/buurt en overige indelingen,,
Amsterdam O&S BBGA,BBGA,Basisbestand Gebieden Amsterdam,WZWELZIJN,Economie,Welzijnsvoorzieningen,"Aantal in het LISA geregistreerde welzijnsvoorzieningen met de SBI-codes 87 en 88, oftewel Verpleging, verzorging en begeleiding met overnachting en Maatschappelijke dienstverlening zonder overnachting. Waarden van 1, 2, 3 of 4 zijn afgerond naar 5.Sinds 2022 heeft O&S de methodiek overgenomen van LISA, het landelijke vestigings- en banenregister, om het aantal banen en vestigingen per jaar te bepalen. De peildatum is bovendien 1 april en niet meer 1 januari. De cijfers tot en met 2011 zijn gebaseerd op de oude methode van O&S, toen de cijfers nog werden gebaseerd op het ARRA-bestand. Vanaf 2012 is de nieuwe LISA-methode gehanteerd waardoor een vergelijking tussen de jaren na 2012 jaren wel mogelijk is.",0,,1 april,LISA,Amsterdam: stadsdeel/GGW-gebied/wijk/buurt en overige indelingen,,
Amsterdam O&S BBGA,BBGA,Basisbestand Gebieden Amsterdam,WZWELZIJN_1000INW,Economie,Welzijnsvoorzieningen per 1.000 inwoners,"Aantal in het LISA geregistreerde welzijnsvoorzieningen per 1.000 inwoners. Het gaat om vestigingen  met de SBI-codes 87 en 88, oftewel Verpleging, verzorging en begeleiding met overnachting en Maatschappelijke dienstverlening zonder overnachting.",0 /1.000 inwoners,,1 januari,LISA,Amsterdam: stadsdeel/GGW-gebied/wijk/buurt en overige indelingen,,
Amsterdam O&S BBGA,BBGA,Basisbestand Gebieden Amsterdam,BHWP_WELZIJN,Economie,werkzame personen  welzijnsvoorzieningen,"Aantal werkzame personen  (minstens 12 uur per week) bij welzijnsvoorzieningen.
Sinds 2022 heeft O&S de methodiek overgenomen van LISA, het landelijke vestigings- en banenregister, om het aantal banen en vestigingen per jaar te bepalen. De peildatum is bovendien 1 april en niet meer 1 januari. De cijfers tot en met 2011 zijn gebaseerd op de oude methode van O&S, toen de cijfers nog werden gebaseerd op het ARRA-bestand. Vanaf 2012 is de nieuwe LISA-methode gehanteerd waardoor een vergelijking tussen de jaren na 2012 jaren wel mogelijk is. Er worden alleen gegevens verstrekt over gebieden met minimaal 5 vestigingen.",0,,1 april,LISA,Amsterdam: stadsdeel/GGW-gebied/wijk/buurt en overige indelingen,,
Amsterdam O&S BBGA,BBGA,Basisbestand Gebieden Amsterdam,BHWPA,Economie,"werkzame personen A: landbouw, bosbouw en visserij","Aantal personen die voor 12 uur of meer per week werkzaam zijn bij vestigingen met de sectiecode A: Landbouw, bosbouw en visserij.
Sinds 2022 heeft O&S de methodiek overgenomen van LISA, het landelijke vestigings- en banenregister, om het aantal banen en vestigingen per jaar te bepalen. De peildatum is bovendien 1 april en niet meer 1 januari. De cijfers tot en met 2011 zijn gebaseerd op de oude methode van O&S, toen de cijfers nog werden gebaseerd op het ARRA-bestand. Vanaf 2012 is de nieuwe LISA-methode gehanteerd waardoor een vergelijking tussen de jaren na 2012 jaren wel mogelijk is. Sinds 1 juli 2008 zijn ook vrije beroepen verplicht zich in te schrijven in het Handelregister. In 2008 leidde dit tot een toename van het aantal geregistreerde artsen en advocaten en in 2009 van de creatieve beroepen. Er worden alleen gegevens verstrekt over gebieden met minimaal 5 vestigingen. Percentages hoger dan 90 procent zijn afgerond naar 90 procent.",0,,1 april,LISA,Amsterdam: stadsdeel/GGW-gebied/wijk/buurt en overige indelingen,,
Amsterdam O&S BBGA,BBGA,Basisbestand Gebieden Amsterdam,BHWPA_P,Economie,"werkzame personen A: landbouw, bosbouw en visserij (%)","Aandeel van het totaal aantal werkzame personen dat voor 12 uur of meer per week werkzaam is bij een vestiging met de sectiecode A: Landbouw, bosbouw en visserij.
Sinds 2022 heeft O&S de methodiek overgenomen van LISA, het landelijke vestigings- en banenregister, om het aantal banen en vestigingen per jaar te bepalen. De peildatum is bovendien 1 april en niet meer 1 januari. De cijfers tot en met 2011 zijn gebaseerd op de oude methode van O&S, toen de cijfers nog werden gebaseerd op het ARRA-bestand. Vanaf 2012 is de nieuwe LISA-methode gehanteerd waardoor een vergelijking tussen de jaren na 2012 jaren wel mogelijk is. Sinds 1 juli 2008 zijn ook vrije beroepen verplicht zich in te schrijven in het Handelregister. In 2008 leidde dit tot een toename van het aantal geregistreerde artsen en advocaten en in 2009 van de creatieve beroepen. Er worden alleen gegevens verstrekt over gebieden met minimaal 5 vestigingen. Percentages hoger dan 90 procent zijn afgerond naar 90 procent.",0 %,,1 april,LISA,Amsterdam: stadsdeel/GGW-gebied/wijk/buurt en overige indelingen,,
Amsterdam O&S BBGA,BBGA,Basisbestand Gebieden Amsterdam,BHWPB,Economie,werkzame personen B: winning van delfstoffen,"Aantal personen die voor 12 uur of meer per week werkzaam zijn bij vestigingen met de sectiecode B: winning van delfstoffen.
Sinds 2022 heeft O&S de methodiek overgenomen van LISA, het landelijke vestigings- en banenregister, om het aantal banen en vestigingen per jaar te bepalen. De peildatum is bovendien 1 april en niet meer 1 januari. De cijfers tot en met 2011 zijn gebaseerd op de oude methode van O&S, toen de cijfers nog werden gebaseerd op het ARRA-bestand. Vanaf 2012 is de nieuwe LISA-methode gehanteerd waardoor een vergelijking tussen de jaren na 2012 jaren wel mogelijk is. Sinds 1 juli 2008 zijn ook vrije beroepen verplicht zich in te schrijven in het Handelregister. In 2008 leidde dit tot een toename van het aantal geregistreerde artsen en advocaten en in 2009 van de creatieve beroepen. Er worden alleen gegevens verstrekt over gebieden met minimaal 5 vestigingen. Percentages hoger dan 90 procent zijn afgerond naar 90 procent.",0,,1 april,LISA,Amsterdam: stadsdeel/GGW-gebied/wijk/buurt en overige indelingen,,
Amsterdam O&S BBGA,BBGA,Basisbestand Gebieden Amsterdam,BHWPB_P,Economie,werkzame personen B: winning van delfstoffen (%),"Aandeel van het totaal aantal werkzame personen dat voor 12 uur of meer per week werkzaam is bij een vestiging met de sectiecode B: winning van delfstoffen.
Sinds 2022 heeft O&S de methodiek overgenomen van LISA, het landelijke vestigings- en banenregister, om het aantal banen en vestigingen per jaar te bepalen. De peildatum is bovendien 1 april en niet meer 1 januari. De cijfers tot en met 2011 zijn gebaseerd op de oude methode van O&S, toen de cijfers nog werden gebaseerd op het ARRA-bestand. Vanaf 2012 is de nieuwe LISA-methode gehanteerd waardoor een vergelijking tussen de jaren na 2012 jaren wel mogelijk is. Sinds 1 juli 2008 zijn ook vrije beroepen verplicht zich in te schrijven in het Handelregister. In 2008 leidde dit tot een toename van het aantal geregistreerde artsen en advocaten en in 2009 van de creatieve beroepen. Er worden alleen gegevens verstrekt over gebieden met minimaal 5 vestigingen. Percentages hoger dan 90 procent zijn afgerond naar 90 procent.",0 %,,1 april,LISA,Amsterdam: stadsdeel/GGW-gebied/wijk/buurt en overige indelingen,,
Amsterdam O&S BBGA,BBGA,Basisbestand Gebieden Amsterdam,BHWPC,Economie,werkzame personen C: industrie,"Aantal personen die voor 12 uur of meer per week werkzaam zijn bij vestigingen met de sectiecode C: Industrie.
Sinds 2022 heeft O&S de methodiek overgenomen van LISA, het landelijke vestigings- en banenregister, om het aantal banen en vestigingen per jaar te bepalen. De peildatum is bovendien 1 april en niet meer 1 januari. De cijfers tot en met 2011 zijn gebaseerd op de oude methode van O&S, toen de cijfers nog werden gebaseerd op het ARRA-bestand. Vanaf 2012 is de nieuwe LISA-methode gehanteerd waardoor een vergelijking tussen de jaren na 2012 jaren wel mogelijk is. Sinds 1 juli 2008 zijn ook vrije beroepen verplicht zich in te schrijven in het Handelregister. In 2008 leidde dit tot een toename van het aantal geregistreerde artsen en advocaten en in 2009 van de creatieve beroepen. Er worden alleen gegevens verstrekt over gebieden met minimaal 5 vestigingen. Percentages hoger dan 90 procent zijn afgerond naar 90 procent.",0,,1 april,LISA,Amsterdam: stadsdeel/GGW-gebied/wijk/buurt en overige indelingen,,
Amsterdam O&S BBGA,BBGA,Basisbestand Gebieden Amsterdam,BHWPC_P,Economie,werkzame personen C: industrie (%),"Aandeel van het totaal aantal werkzame personen dat voor 12 uur of meer per week werkzaam is bij een vestiging met de sectiecode C: Industrie.
Sinds 2022 heeft O&S de methodiek overgenomen van LISA, het landelijke vestigings- en banenregister, om het aantal banen en vestigingen per jaar te bepalen. De peildatum is bovendien 1 april en niet meer 1 januari. De cijfers tot en met 2011 zijn gebaseerd op de oude methode van O&S, toen de cijfers nog werden gebaseerd op het ARRA-bestand. Vanaf 2012 is de nieuwe LISA-methode gehanteerd waardoor een vergelijking tussen de jaren na 2012 jaren wel mogelijk is. Sinds 1 juli 2008 zijn ook vrije beroepen verplicht zich in te schrijven in het Handelregister. In 2008 leidde dit tot een toename van het aantal geregistreerde artsen en advocaten en in 2009 van de creatieve beroepen. Er worden alleen gegevens verstrekt over gebieden met minimaal 5 vestigingen. Percentages hoger dan 90 procent zijn afgerond naar 90 procent.",0 %,,1 april,LISA,Amsterdam: stadsdeel/GGW-gebied/wijk/buurt en overige indelingen,,
Amsterdam O&S BBGA,BBGA,Basisbestand Gebieden Amsterdam,BHWP_CI,Economie,werkzame personen creatieve industrie,"Aantal werkzame personen (minstens 12 uur per week) in de sector creatieve industrie.
Sinds 2022 heeft O&S de methodiek overgenomen van LISA, het landelijke vestigings- en banenregister, om het aantal banen en vestigingen per jaar te bepalen. De peildatum is bovendien 1 april en niet meer 1 januari. De cijfers tot en met 2011 zijn gebaseerd op de oude methode van O&S, toen de cijfers nog werden gebaseerd op het ARRA-bestand. Vanaf 2012 is de nieuwe LISA-methode gehanteerd waardoor een vergelijking tussen de jaren na 2012 jaren wel mogelijk is. Er worden alleen gegevens verstrekt over gebieden met minimaal 5 vestigingen.",0,,1 april,LISA,Amsterdam: stadsdeel/GGW-gebied/wijk/buurt en overige indelingen,,
Amsterdam O&S BBGA,BBGA,Basisbestand Gebieden Amsterdam,BHWP_CULTUUR,Economie,werkzame personen cultuurvoorzieningen,"Aantal werkzame personen (minstens 12 uur per week) in de sector cultuurvoorzieningen.
Sinds 2022 heeft O&S de methodiek overgenomen van LISA, het landelijke vestigings- en banenregister, om het aantal banen en vestigingen per jaar te bepalen. De peildatum is bovendien 1 april en niet meer 1 januari. De cijfers tot en met 2011 zijn gebaseerd op de oude methode van O&S, toen de cijfers nog werden gebaseerd op het ARRA-bestand. Vanaf 2012 is de nieuwe LISA-methode gehanteerd waardoor een vergelijking tussen de jaren na 2012 jaren wel mogelijk is. Er worden alleen gegevens verstrekt over gebieden met minimaal 5 vestigingen.",0,,1 april,LISA,Amsterdam: stadsdeel/GGW-gebied/wijk/buurt en overige indelingen,,
Amsterdam O&S BBGA,BBGA,Basisbestand Gebieden Amsterdam,BHWPD,Economie,werkzame personen D: energiebedrijven,"Aantal personen die voor 12 uur of meer per week werkzaam zijn bij vestigingen met de sectiecode D: Energiebedrijven.
Sinds 2022 heeft O&S de methodiek overgenomen van LISA, het landelijke vestigings- en banenregister, om het aantal banen en vestigingen per jaar te bepalen. De peildatum is bovendien 1 april en niet meer 1 januari. De cijfers tot en met 2011 zijn gebaseerd op de oude methode van O&S, toen de cijfers nog werden gebaseerd op het ARRA-bestand. Vanaf 2012 is de nieuwe LISA-methode gehanteerd waardoor een vergelijking tussen de jaren na 2012 jaren wel mogelijk is. Sinds 1 juli 2008 zijn ook vrije beroepen verplicht zich in te schrijven in het Handelregister. In 2008 leidde dit tot een toename van het aantal geregistreerde artsen en advocaten en in 2009 van de creatieve beroepen. Er worden alleen gegevens verstrekt over gebieden met minimaal 5 vestigingen. Percentages hoger dan 90 procent zijn afgerond naar 90 procent.",0,,1 april,LISA,Amsterdam: stadsdeel/GGW-gebied/wijk/buurt en overige indelingen,,
Amsterdam O&S BBGA,BBGA,Basisbestand Gebieden Amsterdam,BHWPD_P,Economie,werkzame personen D: energiebedrijven (%),"Aandeel van het totaal aantal werkzame personen dat voor 12 uur of meer per week werkzaam is bij een vestiging met de sectiecode D: Energiebedrijven.
Sinds 2022 heeft O&S de methodiek overgenomen van LISA, het landelijke vestigings- en banenregister, om het aantal banen en vestigingen per jaar te bepalen. De peildatum is bovendien 1 april en niet meer 1 januari. De cijfers tot en met 2011 zijn gebaseerd op de oude methode van O&S, toen de cijfers nog werden gebaseerd op het ARRA-bestand. Vanaf 2012 is de nieuwe LISA-methode gehanteerd waardoor een vergelijking tussen de jaren na 2012 jaren wel mogelijk is. Sinds 1 juli 2008 zijn ook vrije beroepen verplicht zich in te schrijven in het Handelregister. In 2008 leidde dit tot een toename van het aantal geregistreerde artsen en advocaten en in 2009 van de creatieve beroepen. Er worden alleen gegevens verstrekt over gebieden met minimaal 5 vestigingen. Percentages hoger dan 90 procent zijn afgerond naar 90 procent.",0 %,,1 april,LISA,Amsterdam: stadsdeel/GGW-gebied/wijk/buurt en overige indelingen,,
Amsterdam O&S BBGA,BBGA,Basisbestand Gebieden Amsterdam,BHWPE,Economie,werkzame personen E: waterwinning en afvalverwerking,"Aantal personen die voor 12 uur of meer per week werkzaam zijn bij vestigingen met de sectiecode E: Waterwinning en afvalverwerking.
Sinds 2022 heeft O&S de methodiek overgenomen van LISA, het landelijke vestigings- en banenregister, om het aantal banen en vestigingen per jaar te bepalen. De peildatum is bovendien 1 april en niet meer 1 januari. De cijfers tot en met 2011 zijn gebaseerd op de oude methode van O&S, toen de cijfers nog werden gebaseerd op het ARRA-bestand. Vanaf 2012 is de nieuwe LISA-methode gehanteerd waardoor een vergelijking tussen de jaren na 2012 jaren wel mogelijk is. Sinds 1 juli 2008 zijn ook vrije beroepen verplicht zich in te schrijven in het Handelregister. In 2008 leidde dit tot een toename van het aantal geregistreerde artsen en advocaten en in 2009 van de creatieve beroepen. Er worden alleen gegevens verstrekt over gebieden met minimaal 5 vestigingen. Percentages hoger dan 90 procent zijn afgerond naar 90 procent.",0,,1 april,LISA,Amsterdam: stadsdeel/GGW-gebied/wijk/buurt en overige indelingen,,
Amsterdam O&S BBGA,BBGA,Basisbestand Gebieden Amsterdam,BHWPE_P,Economie,werkzame personen E: waterwinning en afvalverwerking (%),"Aandeel van het totaal aantal werkzame personen dat voor 12 uur of meer per week werkzaam is bij een vestiging met de sectiecode E: Waterwinning en afvalverwerking.
Sinds 2022 heeft O&S de methodiek overgenomen van LISA, het landelijke vestigings- en banenregister, om het aantal banen en vestigingen per jaar te bepalen. De peildatum is bovendien 1 april en niet meer 1 januari. De cijfers tot en met 2011 zijn gebaseerd op de oude methode van O&S, toen de cijfers nog werden gebaseerd op het ARRA-bestand. Vanaf 2012 is de nieuwe LISA-methode gehanteerd waardoor een vergelijking tussen de jaren na 2012 jaren wel mogelijk is. Sinds 1 juli 2008 zijn ook vrije beroepen verplicht zich in te schrijven in het Handelregister. In 2008 leidde dit tot een toename van het aantal geregistreerde artsen en advocaten en in 2009 van de creatieve beroepen. Er worden alleen gegevens verstrekt over gebieden met minimaal 5 vestigingen. Percentages hoger dan 90 procent zijn afgerond naar 90 procent.",0 %,,1 april,LISA,Amsterdam: stadsdeel/GGW-gebied/wijk/buurt en overige indelingen,,
Amsterdam O&S BBGA,BBGA,Basisbestand Gebieden Amsterdam,BHWPF,Economie,werkzame personen F: bouwnijverheid,"Aantal personen die voor 12 uur of meer per week werkzaam zijn bij vestigingen met de sectiecode F: Bouwnijverheid.
Sinds 2022 heeft O&S de methodiek overgenomen van LISA, het landelijke vestigings- en banenregister, om het aantal banen en vestigingen per jaar te bepalen. De peildatum is bovendien 1 april en niet meer 1 januari. De cijfers tot en met 2011 zijn gebaseerd op de oude methode van O&S, toen de cijfers nog werden gebaseerd op het ARRA-bestand. Vanaf 2012 is de nieuwe LISA-methode gehanteerd waardoor een vergelijking tussen de jaren na 2012 jaren wel mogelijk is. Sinds 1 juli 2008 zijn ook vrije beroepen verplicht zich in te schrijven in het Handelregister. In 2008 leidde dit tot een toename van het aantal geregistreerde artsen en advocaten en in 2009 van de creatieve beroepen. Er worden alleen gegevens verstrekt over gebieden met minimaal 5 vestigingen. Percentages hoger dan 90 procent zijn afgerond naar 90 procent.",0,,1 april,LISA,Amsterdam: stadsdeel/GGW-gebied/wijk/buurt en overige indelingen,,
Amsterdam O&S BBGA,BBGA,Basisbestand Gebieden Amsterdam,BHWPF_P,Economie,werkzame personen F: bouwnijverheid (%),"Aandeel van het totaal aantal werkzame personen dat voor 12 uur of meer per week werkzaam is bij een vestiging met de sectiecode F: Bouwnijverheid.
Sinds 2022 heeft O&S de methodiek overgenomen van LISA, het landelijke vestigings- en banenregister, om het aantal banen en vestigingen per jaar te bepalen. De peildatum is bovendien 1 april en niet meer 1 januari. De cijfers tot en met 2011 zijn gebaseerd op de oude methode van O&S, toen de cijfers nog werden gebaseerd op het ARRA-bestand. Vanaf 2012 is de nieuwe LISA-methode gehanteerd waardoor een vergelijking tussen de jaren na 2012 jaren wel mogelijk is. Sinds 1 juli 2008 zijn ook vrije beroepen verplicht zich in te schrijven in het Handelregister. In 2008 leidde dit tot een toename van het aantal geregistreerde artsen en advocaten en in 2009 van de creatieve beroepen. Er worden alleen gegevens verstrekt over gebieden met minimaal 5 vestigingen. Percentages hoger dan 90 procent zijn afgerond naar 90 procent.",0 %,,1 april,LISA,Amsterdam: stadsdeel/GGW-gebied/wijk/buurt en overige indelingen,,
Amsterdam O&S BBGA,BBGA,Basisbestand Gebieden Amsterdam,BHWPG1,Economie,werkzame personen G1: groothandel,"Aantal personen die voor 12 uur of meer per week werkzaam zijn bij vestigingen met de sectiecode G1: Groothandel.
Sinds 2022 heeft O&S de methodiek overgenomen van LISA, het landelijke vestigings- en banenregister, om het aantal banen en vestigingen per jaar te bepalen. De peildatum is bovendien 1 april en niet meer 1 januari. De cijfers tot en met 2011 zijn gebaseerd op de oude methode van O&S, toen de cijfers nog werden gebaseerd op het ARRA-bestand. Vanaf 2012 is de nieuwe LISA-methode gehanteerd waardoor een vergelijking tussen de jaren na 2012 jaren wel mogelijk is. Sinds 1 juli 2008 zijn ook vrije beroepen verplicht zich in te schrijven in het Handelregister. In 2008 leidde dit tot een toename van het aantal geregistreerde artsen en advocaten en in 2009 van de creatieve beroepen. Er worden alleen gegevens verstrekt over gebieden met minimaal 5 vestigingen. Percentages hoger dan 90 procent zijn afgerond naar 90 procent.",0,,1 april,LISA,Amsterdam: stadsdeel/GGW-gebied/wijk/buurt en overige indelingen,,
Amsterdam O&S BBGA,BBGA,Basisbestand Gebieden Amsterdam,BHWPG1_P,Economie,werkzame personen G1: groothandel (%),"Aandeel van het totaal aantal werkzame personen dat voor 12 uur of meer per week werkzaam is bij een vestiging met de sectiecode G1: Groothandel.
Sinds 2022 heeft O&S de methodiek overgenomen van LISA, het landelijke vestigings- en banenregister, om het aantal banen en vestigingen per jaar te bepalen. De peildatum is bovendien 1 april en niet meer 1 januari. De cijfers tot en met 2011 zijn gebaseerd op de oude methode van O&S, toen de cijfers nog werden gebaseerd op het ARRA-bestand. Vanaf 2012 is de nieuwe LISA-methode gehanteerd waardoor een vergelijking tussen de jaren na 2012 jaren wel mogelijk is. Sinds 1 juli 2008 zijn ook vrije beroepen verplicht zich in te schrijven in het Handelregister. In 2008 leidde dit tot een toename van het aantal geregistreerde artsen en advocaten en in 2009 van de creatieve beroepen. Er worden alleen gegevens verstrekt over gebieden met minimaal 5 vestigingen. Percentages hoger dan 90 procent zijn afgerond naar 90 procent.",0 %,,1 april,LISA,Amsterdam: stadsdeel/GGW-gebied/wijk/buurt en overige indelingen,,
Amsterdam O&S BBGA,BBGA,Basisbestand Gebieden Amsterdam,BHWPG2,Economie,werkzame personen G2: detailhandel,"Aantal personen die voor 12 uur of meer per week werkzaam zijn bij vestigingen met de sectiecode G2: Detailhandel.
Sinds 2022 heeft O&S de methodiek overgenomen van LISA, het landelijke vestigings- en banenregister, om het aantal banen en vestigingen per jaar te bepalen. De peildatum is bovendien 1 april en niet meer 1 januari. De cijfers tot en met 2011 zijn gebaseerd op de oude methode van O&S, toen de cijfers nog werden gebaseerd op het ARRA-bestand. Vanaf 2012 is de nieuwe LISA-methode gehanteerd waardoor een vergelijking tussen de jaren na 2012 jaren wel mogelijk is. Sinds 1 juli 2008 zijn ook vrije beroepen verplicht zich in te schrijven in het Handelregister. In 2008 leidde dit tot een toename van het aantal geregistreerde artsen en advocaten en in 2009 van de creatieve beroepen. Er worden alleen gegevens verstrekt over gebieden met minimaal 5 vestigingen. Percentages hoger dan 90 procent zijn afgerond naar 90 procent.",0,,1 april,LISA,Amsterdam: stadsdeel/GGW-gebied/wijk/buurt en overige indelingen,,
Amsterdam O&S BBGA,BBGA,Basisbestand Gebieden Amsterdam,BHWPG2_P,Economie,werkzame personen G2: detailhandel (%),"Aandeel van het totaal aantal werkzame personen dat voor 12 uur of meer per week werkzaam is bij een vestiging met de sectiecode G2: Detailhandel.
Sinds 2022 heeft O&S de methodiek overgenomen van LISA, het landelijke vestigings- en banenregister, om het aantal banen en vestigingen per jaar te bepalen. De peildatum is bovendien 1 april en niet meer 1 januari. De cijfers tot en met 2011 zijn gebaseerd op de oude methode van O&S, toen de cijfers nog werden gebaseerd op het ARRA-bestand. Vanaf 2012 is de nieuwe LISA-methode gehanteerd waardoor een vergelijking tussen de jaren na 2012 jaren wel mogelijk is. Sinds 1 juli 2008 zijn ook vrije beroepen verplicht zich in te schrijven in het Handelregister. In 2008 leidde dit tot een toename van het aantal geregistreerde artsen en advocaten en in 2009 van de creatieve beroepen. Er worden alleen gegevens verstrekt over gebieden met minimaal 5 vestigingen. Percentages hoger dan 90 procent zijn afgerond naar 90 procent.",0 %,,1 april,LISA,Amsterdam: stadsdeel/GGW-gebied/wijk/buurt en overige indelingen,,
Amsterdam O&S BBGA,BBGA,Basisbestand Gebieden Amsterdam,BHWP_GEZOND,Economie,werkzame personen gezondheidsvoorzieningen,"Aantal werkzame personen (minstens 12 uur per week) bij gezondheidsvoorzieningen.
Sinds 2022 heeft O&S de methodiek overgenomen van LISA, het landelijke vestigings- en banenregister, om het aantal banen en vestigingen per jaar te bepalen. De peildatum is bovendien 1 april en niet meer 1 januari. De cijfers tot en met 2011 zijn gebaseerd op de oude methode van O&S, toen de cijfers nog werden gebaseerd op het ARRA-bestand. Vanaf 2012 is de nieuwe LISA-methode gehanteerd waardoor een vergelijking tussen de jaren na 2012 jaren wel mogelijk is. Er worden alleen gegevens verstrekt over gebieden met minimaal 5 vestigingen.",0,,1 april,LISA,Amsterdam: stadsdeel/GGW-gebied/wijk/buurt en overige indelingen,,
Amsterdam O&S BBGA,BBGA,Basisbestand Gebieden Amsterdam,BHWPH,Economie,werkzame personen H: transport en logistiek,"Aantal personen die voor 12 uur of meer per week werkzaam zijn bij vestigingen met de sectiecode H: transport en logistiek.
Sinds 2022 heeft O&S de methodiek overgenomen van LISA, het landelijke vestigings- en banenregister, om het aantal banen en vestigingen per jaar te bepalen. De peildatum is bovendien 1 april en niet meer 1 januari. De cijfers tot en met 2011 zijn gebaseerd op de oude methode van O&S, toen de cijfers nog werden gebaseerd op het ARRA-bestand. Vanaf 2012 is de nieuwe LISA-methode gehanteerd waardoor een vergelijking tussen de jaren na 2012 jaren wel mogelijk is. Sinds 1 juli 2008 zijn ook vrije beroepen verplicht zich in te schrijven in het Handelregister. In 2008 leidde dit tot een toename van het aantal geregistreerde artsen en advocaten en in 2009 van de creatieve beroepen. Er worden alleen gegevens verstrekt over gebieden met minimaal 5 vestigingen. Percentages hoger dan 90 procent zijn afgerond naar 90 procent.",0,,1 april,LISA,Amsterdam: stadsdeel/GGW-gebied/wijk/buurt en overige indelingen,,
Amsterdam O&S BBGA,BBGA,Basisbestand Gebieden Amsterdam,BHWPH_P,Economie,werkzame personen H: transport en logistiek (%),"Aandeel van het totaal aantal werkzame personen dat voor 12 uur of meer per week werkzaam is bij een vestiging met de sectiecode H: transport en logistiek.
Sinds 2022 heeft O&S de methodiek overgenomen van LISA, het landelijke vestigings- en banenregister, om het aantal banen en vestigingen per jaar te bepalen. De peildatum is bovendien 1 april en niet meer 1 januari. De cijfers tot en met 2011 zijn gebaseerd op de oude methode van O&S, toen de cijfers nog werden gebaseerd op het ARRA-bestand. Vanaf 2012 is de nieuwe LISA-methode gehanteerd waardoor een vergelijking tussen de jaren na 2012 jaren wel mogelijk is. Sinds 1 juli 2008 zijn ook vrije beroepen verplicht zich in te schrijven in het Handelregister. In 2008 leidde dit tot een toename van het aantal geregistreerde artsen en advocaten en in 2009 van de creatieve beroepen. Er worden alleen gegevens verstrekt over gebieden met minimaal 5 vestigingen. Percentages hoger dan 90 procent zijn afgerond naar 90 procent.",0 %,,1 april,LISA,Amsterdam: stadsdeel/GGW-gebied/wijk/buurt en overige indelingen,,
Amsterdam O&S BBGA,BBGA,Basisbestand Gebieden Amsterdam,BHWPI,Economie,werkzame personen I: horeca,"Aantal personen die voor 12 uur of meer per week werkzaam zijn bij vestigingen met de sectiecode I: Horeca.
Sinds 2022 heeft O&S de methodiek overgenomen van LISA, het landelijke vestigings- en banenregister, om het aantal banen en vestigingen per jaar te bepalen. De peildatum is bovendien 1 april en niet meer 1 januari. De cijfers tot en met 2011 zijn gebaseerd op de oude methode van O&S, toen de cijfers nog werden gebaseerd op het ARRA-bestand. Vanaf 2012 is de nieuwe LISA-methode gehanteerd waardoor een vergelijking tussen de jaren na 2012 jaren wel mogelijk is. Sinds 1 juli 2008 zijn ook vrije beroepen verplicht zich in te schrijven in het Handelregister. In 2008 leidde dit tot een toename van het aantal geregistreerde artsen en advocaten en in 2009 van de creatieve beroepen. Er worden alleen gegevens verstrekt over gebieden met minimaal 5 vestigingen. Percentages hoger dan 90 procent zijn afgerond naar 90 procent.",0,,1 april,LISA,Amsterdam: stadsdeel/GGW-gebied/wijk/buurt en overige indelingen,,
Amsterdam O&S BBGA,BBGA,Basisbestand Gebieden Amsterdam,BHWPI_P,Economie,werkzame personen I: horeca (%),"Aandeel van het totaal aantal werkzame personen dat voor 12 uur of meer per week werkzaam is bij een vestiging met de sectiecode I: Horeca.
Sinds 2022 heeft O&S de methodiek overgenomen van LISA, het landelijke vestigings- en banenregister, om het aantal banen en vestigingen per jaar te bepalen. De peildatum is bovendien 1 april en niet meer 1 januari. De cijfers tot en met 2011 zijn gebaseerd op de oude methode van O&S, toen de cijfers nog werden gebaseerd op het ARRA-bestand. Vanaf 2012 is de nieuwe LISA-methode gehanteerd waardoor een vergelijking tussen de jaren na 2012 jaren wel mogelijk is. Sinds 1 juli 2008 zijn ook vrije beroepen verplicht zich in te schrijven in het Handelregister. In 2008 leidde dit tot een toename van het aantal geregistreerde artsen en advocaten en in 2009 van de creatieve beroepen. Er worden alleen gegevens verstrekt over gebieden met minimaal 5 vestigingen. Percentages hoger dan 90 procent zijn afgerond naar 90 procent.",0 %,,1 april,LISA,Amsterdam: stadsdeel/GGW-gebied/wijk/buurt en overige indelingen,,
Amsterdam O&S BBGA,BBGA,Basisbestand Gebieden Amsterdam,BHWP_ICT,Economie,werkzame personen ICT,"Aantal werkzame personen (minstens 12 uur per week) in de sector ICT.
Sinds 2022 heeft O&S de methodiek overgenomen van LISA, het landelijke vestigings- en banenregister, om het aantal banen en vestigingen per jaar te bepalen. De peildatum is bovendien 1 april en niet meer 1 januari. De cijfers tot en met 2011 zijn gebaseerd op de oude methode van O&S, toen de cijfers nog werden gebaseerd op het ARRA-bestand. Vanaf 2012 is de nieuwe LISA-methode gehanteerd waardoor een vergelijking tussen de jaren na 2012 jaren wel mogelijk is. Er worden alleen gegevens verstrekt over gebieden met minimaal 5 vestigingen.",0,,1 april,LISA,Amsterdam: stadsdeel/GGW-gebied/wijk/buurt en overige indelingen,,
Amsterdam O&S BBGA,BBGA,Basisbestand Gebieden Amsterdam,BHWP_ICT_P,Economie,werkzame personen ICT (%),"Percentage werkzame personen (minstens 12 uur per week) in de sector ICT.
Sinds 2022 heeft O&S de methodiek overgenomen van LISA, het landelijke vestigings- en banenregister, om het aantal banen en vestigingen per jaar te bepalen. De peildatum is bovendien 1 april en niet meer 1 januari. De cijfers tot en met 2011 zijn gebaseerd op de oude methode van O&S, toen de cijfers nog werden gebaseerd op het ARRA-bestand. Vanaf 2012 is de nieuwe LISA-methode gehanteerd waardoor een vergelijking tussen de jaren na 2012 jaren wel mogelijk is. Er worden alleen gegevens verstrekt over gebieden met minimaal 5 vestigingen.",0 %,,1 april,LISA,Amsterdam: stadsdeel/GGW-gebied/wijk/buurt en overige indelingen,,
Amsterdam O&S BBGA,BBGA,Basisbestand Gebieden Amsterdam,BHWPJ,Economie,werkzame personen J: informatie en communicatie,"Aantal personen die voor 12 uur of meer per week werkzaam zijn bij vestigingen met de sectiecode J: Informatie en communicatie.
Sinds 2022 heeft O&S de methodiek overgenomen van LISA, het landelijke vestigings- en banenregister, om het aantal banen en vestigingen per jaar te bepalen. De peildatum is bovendien 1 april en niet meer 1 januari. De cijfers tot en met 2011 zijn gebaseerd op de oude methode van O&S, toen de cijfers nog werden gebaseerd op het ARRA-bestand. Vanaf 2012 is de nieuwe LISA-methode gehanteerd waardoor een vergelijking tussen de jaren na 2012 jaren wel mogelijk is. Sinds 1 juli 2008 zijn ook vrije beroepen verplicht zich in te schrijven in het Handelregister. In 2008 leidde dit tot een toename van het aantal geregistreerde artsen en advocaten en in 2009 van de creatieve beroepen. Er worden alleen gegevens verstrekt over gebieden met minimaal 5 vestigingen. Percentages hoger dan 90 procent zijn afgerond naar 90 procent.",0,,1 april,LISA,Amsterdam: stadsdeel/GGW-gebied/wijk/buurt en overige indelingen,,
Amsterdam O&S BBGA,BBGA,Basisbestand Gebieden Amsterdam,BHWPJ_P,Economie,werkzame personen J: informatie en communicatie (%),"Aandeel van het totaal aantal werkzame personen dat voor 12 uur of meer per week werkzaam is bij een vestiging met de sectiecode J: Informatie en communicatie.
Sinds 2022 heeft O&S de methodiek overgenomen van LISA, het landelijke vestigings- en banenregister, om het aantal banen en vestigingen per jaar te bepalen. De peildatum is bovendien 1 april en niet meer 1 januari. De cijfers tot en met 2011 zijn gebaseerd op de oude methode van O&S, toen de cijfers nog werden gebaseerd op het ARRA-bestand. Vanaf 2012 is de nieuwe LISA-methode gehanteerd waardoor een vergelijking tussen de jaren na 2012 jaren wel mogelijk is. Sinds 1 juli 2008 zijn ook vrije beroepen verplicht zich in te schrijven in het Handelregister. In 2008 leidde dit tot een toename van het aantal geregistreerde artsen en advocaten en in 2009 van de creatieve beroepen. Er worden alleen gegevens verstrekt over gebieden met minimaal 5 vestigingen. Percentages hoger dan 90 procent zijn afgerond naar 90 procent.",0 %,,1 april,LISA,Amsterdam: stadsdeel/GGW-gebied/wijk/buurt en overige indelingen,,
Amsterdam O&S BBGA,BBGA,Basisbestand Gebieden Amsterdam,BHWPK,Economie,werkzame personen K: financiÃ«le instellingen,"Aantal personen die voor 12 uur of meer per week werkzaam zijn bij vestigingen met de sectiecode K: Financiële instellingen.
Sinds 2022 heeft O&S de methodiek overgenomen van LISA, het landelijke vestigings- en banenregister, om het aantal banen en vestigingen per jaar te bepalen. De peildatum is bovendien 1 april en niet meer 1 januari. De cijfers tot en met 2011 zijn gebaseerd op de oude methode van O&S, toen de cijfers nog werden gebaseerd op het ARRA-bestand. Vanaf 2012 is de nieuwe LISA-methode gehanteerd waardoor een vergelijking tussen de jaren na 2012 jaren wel mogelijk is. Sinds 1 juli 2008 zijn ook vrije beroepen verplicht zich in te schrijven in het Handelregister. In 2008 leidde dit tot een toename van het aantal geregistreerde artsen en advocaten en in 2009 van de creatieve beroepen. Er worden alleen gegevens verstrekt over gebieden met minimaal 5 vestigingen. Percentages hoger dan 90 procent zijn afgerond naar 90 procent.",0,,1 april,LISA,Amsterdam: stadsdeel/GGW-gebied/wijk/buurt en overige indelingen,,
Amsterdam O&S BBGA,BBGA,Basisbestand Gebieden Amsterdam,BHWPK_P,Economie,werkzame personen K: financiÃ«le instellingen (%),"Aandeel van het totaal aantal werkzame personen dat voor 12 uur of meer per week werkzaam is bij een vestiging met de sectiecode K: Financiële instellingen.
Sinds 2022 heeft O&S de methodiek overgenomen van LISA, het landelijke vestigings- en banenregister, om het aantal banen en vestigingen per jaar te bepalen. De peildatum is bovendien 1 april en niet meer 1 januari. De cijfers tot en met 2011 zijn gebaseerd op de oude methode van O&S, toen de cijfers nog werden gebaseerd op het ARRA-bestand. Vanaf 2012 is de nieuwe LISA-methode gehanteerd waardoor een vergelijking tussen de jaren na 2012 jaren wel mogelijk is. Sinds 1 juli 2008 zijn ook vrije beroepen verplicht zich in te schrijven in het Handelregister. In 2008 leidde dit tot een toename van het aantal geregistreerde artsen en advocaten en in 2009 van de creatieve beroepen. Er worden alleen gegevens verstrekt over gebieden met minimaal 5 vestigingen. Percentages hoger dan 90 procent zijn afgerond naar 90 procent.",0 %,,1 april,LISA,Amsterdam: stadsdeel/GGW-gebied/wijk/buurt en overige indelingen,,
Amsterdam O&S BBGA,BBGA,Basisbestand Gebieden Amsterdam,BHWPL,Economie,"werkzame personen L: handel, verhuur onroerend goed","Aantal personen die voor 12 uur of meer per week werkzaam zijn bij vestigingen met de sectiecode L: Handel, verhuur onroerend goed.
Sinds 2022 heeft O&S de methodiek overgenomen van LISA, het landelijke vestigings- en banenregister, om het aantal banen en vestigingen per jaar te bepalen. De peildatum is bovendien 1 april en niet meer 1 januari. De cijfers tot en met 2011 zijn gebaseerd op de oude methode van O&S, toen de cijfers nog werden gebaseerd op het ARRA-bestand. Vanaf 2012 is de nieuwe LISA-methode gehanteerd waardoor een vergelijking tussen de jaren na 2012 jaren wel mogelijk is. Sinds 1 juli 2008 zijn ook vrije beroepen verplicht zich in te schrijven in het Handelregister. In 2008 leidde dit tot een toename van het aantal geregistreerde artsen en advocaten en in 2009 van de creatieve beroepen. Er worden alleen gegevens verstrekt over gebieden met minimaal 5 vestigingen. Percentages hoger dan 90 procent zijn afgerond naar 90 procent.",0,,1 april,LISA,Amsterdam: stadsdeel/GGW-gebied/wijk/buurt en overige indelingen,,
Amsterdam O&S BBGA,BBGA,Basisbestand Gebieden Amsterdam,BHWPL_P,Economie,"werkzame personen L: handel, verhuur onroerend goed (%)","Aandeel van het totaal aantal werkzame personen dat voor 12 uur of meer per week werkzaam is bij een vestiging met de sectiecode L: Handel, verhuur onroerend goed.
Sinds 2022 heeft O&S de methodiek overgenomen van LISA, het landelijke vestigings- en banenregister, om het aantal banen en vestigingen per jaar te bepalen. De peildatum is bovendien 1 april en niet meer 1 januari. De cijfers tot en met 2011 zijn gebaseerd op de oude methode van O&S, toen de cijfers nog werden gebaseerd op het ARRA-bestand. Vanaf 2012 is de nieuwe LISA-methode gehanteerd waardoor een vergelijking tussen de jaren na 2012 jaren wel mogelijk is. Sinds 1 juli 2008 zijn ook vrije beroepen verplicht zich in te schrijven in het Handelregister. In 2008 leidde dit tot een toename van het aantal geregistreerde artsen en advocaten en in 2009 van de creatieve beroepen. Er worden alleen gegevens verstrekt over gebieden met minimaal 5 vestigingen. Percentages hoger dan 90 procent zijn afgerond naar 90 procent.",0 %,,1 april,LISA,Amsterdam: stadsdeel/GGW-gebied/wijk/buurt en overige indelingen,,
Amsterdam O&S BBGA,BBGA,Basisbestand Gebieden Amsterdam,BHWPM,Economie,werkzame personen M: advisering en onderzoek,"Aantal personen die voor 12 uur of meer per week werkzaam zijn bij vestingen met de sectiecode M: Advisering en onderzoek.
Sinds 2022 heeft O&S de methodiek overgenomen van LISA, het landelijke vestigings- en banenregister, om het aantal banen en vestigingen per jaar te bepalen. De peildatum is bovendien 1 april en niet meer 1 januari. De cijfers tot en met 2011 zijn gebaseerd op de oude methode van O&S, toen de cijfers nog werden gebaseerd op het ARRA-bestand. Vanaf 2012 is de nieuwe LISA-methode gehanteerd waardoor een vergelijking tussen de jaren na 2012 jaren wel mogelijk is. Sinds 1 juli 2008 zijn ook vrije beroepen verplicht zich in te schrijven in het Handelregister. In 2008 leidde dit tot een toename van het aantal geregistreerde artsen en advocaten en in 2009 van de creatieve beroepen. Er worden alleen gegevens verstrekt over gebieden met minimaal 5 vestigingen. Percentages hoger dan 90 procent zijn afgerond naar 90 procent.",0,,1 april,LISA,Amsterdam: stadsdeel/GGW-gebied/wijk/buurt en overige indelingen,,
Amsterdam O&S BBGA,BBGA,Basisbestand Gebieden Amsterdam,BHWPM_P,Economie,werkzame personen M: advisering en onderzoek (%),"Aandeel van het totaal aantal werkzame personen dat voor 12 uur of meer per week werkzaam is bij een vestiging met de sectiecode M: Advisering en onderzoek.
Sinds 2022 heeft O&S de methodiek overgenomen van LISA, het landelijke vestigings- en banenregister, om het aantal banen en vestigingen per jaar te bepalen. De peildatum is bovendien 1 april en niet meer 1 januari. De cijfers tot en met 2011 zijn gebaseerd op de oude methode van O&S, toen de cijfers nog werden gebaseerd op het ARRA-bestand. Vanaf 2012 is de nieuwe LISA-methode gehanteerd waardoor een vergelijking tussen de jaren na 2012 jaren wel mogelijk is. Sinds 1 juli 2008 zijn ook vrije beroepen verplicht zich in te schrijven in het Handelregister. In 2008 leidde dit tot een toename van het aantal geregistreerde artsen en advocaten en in 2009 van de creatieve beroepen. Er worden alleen gegevens verstrekt over gebieden met minimaal 5 vestigingen. Percentages hoger dan 90 procent zijn afgerond naar 90 procent.",0 %,,1 april,LISA,Amsterdam: stadsdeel/GGW-gebied/wijk/buurt en overige indelingen,,
Amsterdam O&S BBGA,BBGA,Basisbestand Gebieden Amsterdam,BHWPN,Economie,werkzame personen N: overige zakelijke dienstverlening,"Aantal personen die voor 12 uur of meer per week werkzaam zijn bij vestigingen met de sectiecode N: Overige zakelijke dienstverlening.
Sinds 2022 heeft O&S de methodiek overgenomen van LISA, het landelijke vestigings- en banenregister, om het aantal banen en vestigingen per jaar te bepalen. De peildatum is bovendien 1 april en niet meer 1 januari. De cijfers tot en met 2011 zijn gebaseerd op de oude methode van O&S, toen de cijfers nog werden gebaseerd op het ARRA-bestand. Vanaf 2012 is de nieuwe LISA-methode gehanteerd waardoor een vergelijking tussen de jaren na 2012 jaren wel mogelijk is. Sinds 1 juli 2008 zijn ook vrije beroepen verplicht zich in te schrijven in het Handelregister. In 2008 leidde dit tot een toename van het aantal geregistreerde artsen en advocaten en in 2009 van de creatieve beroepen. Er worden alleen gegevens verstrekt over gebieden met minimaal 5 vestigingen. Percentages hoger dan 90 procent zijn afgerond naar 90 procent.",0,,1 april,LISA,Amsterdam: stadsdeel/GGW-gebied/wijk/buurt en overige indelingen,,
Amsterdam O&S BBGA,BBGA,Basisbestand Gebieden Amsterdam,BHWPN_P,Economie,werkzame personen N: overige zakelijke dienstverlening (%),"Aandeel van het totaal aantal werkzame personen dat voor 12 uur of meer per week werkzaam is bij een vestiging met de sectiecode N: Overige zakelijke dienstverlening.
Sinds 2022 heeft O&S de methodiek overgenomen van LISA, het landelijke vestigings- en banenregister, om het aantal banen en vestigingen per jaar te bepalen. De peildatum is bovendien 1 april en niet meer 1 januari. De cijfers tot en met 2011 zijn gebaseerd op de oude methode van O&S, toen de cijfers nog werden gebaseerd op het ARRA-bestand. Vanaf 2012 is de nieuwe LISA-methode gehanteerd waardoor een vergelijking tussen de jaren na 2012 jaren wel mogelijk is. Sinds 1 juli 2008 zijn ook vrije beroepen verplicht zich in te schrijven in het Handelregister. In 2008 leidde dit tot een toename van het aantal geregistreerde artsen en advocaten en in 2009 van de creatieve beroepen. Er worden alleen gegevens verstrekt over gebieden met minimaal 5 vestigingen. Percentages hoger dan 90 procent zijn afgerond naar 90 procent.",0 %,,1 april,LISA,Amsterdam: stadsdeel/GGW-gebied/wijk/buurt en overige indelingen,,
Amsterdam O&S BBGA,BBGA,Basisbestand Gebieden Amsterdam,BHWPO,Economie,werkzame personen O: overheid,"Aantal personen die voor 12 uur of meer per week werkzaam zijn bij vestigingen met de sectiecode O: Overheid.
Sinds 2022 heeft O&S de methodiek overgenomen van LISA, het landelijke vestigings- en banenregister, om het aantal banen en vestigingen per jaar te bepalen. De peildatum is bovendien 1 april en niet meer 1 januari. De cijfers tot en met 2011 zijn gebaseerd op de oude methode van O&S, toen de cijfers nog werden gebaseerd op het ARRA-bestand. Vanaf 2012 is de nieuwe LISA-methode gehanteerd waardoor een vergelijking tussen de jaren na 2012 jaren wel mogelijk is. Sinds 1 juli 2008 zijn ook vrije beroepen verplicht zich in te schrijven in het Handelregister. In 2008 leidde dit tot een toename van het aantal geregistreerde artsen en advocaten en in 2009 van de creatieve beroepen. Er worden alleen gegevens verstrekt over gebieden met minimaal 5 vestigingen. Percentages hoger dan 90 procent zijn afgerond naar 90 procent.",0,,1 april,LISA,Amsterdam: stadsdeel/GGW-gebied/wijk/buurt en overige indelingen,,
Amsterdam O&S BBGA,BBGA,Basisbestand Gebieden Amsterdam,BHWPO_P,Economie,werkzame personen O: overheid (%),"Aandeel van het totaal aantal werkzame personen dat voor 12 uur of meer per week werkzaam is bij een vestiging met de sectiecode O: Overheid.
Sinds 2022 heeft O&S de methodiek overgenomen van LISA, het landelijke vestigings- en banenregister, om het aantal banen en vestigingen per jaar te bepalen. De peildatum is bovendien 1 april en niet meer 1 januari. De cijfers tot en met 2011 zijn gebaseerd op de oude methode van O&S, toen de cijfers nog werden gebaseerd op het ARRA-bestand. Vanaf 2012 is de nieuwe LISA-methode gehanteerd waardoor een vergelijking tussen de jaren na 2012 jaren wel mogelijk is. Sinds 1 juli 2008 zijn ook vrije beroepen verplicht zich in te schrijven in het Handelregister. In 2008 leidde dit tot een toename van het aantal geregistreerde artsen en advocaten en in 2009 van de creatieve beroepen. Er worden alleen gegevens verstrekt over gebieden met minimaal 5 vestigingen. Percentages hoger dan 90 procent zijn afgerond naar 90 procent.",0 %,,1 april,LISA,Amsterdam: stadsdeel/GGW-gebied/wijk/buurt en overige indelingen,,
Amsterdam O&S BBGA,BBGA,Basisbestand Gebieden Amsterdam,BHWPP,Economie,werkzame personen P: onderwijs,"Aantal personen die voor 12 uur of meer per week werkzaam zijn bij vestigingen met de sectiecode P: Onderwijs.
Sinds 2022 heeft O&S de methodiek overgenomen van LISA, het landelijke vestigings- en banenregister, om het aantal banen en vestigingen per jaar te bepalen. De peildatum is bovendien 1 april en niet meer 1 januari. De cijfers tot en met 2011 zijn gebaseerd op de oude methode van O&S, toen de cijfers nog werden gebaseerd op het ARRA-bestand. Vanaf 2012 is de nieuwe LISA-methode gehanteerd waardoor een vergelijking tussen de jaren na 2012 jaren wel mogelijk is. Sinds 1 juli 2008 zijn ook vrije beroepen verplicht zich in te schrijven in het Handelregister. In 2008 leidde dit tot een toename van het aantal geregistreerde artsen en advocaten en in 2009 van de creatieve beroepen. Er worden alleen gegevens verstrekt over gebieden met minimaal 5 vestigingen. Percentages hoger dan 90 procent zijn afgerond naar 90 procent.",0,,1 april,LISA,Amsterdam: stadsdeel/GGW-gebied/wijk/buurt en overige indelingen,,
Amsterdam O&S BBGA,BBGA,Basisbestand Gebieden Amsterdam,BHWPP_P,Economie,werkzame personen P: onderwijs (%),"Aandeel van het totaal aantal werkzame personen dat voor 12 uur of meer per week werkzaam is bij een vestiging met de sectiecode P: Onderwijs.
Sinds 2022 heeft O&S de methodiek overgenomen van LISA, het landelijke vestigings- en banenregister, om het aantal banen en vestigingen per jaar te bepalen. De peildatum is bovendien 1 april en niet meer 1 januari. De cijfers tot en met 2011 zijn gebaseerd op de oude methode van O&S, toen de cijfers nog werden gebaseerd op het ARRA-bestand. Vanaf 2012 is de nieuwe LISA-methode gehanteerd waardoor een vergelijking tussen de jaren na 2012 jaren wel mogelijk is. Sinds 1 juli 2008 zijn ook vrije beroepen verplicht zich in te schrijven in het Handelregister. In 2008 leidde dit tot een toename van het aantal geregistreerde artsen en advocaten en in 2009 van de creatieve beroepen. Er worden alleen gegevens verstrekt over gebieden met minimaal 5 vestigingen. Percentages hoger dan 90 procent zijn afgerond naar 90 procent.",0 %,,1 april,LISA,Amsterdam: stadsdeel/GGW-gebied/wijk/buurt en overige indelingen,,
Amsterdam O&S BBGA,BBGA,Basisbestand Gebieden Amsterdam,BHWPQ,Economie,werkzame personen Q: gezondheids- en welzijnszorg,"Aantal personen die voor 12 uur of meer per week werkzaam zijn bij vestigingen met de sectiecode Q: Gezondheids- en welzijnszorg.
Sinds 2022 heeft O&S de methodiek overgenomen van LISA, het landelijke vestigings- en banenregister, om het aantal banen en vestigingen per jaar te bepalen. De peildatum is bovendien 1 april en niet meer 1 januari. De cijfers tot en met 2011 zijn gebaseerd op de oude methode van O&S, toen de cijfers nog werden gebaseerd op het ARRA-bestand. Vanaf 2012 is de nieuwe LISA-methode gehanteerd waardoor een vergelijking tussen de jaren na 2012 jaren wel mogelijk is. Sinds 1 juli 2008 zijn ook vrije beroepen verplicht zich in te schrijven in het Handelregister. In 2008 leidde dit tot een toename van het aantal geregistreerde artsen en advocaten en in 2009 van de creatieve beroepen. Er worden alleen gegevens verstrekt over gebieden met minimaal 5 vestigingen. Percentages hoger dan 90 procent zijn afgerond naar 90 procent.",0,,1 april,LISA,Amsterdam: stadsdeel/GGW-gebied/wijk/buurt en overige indelingen,,
Amsterdam O&S BBGA,BBGA,Basisbestand Gebieden Amsterdam,BHWPQ_P,Economie,werkzame personen Q: gezondheids- en welzijnszorg (%),"Aandeel van het totaal aantal werkzame personen dat voor 12 uur of meer per week werkzaam is bij een vestiging met de sectiecode Q: Gezondheids- en welzijnszorg.
Sinds 2022 heeft O&S de methodiek overgenomen van LISA, het landelijke vestigings- en banenregister, om het aantal banen en vestigingen per jaar te bepalen. De peildatum is bovendien 1 april en niet meer 1 januari. De cijfers tot en met 2011 zijn gebaseerd op de oude methode van O&S, toen de cijfers nog werden gebaseerd op het ARRA-bestand. Vanaf 2012 is de nieuwe LISA-methode gehanteerd waardoor een vergelijking tussen de jaren na 2012 jaren wel mogelijk is. Sinds 1 juli 2008 zijn ook vrije beroepen verplicht zich in te schrijven in het Handelregister. In 2008 leidde dit tot een toename van het aantal geregistreerde artsen en advocaten en in 2009 van de creatieve beroepen. Er worden alleen gegevens verstrekt over gebieden met minimaal 5 vestigingen. Percentages hoger dan 90 procent zijn afgerond naar 90 procent.",0 %,,1 april,LISA,Amsterdam: stadsdeel/GGW-gebied/wijk/buurt en overige indelingen,,
Amsterdam O&S BBGA,BBGA,Basisbestand Gebieden Amsterdam,BHWPR,Economie,werkzame personen R: cultuur sport en recreatie,"Aantal personen die voor 12 uur of meer per week werkzaam zijn bij vestigingen met de sectiecode R: Cultuur, sport en recreatie.
Sinds 2022 heeft O&S de methodiek overgenomen van LISA, het landelijke vestigings- en banenregister, om het aantal banen en vestigingen per jaar te bepalen. De peildatum is bovendien 1 april en niet meer 1 januari. De cijfers tot en met 2011 zijn gebaseerd op de oude methode van O&S, toen de cijfers nog werden gebaseerd op het ARRA-bestand. Vanaf 2012 is de nieuwe LISA-methode gehanteerd waardoor een vergelijking tussen de jaren na 2012 jaren wel mogelijk is. Sinds 1 juli 2008 zijn ook vrije beroepen verplicht zich in te schrijven in het Handelregister. In 2008 leidde dit tot een toename van het aantal geregistreerde artsen en advocaten en in 2009 van de creatieve beroepen. Er worden alleen gegevens verstrekt over gebieden met minimaal 5 vestigingen. Percentages hoger dan 90 procent zijn afgerond naar 90 procent.",0,,1 april,LISA,Amsterdam: stadsdeel/GGW-gebied/wijk/buurt en overige indelingen,,
Amsterdam O&S BBGA,BBGA,Basisbestand Gebieden Amsterdam,BHWPR_P,Economie,werkzame personen R: cultuur sport en recreatie (%),"Aandeel van het totaal aantal werkzame personen dat voor 12 uur of meer per week werkzaam is bij een vestiging met de sectiecode R: Cultuur, sport en recreatie.
Sinds 2022 heeft O&S de methodiek overgenomen van LISA, het landelijke vestigings- en banenregister, om het aantal banen en vestigingen per jaar te bepalen. De peildatum is bovendien 1 april en niet meer 1 januari. De cijfers tot en met 2011 zijn gebaseerd op de oude methode van O&S, toen de cijfers nog werden gebaseerd op het ARRA-bestand. Vanaf 2012 is de nieuwe LISA-methode gehanteerd waardoor een vergelijking tussen de jaren na 2012 jaren wel mogelijk is. Sinds 1 juli 2008 zijn ook vrije beroepen verplicht zich in te schrijven in het Handelregister. In 2008 leidde dit tot een toename van het aantal geregistreerde artsen en advocaten en in 2009 van de creatieve beroepen. Er worden alleen gegevens verstrekt over gebieden met minimaal 5 vestigingen. Percentages hoger dan 90 procent zijn afgerond naar 90 procent.",0 %,,1 april,LISA,Amsterdam: stadsdeel/GGW-gebied/wijk/buurt en overige indelingen,,
Amsterdam O&S BBGA,BBGA,Basisbestand Gebieden Amsterdam,BHWPS,Economie,werkzame personen S: overige dienstverlening,"Aantal personen die voor 12 uur of meer per week werkzaam zijn bij vestigingen met de sectiecode S: Overige dienstverlening.
Sinds 2022 heeft O&S de methodiek overgenomen van LISA, het landelijke vestigings- en banenregister, om het aantal banen en vestigingen per jaar te bepalen. De peildatum is bovendien 1 april en niet meer 1 januari. De cijfers tot en met 2011 zijn gebaseerd op de oude methode van O&S, toen de cijfers nog werden gebaseerd op het ARRA-bestand. Vanaf 2012 is de nieuwe LISA-methode gehanteerd waardoor een vergelijking tussen de jaren na 2012 jaren wel mogelijk is. Sinds 1 juli 2008 zijn ook vrije beroepen verplicht zich in te schrijven in het Handelregister. In 2008 leidde dit tot een toename van het aantal geregistreerde artsen en advocaten en in 2009 van de creatieve beroepen. Er worden alleen gegevens verstrekt over gebieden met minimaal 5 vestigingen. Percentages hoger dan 90 procent zijn afgerond naar 90 procent.",0,,1 april,LISA,Amsterdam: stadsdeel/GGW-gebied/wijk/buurt en overige indelingen,,
Amsterdam O&S BBGA,BBGA,Basisbestand Gebieden Amsterdam,BHWPS_P,Economie,werkzame personen S: overige dienstverlening (%),"Aandeel van het totaal aantal werkzame personen dat voor 12 uur of meer per week werkzaam is bij een vestiging met de sectiecode S: Overige dienstverlening.
Sinds 2022 heeft O&S de methodiek overgenomen van LISA, het landelijke vestigings- en banenregister, om het aantal banen en vestigingen per jaar te bepalen. De peildatum is bovendien 1 april en niet meer 1 januari. De cijfers tot en met 2011 zijn gebaseerd op de oude methode van O&S, toen de cijfers nog werden gebaseerd op het ARRA-bestand. Vanaf 2012 is de nieuwe LISA-methode gehanteerd waardoor een vergelijking tussen de jaren na 2012 jaren wel mogelijk is. Sinds 1 juli 2008 zijn ook vrije beroepen verplicht zich in te schrijven in het Handelregister. In 2008 leidde dit tot een toename van het aantal geregistreerde artsen en advocaten en in 2009 van de creatieve beroepen. Er worden alleen gegevens verstrekt over gebieden met minimaal 5 vestigingen. Percentages hoger dan 90 procent zijn afgerond naar 90 procent.",0 %,,1 april,LISA,Amsterdam: stadsdeel/GGW-gebied/wijk/buurt en overige indelingen,,
Amsterdam O&S BBGA,BBGA,Basisbestand Gebieden Amsterdam,BHWP_SPORT,Economie,werkzame personen sportvoorzieningen,"Aantal werkzame personen (minstens 12 uur per week) bij sportvoorzieningen.
Sinds 2022 heeft O&S de methodiek overgenomen van LISA, het landelijke vestigings- en banenregister, om het aantal banen en vestigingen per jaar te bepalen. De peildatum is bovendien 1 april en niet meer 1 januari. De cijfers tot en met 2011 zijn gebaseerd op de oude methode van O&S, toen de cijfers nog werden gebaseerd op het ARRA-bestand. Vanaf 2012 is de nieuwe LISA-methode gehanteerd waardoor een vergelijking tussen de jaren na 2012 jaren wel mogelijk is. Er worden alleen gegevens verstrekt over gebieden met minimaal 5 vestigingen.",0,,1 april,LISA,Amsterdam: stadsdeel/GGW-gebied/wijk/buurt en overige indelingen,,
Amsterdam O&S BBGA,BBGA,Basisbestand Gebieden Amsterdam,BHWP_TOER,Economie,werkzame personen toerisme,"Aantal werkzame personen (minstens 12 uur per week) in de sector toerisme.
Sinds 2022 heeft O&S de methodiek overgenomen van LISA, het landelijke vestigings- en banenregister, om het aantal banen en vestigingen per jaar te bepalen. De peildatum is bovendien 1 april en niet meer 1 januari. De cijfers tot en met 2011 zijn gebaseerd op de oude methode van O&S, toen de cijfers nog werden gebaseerd op het ARRA-bestand. Vanaf 2012 is de nieuwe LISA-methode gehanteerd waardoor een vergelijking tussen de jaren na 2012 jaren wel mogelijk is. Er worden alleen gegevens verstrekt over gebieden met minimaal 5 vestigingen.",0,,1 april,LISA,Amsterdam: stadsdeel/GGW-gebied/wijk/buurt en overige indelingen,,
Amsterdam O&S BBGA,BBGA,Basisbestand Gebieden Amsterdam,BHWPKLEIN,Economie,werkzame personen totaal (incl. minder dan 12 uur per week ),"Personen die werkzaam zijn bij een bij de Kamer van Koophandel geregistreerde vestiging, inclusief de kleine banen van minder dan 12 uur per week. Hieronder vallen directeuren van NV’s en BV’s, eigenaars, meewerkende gezinsleden, personeel in loondienst, krachten geleend van uitzendbureaus en personen werkzaam via regelingen voor gesubsidieerde arbeid. Tot de werkenden worden ook buitendienstmedewerkers gerekend zoals vertegenwoordigers, service-/onderhoudsmedewerkers, varend/rijdend personeel en thuiswerkers die op de loonlijst staan. Ook personen afwezig wegens ziekte en vakantie worden meegeteld.
Sinds 2022 heeft O&S de methodiek overgenomen van LISA, het landelijke vestigings- en banenregister, om het aantal banen en vestigingen per jaar te bepalen. De peildatum is bovendien 1 april en niet meer 1 januari. De cijfers tot en met 2011 zijn gebaseerd op de oude methode van O&S, toen de cijfers nog werden gebaseerd op het ARRA-bestand. Vanaf 2012 is de nieuwe LISA-methode gehanteerd waardoor een vergelijking tussen de jaren na 2012 jaren wel mogelijk is. Er worden alleen gegevens verstrekt over gebieden met minimaal 5 vestigingen.",0,,1 april,LISA,Amsterdam: stadsdeel/GGW-gebied/wijk/buurt en overige indelingen,,
Amsterdam O&S BBGA,BBGA,Basisbestand Gebieden Amsterdam,BHWP,Economie,werkzame personen totaal (meer dan 12 uur per week ),"Personen die voor 12 uur of meer per week werkzaam zijn bij een bij de Kamer van Koophandel geregistreerde vestiging. Hieronder vallen directeuren van NV’s en BV’s, eigenaars, meewerkende gezinsleden, personeel in loondienst, krachten geleend van uitzendbureaus en personen werkzaam via regelingen voor gesubsidieerde arbeid. Tot de werkenden worden ook buitendienstmedewerkers gerekend zoals vertegenwoordigers, service-/onderhoudsmedewerkers, varend/rijdend personeel en thuiswerkers die op de loonlijst staan. Ook personen afwezig wegens ziekte en vakantie worden meegeteld.
Sinds 2022 heeft O&S de methodiek overgenomen van LISA, het landelijke vestigings- en banenregister, om het aantal banen en vestigingen per jaar te bepalen. De peildatum is bovendien 1 april en niet meer 1 januari. De cijfers tot en met 2011 zijn gebaseerd op de oude methode van O&S, toen de cijfers nog werden gebaseerd op het ARRA-bestand. Vanaf 2012 is de nieuwe LISA-methode gehanteerd waardoor een vergelijking tussen de jaren na 2012 jaren wel mogelijk is. Er worden alleen gegevens verstrekt over gebieden met minimaal 5 vestigingen.",0,,1 april,LISA,Amsterdam: stadsdeel/GGW-gebied/wijk/buurt en overige indelingen,,
Amsterdam O&S BBGA,BBGA,Basisbestand Gebieden Amsterdam,BHWP_1000INW,Economie,werkzame personen totaal per 1.000 inwoners,"Aantal werkzame personen (minstens 12 uur per week) in het gebied per 1.000 inwoners.
Sinds 2022 heeft O&S de methodiek overgenomen van LISA, het landelijke vestigings- en banenregister, om het aantal banen en vestigingen per jaar te bepalen. De peildatum is bovendien 1 april en niet meer 1 januari. De cijfers tot en met 2011 zijn gebaseerd op de oude methode van O&S, toen de cijfers nog werden gebaseerd op het ARRA-bestand. Vanaf 2012 is de nieuwe LISA-methode gehanteerd waardoor een vergelijking tussen de jaren na 2012 jaren wel mogelijk is. Er worden alleen gegevens verstrekt over gebieden met minimaal 5 vestigingen.",0 /1.000 inwoners,,1 januari,LISA,Amsterdam: stadsdeel/GGW-gebied/wijk/buurt en overige indelingen,,
Amsterdam O&S BBGA,BBGA,Basisbestand Gebieden Amsterdam,BHWPDICHT,Economie,werkzame personen totaal per hectare,"Aantal werkzame personen (minstens 12 uur) in het gebied per hectare.
Sinds 2022 heeft O&S de methodiek overgenomen van LISA, het landelijke vestigings- en banenregister, om het aantal banen en vestigingen per jaar te bepalen. De peildatum is bovendien 1 april en niet meer 1 januari. De cijfers tot en met 2011 zijn gebaseerd op de oude methode van O&S, toen de cijfers nog werden gebaseerd op het ARRA-bestand. Vanaf 2012 is de nieuwe LISA-methode gehanteerd waardoor een vergelijking tussen de jaren na 2012 jaren wel mogelijk is. Er worden alleen gegevens verstrekt over gebieden met minimaal 5 vestigingen.",0 /ha,,1 januari,LISA,Amsterdam: stadsdeel/GGW-gebied/wijk/buurt en overige indelingen,,
Amsterdam O&S BBGA,BBGA,Basisbestand Gebieden Amsterdam,BHWPU,Economie,werkzame personen U: extraterritoriale organisaties,"Aantal personen die voor 12 uur of meer per week werkzaam zijn bij vestigingen met de sectiecode U: Extraterritoriale organisaties en lichamen.
Sinds 2022 heeft O&S de methodiek overgenomen van LISA, het landelijke vestigings- en banenregister, om het aantal banen en vestigingen per jaar te bepalen. De peildatum is bovendien 1 april en niet meer 1 januari. De cijfers tot en met 2011 zijn gebaseerd op de oude methode van O&S, toen de cijfers nog werden gebaseerd op het ARRA-bestand. Vanaf 2012 is de nieuwe LISA-methode gehanteerd waardoor een vergelijking tussen de jaren na 2012 jaren wel mogelijk is. Sinds 1 juli 2008 zijn ook vrije beroepen verplicht zich in te schrijven in het Handelregister. In 2008 leidde dit tot een toename van het aantal geregistreerde artsen en advocaten en in 2009 van de creatieve beroepen. Er worden alleen gegevens verstrekt over gebieden met minimaal 5 vestigingen. Percentages hoger dan 90 procent zijn afgerond naar 90 procent.",0,,1 april,LISA,Amsterdam: stadsdeel/GGW-gebied/wijk/buurt en overige indelingen,,
Amsterdam O&S BBGA,BBGA,Basisbestand Gebieden Amsterdam,BHWPU_P,Economie,werkzame personen U: extraterritoriale organisaties (%),"Aandeel van het totaal aantal werkzame personen dat voor 12 uur of meer per week werkzaam is bij een vestiging met de sectiecode U: Extraterritoriale organisaties en lichamen.
Sinds 2022 heeft O&S de methodiek overgenomen van LISA, het landelijke vestigings- en banenregister, om het aantal banen en vestigingen per jaar te bepalen. De peildatum is bovendien 1 april en niet meer 1 januari. De cijfers tot en met 2011 zijn gebaseerd op de oude methode van O&S, toen de cijfers nog werden gebaseerd op het ARRA-bestand. Vanaf 2012 is de nieuwe LISA-methode gehanteerd waardoor een vergelijking tussen de jaren na 2012 jaren wel mogelijk is. Sinds 1 juli 2008 zijn ook vrije beroepen verplicht zich in te schrijven in het Handelregister. In 2008 leidde dit tot een toename van het aantal geregistreerde artsen en advocaten en in 2009 van de creatieve beroepen. Er worden alleen gegevens verstrekt over gebieden met minimaal 5 vestigingen. Percentages hoger dan 90 procent zijn afgerond naar 90 procent.",0 %,,1 april,LISA,Amsterdam: stadsdeel/GGW-gebied/wijk/buurt en overige indelingen,,
Amsterdam O&S BBGA,BBGA,Basisbestand Gebieden Amsterdam,BHWP_ZDVL,Economie,werkzame personen zakelijke dienstverlening,"Aantal werkzame personen (minstens 12 uur per week) in de sector zakelijke dienstverlening.
Sinds 2022 heeft O&S de methodiek overgenomen van LISA, het landelijke vestigings- en banenregister, om het aantal banen en vestigingen per jaar te bepalen. De peildatum is bovendien 1 april en niet meer 1 januari. De cijfers tot en met 2011 zijn gebaseerd op de oude methode van O&S, toen de cijfers nog werden gebaseerd op het ARRA-bestand. Vanaf 2012 is de nieuwe LISA-methode gehanteerd waardoor een vergelijking tussen de jaren na 2012 jaren wel mogelijk is. Er worden alleen gegevens verstrekt over gebieden met minimaal 5 vestigingen.",0,,1 april,LISA,Amsterdam: stadsdeel/GGW-gebied/wijk/buurt en overige indelingen,,
Amsterdam O&S BBGA,BBGA,Basisbestand Gebieden Amsterdam,BHWP_ZDVL_P,Economie,werkzame personen zakelijke dienstverlening (%),"Percentage werkzame personen (minstens 12 uur per week) in de sector zakelijke dienstverlening.
Sinds 2022 heeft O&S de methodiek overgenomen van LISA, het landelijke vestigings- en banenregister, om het aantal banen en vestigingen per jaar te bepalen. De peildatum is bovendien 1 april en niet meer 1 januari. De cijfers tot en met 2011 zijn gebaseerd op de oude methode van O&S, toen de cijfers nog werden gebaseerd op het ARRA-bestand. Vanaf 2012 is de nieuwe LISA-methode gehanteerd waardoor een vergelijking tussen de jaren na 2012 jaren wel mogelijk is. Er worden alleen gegevens verstrekt over gebieden met minimaal 5 vestigingen.",0 %,,1 april,LISA,Amsterdam: stadsdeel/GGW-gebied/wijk/buurt en overige indelingen,,
Amsterdam O&S BBGA,BBGA,Basisbestand Gebieden Amsterdam,BHVEST_WINKVESTDG,Economie,Winkel: vestigingen dagelijkse goederen,"De deelfunctie 'winkelvestigingen dagelijkse goederen' wordt aan een vestiging toegekend op basis van de activiteitencode (SBI) waarmee deze vestiging is geregistreerd bij de Kamer van Koophandel. Een vestiging is een locatie van een door de Kamer van Koophandel geregistreerde onderneming waarin of van waaruit een economische activiteit wordt uitgeoefend voor minimaal 12 uur per week door minimaal 1 werkzaam persoon.
Sinds 2022 heeft O&S de methodiek overgenomen van LISA, het landelijke vestigings- en banenregister, om het aantal banen en vestigingen per jaar te bepalen. De peildatum is bovendien 1 april en niet meer 1 januari. De cijfers tot en met 2011 zijn gebaseerd op de oude methode van O&S, toen de cijfers nog werden gebaseerd op het ARRA-bestand. Vanaf 2012 is de nieuwe LISA-methode gehanteerd waardoor een vergelijking tussen de jaren na 2012 jaren wel mogelijk is. Sinds 1 juli 2008 zijn ook vrije beroepen verplicht zich in te schrijven in het Handelregister. In 2008 leidde dit tot een toename van het aantal geregistreerde artsen en advocaten en in 2009 van de creatieve beroepen. Er worden alleen gegevens verstrekt over gebieden met minimaal 5 vestigingen. Percentages hoger dan 90 procent zijn afgerond naar 90 procent. Waarden van 1, 2, 3 of 4 zijn afgerond naar 5.",0,,1 april,LISA,Amsterdam: stadsdeel/GGW-gebied/wijk/buurt en overige indelingen,,
Amsterdam O&S BBGA,BBGA,Basisbestand Gebieden Amsterdam,BHVEST_WINKVESTNDG,Economie,Winkel: vestigingen niet-dagelijks,"De deelfunctie 'winkelvestigingen niet-dagelijkse goederen' wordt aan een vestiging toegekend op basis van de activiteitencode (SBI) waarmee deze vestiging is geregistreerd bij de Kamer van Koophandel. Een vestiging is een locatie van een door de Kamer van Koophandel geregistreerde onderneming waarin of van waaruit een economische activiteit wordt uitgeoefend voor minimaal 12 uur per week door minimaal 1 werkzaam persoon.
Sinds 2022 heeft O&S de methodiek overgenomen van LISA, het landelijke vestigings- en banenregister, om het aantal banen en vestigingen per jaar te bepalen. De peildatum is bovendien 1 april en niet meer 1 januari. De cijfers tot en met 2011 zijn gebaseerd op de oude methode van O&S, toen de cijfers nog werden gebaseerd op het ARRA-bestand. Vanaf 2012 is de nieuwe LISA-methode gehanteerd waardoor een vergelijking tussen de jaren na 2012 jaren wel mogelijk is. Sinds 1 juli 2008 zijn ook vrije beroepen verplicht zich in te schrijven in het Handelregister. In 2008 leidde dit tot een toename van het aantal geregistreerde artsen en advocaten en in 2009 van de creatieve beroepen. Er worden alleen gegevens verstrekt over gebieden met minimaal 5 vestigingen. Percentages hoger dan 90 procent zijn afgerond naar 90 procent. Waarden van 1, 2, 3 of 4 zijn afgerond naar 5.",0,,1 april,LISA,Amsterdam: stadsdeel/GGW-gebied/wijk/buurt en overige indelingen,,
Amsterdam O&S BBGA,BBGA,Basisbestand Gebieden Amsterdam,BHVEST_WINK,Economie,Winkel: vestigingen totaal,"De hoofdfunctie 'winkel' wordt aan een vestiging toegekend op basis van de activiteitencode (SBI) waarmee deze vestiging is geregistreerd bij de Kamer van Koophandel. Dit zijn vestigingen met de SBI-codes van: detailhandel in voedings- en genotmiddelen en overige detailhandel (47 (exclusief 479) en 45194, 74202, 7722, 77292, 96021 en 96022). Een vestiging is een locatie van een door de Kamer van Koophandel geregistreerde onderneming waarin of van waaruit een economische activiteit wordt uitgeoefend voor minimaal 12 uur per week door minimaal 1 werkzaam persoon.
Sinds 2022 heeft O&S de methodiek overgenomen van LISA, het landelijke vestigings- en banenregister, om het aantal banen en vestigingen per jaar te bepalen. De peildatum is bovendien 1 april en niet meer 1 januari. De cijfers tot en met 2011 zijn gebaseerd op de oude methode van O&S, toen de cijfers nog werden gebaseerd op het ARRA-bestand. Vanaf 2012 is de nieuwe LISA-methode gehanteerd waardoor een vergelijking tussen de jaren na 2012 jaren wel mogelijk is. Sinds 1 juli 2008 zijn ook vrije beroepen verplicht zich in te schrijven in het Handelregister. In 2008 leidde dit tot een toename van het aantal geregistreerde artsen en advocaten en in 2009 van de creatieve beroepen. Er worden alleen gegevens verstrekt over gebieden met minimaal 5 vestigingen. Percentages hoger dan 90 procent zijn afgerond naar 90 procent. Waarden van 1, 2, 3 of 4 zijn afgerond naar 5.",0,,1 april,LISA,Amsterdam: stadsdeel/GGW-gebied/wijk/buurt en overige indelingen,,
Amsterdam O&S BBGA,BBGA,Basisbestand Gebieden Amsterdam,BHVEST_WINK_P,Economie,Winkel: vestigingen totaal (%),"Aandeel van de vestigingen met de hoofdfunctie Winkel. De hoofdfunctie 'winkel' wordt aan een vestiging toegekend op basis van de activiteitencode (SBI) waarmee deze vestiging is geregistreerd bij de Kamer van Koophandel. Dit zijn vestigingen met de SBI-codes van: detailhandel in voedings- en genotmiddelen en overige detailhandel (47 (exclusief 479) en 45194, 74202, 7722, 77292, 96021 en 96022). Een vestiging is een locatie van een door de Kamer van Koophandel geregistreerde onderneming waarin of van waaruit een economische activiteit wordt uitgeoefend voor minimaal 12 uur per week door minimaal 1 werkzaam persoon.
Sinds 2022 heeft O&S de methodiek overgenomen van LISA, het landelijke vestigings- en banenregister, om het aantal banen en vestigingen per jaar te bepalen. De peildatum is bovendien 1 april en niet meer 1 januari. De cijfers tot en met 2011 zijn gebaseerd op de oude methode van O&S, toen de cijfers nog werden gebaseerd op het ARRA-bestand. Vanaf 2012 is de nieuwe LISA-methode gehanteerd waardoor een vergelijking tussen de jaren na 2012 jaren wel mogelijk is. Sinds 1 juli 2008 zijn ook vrije beroepen verplicht zich in te schrijven in het Handelregister. In 2008 leidde dit tot een toename van het aantal geregistreerde artsen en advocaten en in 2009 van de creatieve beroepen. Er worden alleen gegevens verstrekt over gebieden met minimaal 5 vestigingen. Percentages hoger dan 90 procent zijn afgerond naar 90 procent. Waarden van 1, 2, 3 of 4 zijn afgerond naar 5.",0 %,,1 april,LISA,Amsterdam: stadsdeel/GGW-gebied/wijk/buurt en overige indelingen,,
Amsterdam O&S BBGA,BBGA,Basisbestand Gebieden Amsterdam,BHWP_WINKVESTDG,Economie,Winkel: werkzame personen dagelijkse goederen,"Personen die voor 12 uur of meer per week werkzaam zijn bij vestigingen met de deelfunctie 'winkels dagelijkse goederen'.
Sinds 2022 heeft O&S de methodiek overgenomen van LISA, het landelijke vestigings- en banenregister, om het aantal banen en vestigingen per jaar te bepalen. De peildatum is bovendien 1 april en niet meer 1 januari. De cijfers tot en met 2011 zijn gebaseerd op de oude methode van O&S, toen de cijfers nog werden gebaseerd op het ARRA-bestand. Vanaf 2012 is de nieuwe LISA-methode gehanteerd waardoor een vergelijking tussen de jaren na 2012 jaren wel mogelijk is. Sinds 1 juli 2008 zijn ook vrije beroepen verplicht zich in te schrijven in het Handelregister. In 2008 leidde dit tot een toename van het aantal geregistreerde artsen en advocaten en in 2009 van de creatieve beroepen. Er worden alleen gegevens verstrekt over gebieden met minimaal 5 vestigingen. Percentages hoger dan 90 procent zijn afgerond naar 90 procent. Waarden van 1, 2, 3 of 4 zijn afgerond naar 5.",0,,1 april,LISA,Amsterdam: stadsdeel/GGW-gebied/wijk/buurt en overige indelingen,,
Amsterdam O&S BBGA,BBGA,Basisbestand Gebieden Amsterdam,BHWP_WINKVESTNDG,Economie,Winkel: werkzame personen niet-dagelijkse goederen,"Personen die voor 12 uur of meer per week werkzaam zijn bij vestigingen met de deelfunctie 'winkels niet-dagelijkse goederen'.
Sinds 2022 heeft O&S de methodiek overgenomen van LISA, het landelijke vestigings- en banenregister, om het aantal banen en vestigingen per jaar te bepalen. De peildatum is bovendien 1 april en niet meer 1 januari. De cijfers tot en met 2011 zijn gebaseerd op de oude methode van O&S, toen de cijfers nog werden gebaseerd op het ARRA-bestand. Vanaf 2012 is de nieuwe LISA-methode gehanteerd waardoor een vergelijking tussen de jaren na 2012 jaren wel mogelijk is. Sinds 1 juli 2008 zijn ook vrije beroepen verplicht zich in te schrijven in het Handelregister. In 2008 leidde dit tot een toename van het aantal geregistreerde artsen en advocaten en in 2009 van de creatieve beroepen. Er worden alleen gegevens verstrekt over gebieden met minimaal 5 vestigingen. Percentages hoger dan 90 procent zijn afgerond naar 90 procent. Waarden van 1, 2, 3 of 4 zijn afgerond naar 5.",0,,1 april,LISA,Amsterdam: stadsdeel/GGW-gebied/wijk/buurt en overige indelingen,,
Amsterdam O&S BBGA,BBGA,Basisbestand Gebieden Amsterdam,BHWP_WINK,Economie,Winkel: werkzame personen totaal,"Personen die voor 12 uur of meer per week werkzaam zijn bij vestigingen met de hoofdfunctie 'winkel'. Dit zijn vestigingen met de SBI-codes van: detailhandel in voedings- en genotmiddelen en overige detailhandel. Het aantal werkzame personen wordt bepaald op een peildatum.
Sinds 2022 heeft O&S de methodiek overgenomen van LISA, het landelijke vestigings- en banenregister, om het aantal banen en vestigingen per jaar te bepalen. De peildatum is bovendien 1 april en niet meer 1 januari. De cijfers tot en met 2011 zijn gebaseerd op de oude methode van O&S, toen de cijfers nog werden gebaseerd op het ARRA-bestand. Vanaf 2012 is de nieuwe LISA-methode gehanteerd waardoor een vergelijking tussen de jaren na 2012 jaren wel mogelijk is. Sinds 1 juli 2008 zijn ook vrije beroepen verplicht zich in te schrijven in het Handelregister. In 2008 leidde dit tot een toename van het aantal geregistreerde artsen en advocaten en in 2009 van de creatieve beroepen. Er worden alleen gegevens verstrekt over gebieden met minimaal 5 vestigingen. Percentages hoger dan 90 procent zijn afgerond naar 90 procent. Waarden van 1, 2, 3 of 4 zijn afgerond naar 5.",0,,1 april,LISA,Amsterdam: stadsdeel/GGW-gebied/wijk/buurt en overige indelingen,,
Amsterdam O&S BBGA,BBGA,Basisbestand Gebieden Amsterdam,BHWP_WINK_P,Economie,Winkel: werkzame personen totaal (%),"Personen die voor 12 uur of meer per week werkzaam zijn bij vestigingen met de hoofdfunctie 'winkel'. Dit zijn vestigingen met de SBI-codes van: detailhandel in voedings- en genotmiddelen en overige detailhandel. Het aantal werkzame personen wordt bepaald op een peildatum.
Sinds 2022 heeft O&S de methodiek overgenomen van LISA, het landelijke vestigings- en banenregister, om het aantal banen en vestigingen per jaar te bepalen. De peildatum is bovendien 1 april en niet meer 1 januari. De cijfers tot en met 2011 zijn gebaseerd op de oude methode van O&S, toen de cijfers nog werden gebaseerd op het ARRA-bestand. Vanaf 2012 is de nieuwe LISA-methode gehanteerd waardoor een vergelijking tussen de jaren na 2012 jaren wel mogelijk is. Sinds 1 juli 2008 zijn ook vrije beroepen verplicht zich in te schrijven in het Handelregister. In 2008 leidde dit tot een toename van het aantal geregistreerde artsen en advocaten en in 2009 van de creatieve beroepen. Er worden alleen gegevens verstrekt over gebieden met minimaal 5 vestigingen. Percentages hoger dan 90 procent zijn afgerond naar 90 procent. Waarden van 1, 2, 3 of 4 zijn afgerond naar 5.",0 %,,1 april,LISA,Amsterdam: stadsdeel/GGW-gebied/wijk/buurt en overige indelingen,,
Amsterdam O&S BBGA,BBGA,Basisbestand Gebieden Amsterdam,BHWIN_HOR_R,Economie,winkelgebied: aanbod daghoreca (1-10),"aanbod van daghoreca  winkelgebied waar bewoners normaliter hun boodschappen doen - rapportcijfers (1 is heel slecht - 10 is heel goed).
er wordt alleen gerapporteerd over gebieden met minstens 20 respondenten.",0,,1 januari,"Monitor Detailhandel, O&S",Amsterdam: stadsdeel/GGW-gebied/wijk/buurt en overige indelingen,,
Amsterdam O&S BBGA,BBGA,Basisbestand Gebieden Amsterdam,BHWIN_BER_R,Economie,winkelgebied: bereikbaarheid (1-10),"algemene bereikbaarheid winkelgebied waar bewoners normaliter hun boodschappen doen - rapportcijfers (1 is heel slecht - 10 is heel goed).
er wordt alleen gerapporteerd over gebieden met minstens 20 respondenten.",0,,1 januari,"Monitor Detailhandel, O&S",Amsterdam: stadsdeel/GGW-gebied/wijk/buurt en overige indelingen,,
Amsterdam O&S BBGA,BBGA,Basisbestand Gebieden Amsterdam,BHWIN_BIO_R,Economie,winkelgebied: biologische aanbod food winkels (1-10),"biologische en duurzame aanbod bij food winkels winkelgebied waar bewoners normaliter hun boodschappen doen - rapportcijfers (1 is heel slecht - 10 is heel goed).
er wordt alleen gerapporteerd over gebieden met minstens 20 respondenten.",0,,1 januari,"Monitor Detailhandel, O&S",Amsterdam: stadsdeel/GGW-gebied/wijk/buurt en overige indelingen,,
Amsterdam O&S BBGA,BBGA,Basisbestand Gebieden Amsterdam,BHWIN_FOOD_R,Economie,winkelgebied: divers aanbod winkels dagelijkse boodschappen (1-10),"het diverse aanbod van food winkels winkelgebied waar bewoners normaliter hun boodschappen doen - rapportcijfers (1 is heel slecht - 10 is heel goed).
er wordt alleen gerapporteerd over gebieden met minstens 20 respondenten.",0,,1 januari,"Monitor Detailhandel, O&S",Amsterdam: stadsdeel/GGW-gebied/wijk/buurt en overige indelingen,,
Amsterdam O&S BBGA,BBGA,Basisbestand Gebieden Amsterdam,BHWIN_NONFOOD_R,Economie,winkelgebied: divers aanbod winkels niet-dagelijkse boodschappen (1-10),"het diverse aanbod van non-food winkels winkelgebied waar bewoners normaliter hun boodschappen doen - rapportcijfers (1 is heel slecht - 10 is heel goed).
er wordt alleen gerapporteerd over gebieden met minstens 20 respondenten.",0,,1 januari,"Monitor Detailhandel, O&S",Amsterdam: stadsdeel/GGW-gebied/wijk/buurt en overige indelingen,,
Amsterdam O&S BBGA,BBGA,Basisbestand Gebieden Amsterdam,BHWIN_DUURZ_R,Economie,winkelgebied: duurzame aanbod non-food-winkels (1-10),"het duurzame aanbod non-food-winkels winkelgebied waar bewoners normaliter hun boodschappen doen - rapportcijfers (1 is heel slecht - 10 is heel goed).
er wordt alleen gerapporteerd over gebieden met minstens 20 respondenten.",0,,1 januari,"Monitor Detailhandel, O&S",Amsterdam: stadsdeel/GGW-gebied/wijk/buurt en overige indelingen,,
Amsterdam O&S BBGA,BBGA,Basisbestand Gebieden Amsterdam,BHWIN_GEM_R,Economie,winkelgebied: gemiddeld (1-10),"gemiddeld rapportcijfer winkelgebieden (1 is heel slecht - 10 is heel goed).
er wordt alleen gerapporteerd over gebieden met minstens 20 respondenten.",0,,1 januari,"Monitor Detailhandel, O&S",Amsterdam: stadsdeel/GGW-gebied/wijk/buurt en overige indelingen,,
Amsterdam O&S BBGA,BBGA,Basisbestand Gebieden Amsterdam,BHWIN_HUURMAX,Economie,Winkelgebied: huurprijs hoogst geobserveerd per m2 wvo (euro's),hoogste geobserveerde huurprijs van leegstaand winkelvastgoed in een winkelgebied in euro's  per m2 wvo door Cushman and Wakefield vast gesteld,0,,1 januari,Winkelhuren Amsterdam,Amsterdam: stadsdeel/GGW-gebied/wijk/buurt en overige indelingen,,
Amsterdam O&S BBGA,BBGA,Basisbestand Gebieden Amsterdam,BHWIN_HUURMIN,Economie,Winkelgebied: huurprijs laagst geobserveerd per m2 wvo (euro's),laagste geobserveerde huurprijs van leegstaand winkelvastgoed in een winkelgebied in euro's  per m2 wvo door Cushman and Wakefield vast gesteld,0,,1 januari,Winkelhuren Amsterdam,Amsterdam: stadsdeel/GGW-gebied/wijk/buurt en overige indelingen,,
Amsterdam O&S BBGA,BBGA,Basisbestand Gebieden Amsterdam,BHWIN_INR_R,Economie,winkelgebied: inrichting (1-10),"inrichting van het winkelgebied waar bewoners normaliter hun boodschappen doen - rapportcijfers (1 is heel slecht - 10 is heel goed).
er wordt alleen gerapporteerd over gebieden met minstens 20 respondenten.",0,,1 januari,"Monitor Detailhandel, O&S",Amsterdam: stadsdeel/GGW-gebied/wijk/buurt en overige indelingen,,
Amsterdam O&S BBGA,BBGA,Basisbestand Gebieden Amsterdam,BHWIN_OVERL_HOR_R,Economie,winkelgebied: overlast horeca  (1-10),"overlast door horeca winkelgebied waar bewoners normaliter hun boodschappen doen - rapportcijfers (1 is heel slecht - 10 is heel goed).
er wordt alleen gerapporteerd over gebieden met minstens 20 respondenten.",0,,1 januari,"Monitor Detailhandel, O&S",Amsterdam: stadsdeel/GGW-gebied/wijk/buurt en overige indelingen,,
Amsterdam O&S BBGA,BBGA,Basisbestand Gebieden Amsterdam,BHWIN_OVERL_MENS_R,Economie,winkelgebied: overlast mensen (1-10),"overlast van andere mensen winkelgebied waar bewoners normaliter hun boodschappen doen - rapportcijfers (1 is heel slecht - 10 is heel goed).
er wordt alleen gerapporteerd over gebieden met minstens 20 respondenten.",0,,1 januari,"Monitor Detailhandel, O&S",Amsterdam: stadsdeel/GGW-gebied/wijk/buurt en overige indelingen,,
Amsterdam O&S BBGA,BBGA,Basisbestand Gebieden Amsterdam,BHWIN_OVERL_VERV_R,Economie,winkelgebied: overlast vervuiling  (1-10),"overlast door vervuiling winkelgebied waar bewoners normaliter hun boodschappen doen - rapportcijfers (1 is heel slecht - 10 is heel goed).
er wordt alleen gerapporteerd over gebieden met minstens 20 respondenten.",0,,1 januari,"Monitor Detailhandel, O&S",Amsterdam: stadsdeel/GGW-gebied/wijk/buurt en overige indelingen,,
Amsterdam O&S BBGA,BBGA,Basisbestand Gebieden Amsterdam,BHWIN_PARK_AUTO_R,Economie,winkelgebied: parkeermogelijkheden voor de auto (1-10),"parkeermogelijkheden voor auto winkelgebied waar bewoners normaliter hun boodschappen doen - rapportcijfers (1 is heel slecht - 10 is heel goed).
er wordt alleen gerapporteerd over gebieden met minstens 20 respondenten.",0,,1 januari,"Monitor Detailhandel, O&S",Amsterdam: stadsdeel/GGW-gebied/wijk/buurt en overige indelingen,,
Amsterdam O&S BBGA,BBGA,Basisbestand Gebieden Amsterdam,BHWIN_PARK_FIETS_R,Economie,winkelgebied: parkeermogelijkheden voor fiets  (1-10),"parkeermogelijkheden voor fiets winkelgebied waar bewoners normaliter hun boodschappen doen - rapportcijfers (1 is heel slecht - 10 is heel goed).
er wordt alleen gerapporteerd over gebieden met minstens 20 respondenten.",0,,1 januari,"Monitor Detailhandel, O&S",Amsterdam: stadsdeel/GGW-gebied/wijk/buurt en overige indelingen,,
Amsterdam O&S BBGA,BBGA,Basisbestand Gebieden Amsterdam,BHWIN_PRIJS_R,Economie,winkelgebied: prijsniveau (1-10),"algemeen prijsniveau winkelgebied waar bewoners normaliter hun boodschappen doen - rapportcijfers (1 is heel slecht - 10 is heel goed).
er wordt alleen gerapporteerd over gebieden met minstens 20 respondenten.",0,,1 januari,"Monitor Detailhandel, O&S",Amsterdam: stadsdeel/GGW-gebied/wijk/buurt en overige indelingen,,
Amsterdam O&S BBGA,BBGA,Basisbestand Gebieden Amsterdam,BHWIN_TOT_R,Economie,winkelgebied: rapportcijfer (1-10),"algemeen rapportcijfer winkelgebied waar bewoners normaliter hun boodschappen doen (1 is heel slecht - 10 is heel goed).
er wordt alleen gerapporteerd over gebieden met minstens 20 respondenten.",0,,1 januari,"Monitor Detailhandel, O&S",Amsterdam: stadsdeel/GGW-gebied/wijk/buurt en overige indelingen,,
Amsterdam O&S BBGA,BBGA,Basisbestand Gebieden Amsterdam,BHWIN_SCHOON_R,Economie,winkelgebied: schoon (1-10),"het schoonhouden van straten en stoepen winkelgebied waar bewoners normaliter hun boodschappen doen - rapportcijfers (1 is heel slecht - 10 is heel goed).
er wordt alleen gerapporteerd over gebieden met minstens 20 respondenten.",0,,1 januari,"Monitor Detailhandel, O&S",Amsterdam: stadsdeel/GGW-gebied/wijk/buurt en overige indelingen,,
Amsterdam O&S BBGA,BBGA,Basisbestand Gebieden Amsterdam,BHWIN_GEZ_R,Economie,winkelgebied: sfeer (1-10),"sfeer en gezelligheid winkelgebied waar bewoners normaliter hun boodschappen doen - rapportcijfers (1 is heel slecht - 10 is heel goed).
er wordt alleen gerapporteerd over gebieden met minstens 20 respondenten.",0,,1 januari,"Monitor Detailhandel, O&S",Amsterdam: stadsdeel/GGW-gebied/wijk/buurt en overige indelingen,,
Amsterdam O&S BBGA,BBGA,Basisbestand Gebieden Amsterdam,BHWIN_UIT_R,Economie,winkelgebied: uiterlijk winkels (1-10),"het uiterlijk van winkels winkelgebied waar bewoners normaliter hun boodschappen doen - rapportcijfers (1 is heel slecht - 10 is heel goed).
er wordt alleen gerapporteerd over gebieden met minstens 20 respondenten.",0,,1 januari,"Monitor Detailhandel, O&S",Amsterdam: stadsdeel/GGW-gebied/wijk/buurt en overige indelingen,,
Amsterdam O&S BBGA,BBGA,Basisbestand Gebieden Amsterdam,BHWIN_VEIL_AVOND_R,Economie,winkelgebied: veiligheid avond (1-10),"veiligheid winkelomgeving in de avond winkelgebied waar bewoners normaliter hun boodschappen doen - rapportcijfers (1 is heel slecht - 10 is heel goed).
er wordt alleen gerapporteerd over gebieden met minstens 20 respondenten.",0,,1 januari,"Monitor Detailhandel, O&S",Amsterdam: stadsdeel/GGW-gebied/wijk/buurt en overige indelingen,,
Amsterdam O&S BBGA,BBGA,Basisbestand Gebieden Amsterdam,BHWIN_VEIL_DAG_R,Economie,winkelgebied: veiligheid overdag (1-10),"veiligheid winkelomgeving overdag winkelgebied waar bewoners normaliter hun boodschappen doen - rapportcijfers (1 is heel slecht - 10 is heel goed).
er wordt alleen gerapporteerd over gebieden met minstens 20 respondenten.",0,,1 januari,"Monitor Detailhandel, O&S",Amsterdam: stadsdeel/GGW-gebied/wijk/buurt en overige indelingen,,
Amsterdam O&S BBGA,BBGA,Basisbestand Gebieden Amsterdam,BHVESTAIRBNB,Economie,Woningen: aanbod Airbnb,Aantal accommodaties (woning of kamer) dat minstens een keer in het peiljaar is aangeboden op het platform Airbnb.,0,,jaarcijfer,Wonen handhaving en toezicht,Amsterdam: stadsdeel/GGW-gebied/wijk/buurt en overige indelingen,,
Amsterdam O&S BBGA,BBGA,Basisbestand Gebieden Amsterdam,BHVESTAIRBNB_1000WON,Economie,Woningen: aanbod Airbnb per 1.000 woningen,Aantal accommodaties (woning of kamer) dat minstens een keer in het peiljaar aangeboden is op het platform Airbnb per 1.000 woningen.,0 /1.000 woningen,,jaarcijfer,Wonen handhaving en toezicht,Amsterdam: stadsdeel/GGW-gebied/wijk/buurt en overige indelingen,,
Amsterdam O&S BBGA,BBGA,Basisbestand Gebieden Amsterdam,BHLOCOPPDIENSTEN,Economie,wvo in m2 aanbieders van diensten,"Locatus geeft aan dat een verkooppunt een onderneming of instelling is met een publiek toegankelijke ruimte waar producten of diensten aangeboden en verhandeld worden. Dit kunnen winkels, kapperzaken of restaurants zijn, maar ook sauna's, makelaarskantoren en musea. De winkelvloeroppervlakte is de oppervlakte van een verkooppunt die voor het publiek toegankelijk is.
De dataverzameling vindt plaatst op basis van observatieonderzoek in de winkelgebieden in Amsterdam aangevuld met desk research.",0 /m2,,1 januari,Locatus,Amsterdam: stadsdeel/GGW-gebied/wijk/buurt en overige indelingen,,
Amsterdam O&S BBGA,BBGA,Basisbestand Gebieden Amsterdam,BHLOCOPPCOFFEESHOPS,Economie,wvo in m2 coffeeshops,"Locatus geeft aan dat een verkooppunt een onderneming of instelling is met een publiek toegankelijke ruimte waar producten of diensten aangeboden en verhandeld worden. Dit kunnen winkels, kapperzaken of restaurants zijn, maar ook sauna's, makelaarskantoren en musea. De winkelvloeroppervlakte is de oppervlakte van een verkooppunt die voor het publiek toegankelijk is.
De dataverzameling vindt plaatst op basis van observatieonderzoek in de winkelgebieden in Amsterdam aangevuld met desk research.",0 /m2,,1 januari,Locatus,Amsterdam: stadsdeel/GGW-gebied/wijk/buurt en overige indelingen,,
Amsterdam O&S BBGA,BBGA,Basisbestand Gebieden Amsterdam,BHLOCOPPDET,Economie,wvo in m2 detailhandel,"Locatus geeft aan dat een verkooppunt een onderneming of instelling is met een publiek toegankelijke ruimte waar producten of diensten aangeboden en verhandeld worden. Dit kunnen winkels, kapperzaken of restaurants zijn, maar ook sauna's, makelaarskantoren en musea. De winkelvloeroppervlakte is de oppervlakte van een verkooppunt die voor het publiek toegankelijk is.
De dataverzameling vindt plaatst op basis van observatieonderzoek in de winkelgebieden in Amsterdam aangevuld met desk research.",0 /m2,,1 januari,Locatus,Amsterdam: stadsdeel/GGW-gebied/wijk/buurt en overige indelingen,,
Amsterdam O&S BBGA,BBGA,Basisbestand Gebieden Amsterdam,BHLOCOPPDAGELIJKS,Economie,wvo in m2 detailhandel dagelijks,"Locatus geeft aan dat een verkooppunt een onderneming of instelling is met een publiek toegankelijke ruimte waar producten of diensten aangeboden en verhandeld worden. Dit kunnen winkels, kapperzaken of restaurants zijn, maar ook sauna's, makelaarskantoren en musea. De winkelvloeroppervlakte is de oppervlakte van een verkooppunt die voor het publiek toegankelijk is.
De dataverzameling vindt plaatst op basis van observatieonderzoek in de winkelgebieden in Amsterdam aangevuld met desk research.",0 /m2,,1 januari,Locatus,Amsterdam: stadsdeel/GGW-gebied/wijk/buurt en overige indelingen,,
Amsterdam O&S BBGA,BBGA,Basisbestand Gebieden Amsterdam,BHLOCOPPDG_1000INW,Economie,wvo in m2 detailhandel dagelijks per 1.000 inw.,"Locatus geeft aan dat een verkooppunt een onderneming of instelling is met een publiek toegankelijke ruimte waar producten of diensten aangeboden en verhandeld worden. Dit kunnen winkels, kapperzaken of restaurants zijn, maar ook sauna's, makelaarskantoren en musea. De winkelvloeroppervlakte is de oppervlakte van een verkooppunt die voor het publiek toegankelijk is.
De dataverzameling vindt plaatst op basis van observatieonderzoek in de winkelgebieden in Amsterdam aangevuld met desk research.",0 /1.000 inwoners,,1 januari,Locatus,Amsterdam: stadsdeel/GGW-gebied/wijk/buurt en overige indelingen,,
Amsterdam O&S BBGA,BBGA,Basisbestand Gebieden Amsterdam,BHLOCOPPDET_1000INW,Economie,wvo in m2 detailhandel per 1.000 inwoners,"Locatus geeft aan dat een verkooppunt een onderneming of instelling is met een publiek toegankelijke ruimte waar producten of diensten aangeboden en verhandeld worden. Dit kunnen winkels, kapperzaken of restaurants zijn, maar ook sauna's, makelaarskantoren en musea. De winkelvloeroppervlakte is de oppervlakte van een verkooppunt die voor het publiek toegankelijk is.
De dataverzameling vindt plaatst op basis van observatieonderzoek in de winkelgebieden in Amsterdam aangevuld met desk research.",0 /1.000 inwoners,,1 januari,Locatus,Amsterdam: stadsdeel/GGW-gebied/wijk/buurt en overige indelingen,,
Amsterdam O&S BBGA,BBGA,Basisbestand Gebieden Amsterdam,BHLOCOPPHORECA,Economie,"wvo in m2 hotels, restaurants, cafÃ©s","Locatus geeft aan dat een verkooppunt een onderneming of instelling is met een publiek toegankelijke ruimte waar producten of diensten aangeboden en verhandeld worden. Dit kunnen winkels, kapperzaken of restaurants zijn, maar ook sauna's, makelaarskantoren en musea. De winkelvloeroppervlakte is de oppervlakte van een verkooppunt die voor het publiek toegankelijk is.
De dataverzameling vindt plaatst op basis van observatieonderzoek in de winkelgebieden in Amsterdam aangevuld met desk research.",0 /m2,,1 januari,Locatus,Amsterdam: stadsdeel/GGW-gebied/wijk/buurt en overige indelingen,,
Amsterdam O&S BBGA,BBGA,Basisbestand Gebieden Amsterdam,BHLOCOPPINENOMHUIS,Economie,wvo in m2 huishoudelijke artikelen,"Locatus geeft aan dat een verkooppunt een onderneming of instelling is met een publiek toegankelijke ruimte waar producten of diensten aangeboden en verhandeld worden. Dit kunnen winkels, kapperzaken of restaurants zijn, maar ook sauna's, makelaarskantoren en musea. De winkelvloeroppervlakte is de oppervlakte van een verkooppunt die voor het publiek toegankelijk is.
De dataverzameling vindt plaatst op basis van observatieonderzoek in de winkelgebieden in Amsterdam aangevuld met desk research.",0 /m2,,1 januari,Locatus,Amsterdam: stadsdeel/GGW-gebied/wijk/buurt en overige indelingen,,
Amsterdam O&S BBGA,BBGA,Basisbestand Gebieden Amsterdam,BHLOCOPPCULTONT,Economie,wvo in m2 instellingen cultuur en onstpanning,"Locatus geeft aan dat een verkooppunt een onderneming of instelling is met een publiek toegankelijke ruimte waar producten of diensten aangeboden en verhandeld worden. Dit kunnen winkels, kapperzaken of restaurants zijn, maar ook sauna's, makelaarskantoren en musea. De winkelvloeroppervlakte is de oppervlakte van een verkooppunt die voor het publiek toegankelijk is.
De dataverzameling vindt plaatst op basis van observatieonderzoek in de winkelgebieden in Amsterdam aangevuld met desk research.",0 /m2,,1 januari,Locatus,Amsterdam: stadsdeel/GGW-gebied/wijk/buurt en overige indelingen,,
Amsterdam O&S BBGA,BBGA,Basisbestand Gebieden Amsterdam,BHLOCOPPLEEGSTAND,Economie,wvo in m2 leegstaand,"Locatus geeft aan dat een verkooppunt een onderneming of instelling is met een publiek toegankelijke ruimte waar producten of diensten aangeboden en verhandeld worden. Dit kunnen winkels, kapperzaken of restaurants zijn, maar ook sauna's, makelaarskantoren en musea. De winkelvloeroppervlakte is de oppervlakte van een verkooppunt die voor het publiek toegankelijk is.
De dataverzameling vindt plaatst op basis van observatieonderzoek in de winkelgebieden in Amsterdam aangevuld met desk research.",0 /m2,,1 januari,Locatus,Amsterdam: stadsdeel/GGW-gebied/wijk/buurt en overige indelingen,,
Amsterdam O&S BBGA,BBGA,Basisbestand Gebieden Amsterdam,BHLOCOPPLEEGSTAND_P,Economie,wvo in m2 leegstaand (%),"Locatus geeft aan dat een verkooppunt een onderneming of instelling is met een publiek toegankelijke ruimte waar producten of diensten aangeboden en verhandeld worden. Dit kunnen winkels, kapperzaken of restaurants zijn, maar ook sauna's, makelaarskantoren en musea. De winkelvloeroppervlakte is de oppervlakte van een verkooppunt die voor het publiek toegankelijk is
De dataverzameling vindt plaatst op basis van observatieonderzoek in de winkelgebieden in Amsterdam aangevuld met desk research.",0 %,,,Locatus,Amsterdam: stadsdeel/GGW-gebied/wijk/buurt en overige indelingen,,
Amsterdam O&S BBGA,BBGA,Basisbestand Gebieden Amsterdam,BHLOCOPPMODELUXE,Economie,wvo in m2 mode- en luxeartikelen,"Locatus geeft aan dat een verkooppunt een onderneming of instelling is met een publiek toegankelijke ruimte waar producten of diensten aangeboden en verhandeld worden. Dit kunnen winkels, kapperzaken of restaurants zijn, maar ook sauna's, makelaarskantoren en musea. De winkelvloeroppervlakte is de oppervlakte van een verkooppunt die voor het publiek toegankelijk is.
De dataverzameling vindt plaatst op basis van observatieonderzoek in de winkelgebieden in Amsterdam aangevuld met desk research.",0 /m2,,1 januari,Locatus,Amsterdam: stadsdeel/GGW-gebied/wijk/buurt en overige indelingen,,
Amsterdam O&S BBGA,BBGA,Basisbestand Gebieden Amsterdam,BHLOCOPPDETOVERIG,Economie,wvo in m2 overige artikelen,"Locatus geeft aan dat een verkooppunt een onderneming of instelling is met een publiek toegankelijke ruimte waar producten of diensten aangeboden en verhandeld worden. Dit kunnen winkels, kapperzaken of restaurants zijn, maar ook sauna's, makelaarskantoren en musea. De winkelvloeroppervlakte is de oppervlakte van een verkooppunt die voor het publiek toegankelijk is.
De dataverzameling vindt plaatst op basis van observatieonderzoek in de winkelgebieden in Amsterdam aangevuld met desk research.",0 /m2,,1 januari,Locatus,Amsterdam: stadsdeel/GGW-gebied/wijk/buurt en overige indelingen,,
Amsterdam O&S BBGA,BBGA,Basisbestand Gebieden Amsterdam,BHLOCOPP,Economie,wvo in m2 verkooppunten,"Locatus geeft aan dat een verkooppunt een onderneming of instelling is met een publiek toegankelijke ruimte waar producten of diensten aangeboden en verhandeld worden. Dit kunnen winkels, kapperzaken of restaurants zijn, maar ook sauna's, makelaarskantoren en musea. De winkelvloeroppervlakte is de oppervlakte van een verkooppunt die voor het publiek toegankelijk is.
De dataverzameling vindt plaatst op basis van observatieonderzoek in de winkelgebieden in Amsterdam aangevuld met desk research.",0 /m2,,,Locatus,Amsterdam: stadsdeel/GGW-gebied/wijk/buurt en overige indelingen,,
Amsterdam O&S BBGA,BBGA,Basisbestand Gebieden Amsterdam,BHLOCOPPVRIJETIJD,Economie,wvo in m2 vrijetijdsartikelen,"Locatus geeft aan dat een verkooppunt een onderneming of instelling is met een publiek toegankelijke ruimte waar producten of diensten aangeboden en verhandeld worden. Dit kunnen winkels, kapperzaken of restaurants zijn, maar ook sauna's, makelaarskantoren en musea. De winkelvloeroppervlakte is de oppervlakte van een verkooppunt die voor het publiek toegankelijk is.
De dataverzameling vindt plaatst op basis van observatieonderzoek in de winkelgebieden in Amsterdam aangevuld met desk research.",0 /m2,,1 januari,Locatus,Amsterdam: stadsdeel/GGW-gebied/wijk/buurt en overige indelingen,,
Amsterdam O&S BBGA,BBGA,Basisbestand Gebieden Amsterdam,BHZZP,Economie,ZZP,"Aantal zelfstandigen zonder personeel (ZZP), oftewel het aantal vestigingen met 1 werkzame persoon en de rechtsvorm eenmanszaak.
Sinds 1 juli 2008 zijn ook vrije beroepen verplicht zich in te schrijven in het Handelregister. In 2008 leidde dit tot een toename van het aantal geregistreerde artsen en advocaten en in 2009 van de creatieve beroepen. Waarden van 1, 2, 3 of 4 zijn afgerond naar 5.
Sinds 2022 heeft O&S de methodiek overgenomen van LISA, het landelijke vestigings- en banenregister, om het aantal banen en vestigingen per jaar te bepalen. De peildatum is bovendien 1 april en niet meer 1 januari. De cijfers tot en met 2011 zijn gebaseerd op de oude methode van O&S, toen de cijfers nog werden gebaseerd op het ARRA-bestand. Vanaf 2012 is de nieuwe LISA-methode gehanteerd waardoor een vergelijking tussen de jaren na 2012 jaren wel mogelijk is.",0,,1 april,LISA,Amsterdam: stadsdeel/GGW-gebied/wijk/buurt en overige indelingen,,
Amsterdam O&S BBGA,BBGA,Basisbestand Gebieden Amsterdam,BHZZP_P,Economie,ZZP (% vestigingen),"Aandeel zelfstandigen zonder personeel (ZZP), oftewel het aantal vestigingen met 1 werkzame persoon en de rechtsvorm eenmanszaak, op het totaal aantal vestigingen.Sinds 1 juli 2008 zijn ook vrije beroepen verplicht zich in te schrijven in het Handelregister. In 2008 leidde dit tot een toename van het aantal geregistreerde artsen en advocaten en in 2009 van de creatieve beroepen. Percentages hoger dan 90 procent zijn afgerond naar 90 procent. Sinds 2022 heeft O&S de methodiek overgenomen van LISA, het landelijke vestigings- en banenregister, om het aantal banen en vestigingen per jaar te bepalen. De peildatum is bovendien 1 april en niet meer 1 januari. De cijfers tot en met 2011 zijn gebaseerd op de oude methode van O&S, toen de cijfers nog werden gebaseerd op het ARRA-bestand. Vanaf 2012 is de nieuwe LISA-methode gehanteerd waardoor een vergelijking tussen de jaren na 2012 jaren wel mogelijk is.",0 %,,1 april,LISA,Amsterdam: stadsdeel/GGW-gebied/wijk/buurt en overige indelingen,,
Amsterdam O&S BBGA,BBGA,Basisbestand Gebieden Amsterdam,ORGAFSPARK_M,Groen,Afstand tot parkachtig groen (m),"Gemiddelde fiets- of loopafstand in meter berekend over de weg tussen woningen en ingang van dichtsbijzijnde stadspark, stadsplantsoen of natuurpark.",0 m,,,"AAN, BGT, CBS-gebieden, Top10NL",Amsterdam: stadsdeel/GGW-gebied/wijk/buurt en overige indelingen,,
Amsterdam O&S BBGA,BBGA,Basisbestand Gebieden Amsterdam,ORGROEN_R,Groen,Buurt: aanbod groen (1-10),"Gemiddeld rapportcijfer dat bewoners geven als antwoord op de vraag: Wat vindt u van het aanbod van groenvoorzieningen in uw buurt? (1=ruim onvoldoende, 10= ruim voldoende).
Er wordt alleen gerapporteerd over gebieden met minstens 20 respondenten.",0,,1 april,"O&S, Wonen in Amsterdam",Amsterdam: stadsdeel/GGW-gebied/wijk/buurt en overige indelingen,,
Amsterdam O&S BBGA,BBGA,Basisbestand Gebieden Amsterdam,ORONDERHOUDGROEN_R,Groen,Buurt: onderhoud groen (1-10),"Gemiddeld rapportcijfer dat bewoners geven als antwoord op de vraag: Hoe beoordeelt u de staat van onderhoud van de groenvoorzieningen in uw buurt? (1= ruim onvoldoende, 10 = ruim voldoende).
Er wordt alleen gerapporteerd over gebieden met minstens 20 respondenten.",0,,1 april,"O&S, Wonen in Amsterdam",Amsterdam: stadsdeel/GGW-gebied/wijk/buurt en overige indelingen,,
Amsterdam O&S BBGA,BBGA,Basisbestand Gebieden Amsterdam,ORSCHOONGROEN_R,Groen,Buurt: Schoon groen (1-10),"Gemiddeld rapportcijfer dat bewoners geven als antwoord op de vraag: Hoe beoordeelt u het schoonhouden van de groenvoorzieningen in uw buurt? (1= ruim onvoldoende, 10 = ruim voldoende).
Er wordt alleen gerapporteerd over gebieden met minstens 20 respondenten.",0,,1 april,"O&S, Wonen in Amsterdam",Amsterdam: stadsdeel/GGW-gebied/wijk/buurt en overige indelingen,,
Amsterdam O&S BBGA,BBGA,Basisbestand Gebieden Amsterdam,ORAGRAGROEN,Groen,Oppervlakte agrarisch groen,Oppervlakte groen bedoeld voor agrarisch gebruik,0 ha,,,"AAN, BGT, CBS-gebieden, Top10NL",Amsterdam: stadsdeel/GGW-gebied/wijk/buurt en overige indelingen,,
Amsterdam O&S BBGA,BBGA,Basisbestand Gebieden Amsterdam,ORAGRAGROEN_P,Groen,Oppervlakte agrarisch groen (%),Percentage groen bedoeld voor agrarisch gebruik naar totale oppervlakte groen,0 %,,,BGT,Amsterdam: stadsdeel/GGW-gebied/wijk/buurt en overige indelingen,,
Amsterdam O&S BBGA,BBGA,Basisbestand Gebieden Amsterdam,ORBUURTGROEN,Groen,Oppervlakte buurtgroen,Oppervlakte buurtgroen bedoeld als stedelijke groenvoorziening voor recreatie en biodiversiteit,0 ha,,,BGT,Amsterdam: stadsdeel/GGW-gebied/wijk/buurt en overige indelingen,,
Amsterdam O&S BBGA,BBGA,Basisbestand Gebieden Amsterdam,ORBUURTGROEN_P,Groen,Oppervlakte buurtgroen (%),Percentage buurtgroen naar de totale oppervlakte groen bedoeld als stedelijke groenvoorziening voor recreatie en biodiversiteit,0 %,,,BGT,Amsterdam: stadsdeel/GGW-gebied/wijk/buurt en overige indelingen,,
Amsterdam O&S BBGA,BBGA,Basisbestand Gebieden Amsterdam,ORNTRGROEN,Groen,Oppervlakte natuurlijk groen,Oppervlakte natuurlijk groen met een hoge ecologische waarde,0 ha,,,BGT,Amsterdam: stadsdeel/GGW-gebied/wijk/buurt en overige indelingen,,
Amsterdam O&S BBGA,BBGA,Basisbestand Gebieden Amsterdam,ORNTRGROEN_P,Groen,Oppervlakte natuurlijk groen (%),Percentage natuurlijk groen naar de totale oppervlakte groen met een hoge ecologische waarde,0 %,,,BGT,Amsterdam: stadsdeel/GGW-gebied/wijk/buurt en overige indelingen,,
Amsterdam O&S BBGA,BBGA,Basisbestand Gebieden Amsterdam,ORRECGROEN,Groen,Oppervlakte recreatief groen,"Oppervlakte recreatief groen bedoeld voor recreatie en andere activiteiten zoals stadsparken, gedenkparken, tuinparken en natuurparken",0 ha,,,BGT,Amsterdam: stadsdeel/GGW-gebied/wijk/buurt en overige indelingen,,
Amsterdam O&S BBGA,BBGA,Basisbestand Gebieden Amsterdam,ORRECGROEN_P,Groen,Oppervlakte recreatief groen (%),"Percentage recreatief groen naar de totale oppervlakte groen bedoeld voor recreatie en andere activiteiten zoals stadsparken, gedenkparken, tuinparken en natuurparken",0 %,,,BGT,Amsterdam: stadsdeel/GGW-gebied/wijk/buurt en overige indelingen,,
Amsterdam O&S BBGA,BBGA,Basisbestand Gebieden Amsterdam,ECONZELFSTMAN_P,Inkomen,Arbeidsparticipatie: economisch zelfstandige mannen (%),"Aandeel mannen vanaf 15 jaar tot de AOW-leeftijd dat economisch zelfstandig is. Iemand is economisch zelfstandig als het persoonlijk netto inkomen uit werk (loondienst of eigen onderneming) hoger is dan de netto bijstandsuitkering voor een alleenstaande. Instituutbewoners zijn buiten beschouwing gelaten. Er is afgerond op 1 decimaal voor de stad, stadsdelen en GGW-gebieden. Voor de overige gebiedsindelingen is afgerond op 0 decimalen. Er worden alleen gegevens gepresenteerd voor gebieden waarbij geen gegevens te herleiden zijn tot minder dan 10 personen. Eventuele percentages boven de 90% zijn op 90% gezet.
Er is afgerond op 1 decimaal voor de stad, stadsdelen en GGW-gebieden. Voor de overige gebiedsindelingen is afgerond op 0 decimalen. Er worden alleen gegevens gepresenteerd voor gebieden waarbij geen gegevens te herleiden zijn tot minder dan 10 personen. Eventuele percentages boven de 90% zijn op 90% gezet.",0 %,,jaarcijfer,"bewerking O&S, CBS, IIV",Amsterdam: stadsdeel/GGW-gebied/wijk/buurt en overige indelingen,,
Amsterdam O&S BBGA,BBGA,Basisbestand Gebieden Amsterdam,ECONZELFSTVRW_P,Inkomen,Arbeidsparticipatie: economisch zelfstandige vrouwen (%),"Aandeel vrouwen vanaf 15 jaar tot de AOW-leeftijd dat economisch zelfstandig is. Iemand is economisch zelfstandig als het persoonlijk netto inkomen uit werk (loondienst of eigen onderneming) hoger is dan de netto bijstandsuitkering voor een alleenstaande. Instituutbewoners zijn buiten beschouwing gelaten.
Er is afgerond op 1 decimaal voor de stad, stadsdelen en GGW-gebieden. Voor de overige gebiedsindelingen is afgerond op 0 decimalen. Er worden alleen gegevens gepresenteerd voor gebieden waarbij geen gegevens te herleiden zijn tot minder dan 10 personen. Eventuele percentages boven de 90% zijn op 90% gezet.",0 %,,jaarcijfer,"bewerking O&S, CBS, IIV",Amsterdam: stadsdeel/GGW-gebied/wijk/buurt en overige indelingen,,
Amsterdam O&S BBGA,BBGA,Basisbestand Gebieden Amsterdam,IHHINK_GEM,Inkomen,Besteedbaar huishoudinkomen (gemiddelde),"Het gemiddeld besteedbaar huishoudinkomen is het bruto-huishoudinkomen verminderd met de premies sociale zekerheid en andere betaalde overdrachten (o.a. alimentatie voor ex-partner) en de loon-, inkomsten- en vermogensbelasting. Studentenhuishoudens en bewoners van instituten zijn buiten beschouwing gelaten.
Er worden alleen gegevens gepresenteerd voor gebieden met minstens 100 huishoudens. Bedragen zijn afgerond op 100-tallen. Tot en met 2010 komen de cijfers uit het RIO bestand van het CBS. Vanaf 2011 zijn de cijfers afkomstig uit het Integrale Inkomens- en Vermogensonderzoek (IIV) van het CBS. Tot en met 2010 zijn de cijfers gebaseerd op de gebiedsindeling van voor 1-1-2015. Van 2011 tot en met 2019 zijn de cijfers gebaseerd op de gebiedsindeling van 1-1-2015. Vanaf 2020 is gebruik gemaakt van de gebiedsindeling van 24-3-2022.",0 euro,,jaarcijfer,"bewerking O&S, CBS, IIV",Amsterdam: stadsdeel/GGW-gebied/wijk/buurt en overige indelingen,,
Amsterdam O&S BBGA,BBGA,Basisbestand Gebieden Amsterdam,IHHINK_MED,Inkomen,Besteedbaar huishoudinkomen (mediaan),"Het mediaan besteedbaar huishoudinkomen is het bruto-huishoudinkomen verminderd met de premies sociale zekerheid en andere betaalde overdrachten (o.a. alimentatie voor ex-partner) en de loon-, inkomsten- en vermogensbelasting. Studentenhuishoudens en bewoners van instituten zijn buiten beschouwing gelaten.
Er worden alleen gegevens gepresenteerd voor gebieden met minstens 100 huishoudens. Bedragen zijn afgerond op 100-tallen. Tot en met 2010 komen de cijfers uit het RIO bestand van het CBS. Vanaf 2011 zijn de cijfers afkomstig uit het Integrale Inkomens- en Vermogensonderzoek (IIV) van het CBS. Tot en met 2010 zijn de cijfers gebaseerd op de gebiedsindeling van voor 1-1-2015. Van 2011 tot en met 2019 zijn de cijfers gebaseerd op de gebiedsindeling van 1-1-2015. Vanaf 2020 is gebruik gemaakt van de gebiedsindeling van 24-3-2022.",0 €,,,"bewerking O&S, CBS, IIV",Amsterdam: stadsdeel/GGW-gebied/wijk/buurt en overige indelingen,,
Amsterdam O&S BBGA,BBGA,Basisbestand Gebieden Amsterdam,IGINI,Inkomen,GinicoÃ«fficiÃ«nt inkomen,"De Ginicoëfficiënt voor inkomen is een maat voor inkomensongelijkheid in een gebied. De waarde van de coëfficiënt ligt tussen 0 en 1, waarbij 0 correspondeert met totale gelijkheid (iedereen heeft hetzelfde inkomen) en 1 met totale ongelijkheid (1 huishouden bezit al het inkomen).De coëfficiënt is berekend op basis van het gestandaardiseerd besteedbaar inkomen van huishoudens. Bewoners van instituten en studentenhuishoudens zijn buiten beschouwing gelaten.
Er worden alleen gegevens gepresenteerd voor gebieden met meer dan 100 huishoudens in de doelgroep. Tot en met 2010 zijn de cijfers gebaseerd op de gebiedsindeling van voor 1-1-2015. Vanaf 2011 zijn de cijfers gebaseerd op de gebiedsindeling van 24-3-2020. Door een methodewijziging, zijn de cijfers van voor 2011 niet een-op-een vergelijkbaar met latere jaren.",0,,jaarcijfer,"bewerking O&S, CBS, IIV",Amsterdam: stadsdeel/GGW-gebied/wijk/buurt en overige indelingen,,
Amsterdam O&S BBGA,BBGA,Basisbestand Gebieden Amsterdam,VGINI,Inkomen,Ginicoëfficiënt vermogen,"De Ginicoëfficiënt voor vermogen is een maat voor vermogensongelijkheid in een gebied. De waarde van de coëfficiënt ligt tussen 0 en 1, waarbij 0 correspondeert met totale gelijkheid (iedereen heeft hetzelfde vermogen) en 1 met totale ongelijkheid (1 huishouden bezit al het vermogen). De coëfficiënt is berekend op basis van het totale vermogen van huishoudens. Het totale vermogen is gelijk aan het verschil tussen de bezittingen en de schulden van een huishouden. Ook huishoudens met een negatief vermogen zijn meegenomen in de berekening. Bewoners van instituten en studentenhuishoudens zijn buiten beschouwing gelaten.
Er worden alleen gegevens gepresenteerd voor gebieden met meer dan 100 huishoudens in de doelgroep.",0,,1 januari,"bewerking O&S, CBS, IIV",Amsterdam: stadsdeel/GGW-gebied/wijk/buurt en overige indelingen,,
Amsterdam O&S BBGA,BBGA,Basisbestand Gebieden Amsterdam,IHHBSTKIND,Inkomen,Huishoudens met kinderen bijstand,Aantal huishoudens met minderjarige kinderen dat gebruikt maak van de bijstand.,0,,1 januari,"bewerking O&S, CBS",Amsterdam: stadsdeel/GGW-gebied/wijk/buurt en overige indelingen,,
Amsterdam O&S BBGA,BBGA,Basisbestand Gebieden Amsterdam,IHHBSTKIND_P,Inkomen,Huishoudens met kinderen bijstand (%),Aandeel huishoudens met minderjarige kinderen dat gebruikt maak van de bijstand.,0 %,,1 januari,"bewerking O&S, CBS",Amsterdam: stadsdeel/GGW-gebied/wijk/buurt en overige indelingen,,
Amsterdam O&S BBGA,BBGA,Basisbestand Gebieden Amsterdam,IINKQ1_P,Inkomen,Inkomen 1e 20% NL (%),"Aandeel huishoudens met een besteedbaar huishoudinkomen in de eerste 20%-groep (quintiel) op basis van de landelijke verdeling van inkomens.
Studentenhuishoudens en bewoners van instituten zijn buiten beschouwing gelaten. Er worden alleen gegevens gepresenteerd voor gebieden met minstens 10 huishoudens in het quintiel.

De cijfers zijn afkomstig uit het Integrale Inkomens- en Vermogensonderzoek (IIV) van het CBS. 2011 tot en met 2019 zijn de cijfers gebaseerd op de gebiedsindeling van 1-1-2015. Vanaf 2020 is gebruik gemaakt van de gebiedsindeling van 24-3-2022. 
 
Het besteedbaar inkomen betreft het bruto-huishoudinkomen verminderd met de premies sociale zekerheid en andere betaalde overdrachten (o.a. alimentatie voor ex-partner) en de loon-, inkomsten- en vermogensbelasting.  
 
1e quintiel landelijk in euro's: 
2011: tot 19.000 
2012: tot 19.100 
2013: tot 19.100 
2014: tot 19.600 
2015: tot 19.800 
2016: tot 20.300 
2017: tot 20.600 
2018: tot 21.100 
2019: tot 21.900 
2020: tot 22.700 
2021: tot 23.500 
2022: tot 25.000 
2023: tot 27.100 
2024: tot 28.700",0 %,,jaarcijfer,"bewerking O&S, CBS, IIV",Amsterdam: stadsdeel/GGW-gebied/wijk/buurt en overige indelingen,,
Amsterdam O&S BBGA,BBGA,Basisbestand Gebieden Amsterdam,IINKQ2_P,Inkomen,Inkomen 2e 20% NL (%),"Aandeel huishoudens met een besteedbaar huishoudinkomen in de tweede 20%-groep (quintiel) op basis van de landelijke verdeling van inkomens.
Studentenhuishoudens en bewoners van instituten zijn buiten beschouwing gelaten. Er worden alleen gegevens gepresenteerd voor gebieden met minstens 10 huishoudens in het quintiel. De cijfers zijn afkomstig uit het Integrale Inkomens- en Vermogensonderzoek (IIV) van het CBS. 2011 tot en met 2019 zijn de cijfers gebaseerd op de gebiedsindeling van 1-1-2015. Vanaf 2020 is gebruik gemaakt van de gebiedsindeling van 24-3-2022. Het besteedbaar inkomen betreft het bruto-huishoudinkomen verminderd met de premies sociale zekerheid en andere betaalde overdrachten (o.a. alimentatie voor ex-partner) en de loon-, inkomsten- en vermogensbelasting. 

2e quintiel landelijk (euro's): 
2011: 19.000 tot 27.200 
2012: 19.100 tot 27.300 
2013: 19.100 tot 27.300 
2014: 19.600 tot 28.000 
2015: 19.800 tot 28.300 
2016: 20.300 tot 29.100 
2017: 20.600 tot 29.600 
2018: 21.100 tot 30.300 
2019: 21.900 tot 31.700 
2020: 22.700 tot 32.800 
2021: 23.500 tot 34.100  
2022: 25.000 tot 35.900 
2023: 27.100 tot 38.400
2024: 28.700 tot 40.900",0 %,,jaarcijfer,"bewerking O&S, CBS, IIV",Amsterdam: stadsdeel/GGW-gebied/wijk/buurt en overige indelingen,,
Amsterdam O&S BBGA,BBGA,Basisbestand Gebieden Amsterdam,IINKQ3_P,Inkomen,Inkomen 3e 20% NL (%),"Aandeel huishoudens met een besteedbaar huishoudinkomen in het derde quintiel op basis van de landelijke verdeling van inkomens.
Studentenhuishoudens en bewoners van instituten zijn buiten beschouwing gelaten. Er worden alleen gegevens gepresenteerd voor gebieden met minstens 10 huishoudens in het quintiel. De cijfers zijn afkomstig uit het Integrale Inkomens- en Vermogensonderzoek (IIV) van het CBS. 2011 tot en met 2019 zijn de cijfers gebaseerd op de gebiedsindeling van 1-1-2015. Vanaf 2020 is gebruik gemaakt van de gebiedsindeling van 24-3-2022. Het besteedbaar inkomen betreft het bruto-huishoudinkomen verminderd met de premies sociale zekerheid en andere betaalde overdrachten (o.a. alimentatie voor ex-partner) en de loon-, inkomsten- en vermogensbelasting.

3e quintiel (20%-groep) landelijk (euro's): 
2011: 27.200tot 37.500 
2012: 27.300 tot 37.600 
2013: 27.300 tot 37.800 
2014: 28.000 tot 38.900 
2015: 28.300 tot 39.400 
2016: 29.100 tot 40.700 
2017: 29.600 tot 41.600 
2018: 30.300 tot 42.800 
2019: 31.700 tot 44.800 
2020: 32.800 tot 46.600  
2021: 34.100 tot 48.600 
2022: 35.900 tot 51.100 
2023: 38.400 tot 54.600 
2024: 40.900 tot 58.400",0 %,,jaarcijfer,"bewerking O&S, CBS, IIV",Amsterdam: stadsdeel/GGW-gebied/wijk/buurt en overige indelingen,,
Amsterdam O&S BBGA,BBGA,Basisbestand Gebieden Amsterdam,IINKQ4_P,Inkomen,Inkomen 4e 20% NL (%),"Aandeel huishoudens met een besteedbaar huishoudinkomen in de vierde 20%-groep (quintiel) op basis van de landelijke verdeling van inkomens.
Studentenhuishoudens en bewoners van instituten zijn buiten beschouwing gelaten. Er worden alleen gegevens gepresenteerd voor gebieden met minstens 10 huishoudens in het quintiel. De cijfers zijn afkomstig uit het Integrale Inkomens- en Vermogensonderzoek (IIV) van het CBS. 2011 tot en met 2019 zijn de cijfers gebaseerd op de gebiedsindeling van 1-1-2015. Vanaf 2020 is gebruik gemaakt van de gebiedsindeling van 24-3-2022. Het besteedbaar inkomen betreft het bruto-huishoudinkomen verminderd met de premies sociale zekerheid en andere betaalde overdrachten (o.a. alimentatie voor ex-partner) en de loon-, inkomsten- en vermogensbelasting. 4e quintiel landelijk (euro's):
2011: 37.500 tot 51.300 
2012: 37.600 tot 51.500 
2013: 37.800 tot 52.100 
2014: 38.900 tot 53.700 
2015: 39.400 tot 54.600 
2016: 40.700 tot 56.900 
2017: 41.600 tot 58.200 
2018: 42.800 tot 59.800 
2019: 44.800 tot 62.700 
2020: 46.600 tot 65.300 
2021: 48.600 tot 68.300 
2022: 51.100 tot 71.900 
2023: 54.600 tot 77.100 
2024: 58.400 tot 82.400",0 %,,jaarcijfer,"bewerking O&S, CBS, IIV",Amsterdam: stadsdeel/GGW-gebied/wijk/buurt en overige indelingen,,
Amsterdam O&S BBGA,BBGA,Basisbestand Gebieden Amsterdam,IINKQ5_P,Inkomen,Inkomen 5e 20% NL (%),"Aandeel huishoudens met een besteedbaar huishoudinkomen in de vijfde 20%-groep (quintiel) op basis van de landelijke verdeling van inkomens.
Studentenhuishoudens en bewoners van instituten zijn buiten beschouwing gelaten. Er worden alleen gegevens gepresenteerd voor gebieden met minstens 10 huishoudens in het quintiel. De cijfers zijn afkomstig uit het Integrale Inkomens- en Vermogensonderzoek (IIV) van het CBS. 2011 tot en met 2019 zijn de cijfers gebaseerd op de gebiedsindeling van 1-1-2015. Vanaf 2020 is gebruik gemaakt van de gebiedsindeling van 24-3-2022. Het besteedbaar inkomen betreft het bruto-huishoudinkomen verminderd met de premies sociale zekerheid en andere betaalde overdrachten (o.a. alimentatie voor ex-partner) en de loon-, inkomsten- en vermogensbelasting. 
5e quintiel landelijk (euro's):
2011: 51.300 of meer 
2012: 51.500 of meer 
2013: 52.100 of meer 
2014: 53.700 of meer 
2015: 54.600 of meer 
2016: 56.900 of meer 
2017: 58.200 of meer 
2018: 59.800 of meer 
2019: 62,700 of meer 
2020: 65.300 of meer 
2021: 68.300 of meer 
2022: 71.900 of meer 
2023: 77.100 of meer 
2024: 82.400 of meer",0 %,,jaarcijfer,"bewerking O&S, CBS, IIV",Amsterdam: stadsdeel/GGW-gebied/wijk/buurt en overige indelingen,,
Amsterdam O&S BBGA,BBGA,Basisbestand Gebieden Amsterdam,ILAAGHH130,Inkomen,Lage inkomens (huishoudens 130% sm),"Aantal huishoudens met een inkomen van maximaal 130% van het sociaal minimum. Het betreft alleen huishoudens met een heel jaar inkomen. Studentenhuishoudens en bewoners van instituten zijn buiten beschouwing gelaten. 
Er is afgerond op tientallen voor alle gebiedsindelingen. Er worden alleen gegevens gepresenteerd voor gebieden waarbij geen gegevens te herleiden zijn tot minder dan 10 huishoudens. Daaronder is het aantal op 0 gezet. ",0,,1 januari,"bewerking O&S, CBS, IIV",Amsterdam: stadsdeel/GGW-gebied/wijk/buurt en overige indelingen,,
Amsterdam O&S BBGA,BBGA,Basisbestand Gebieden Amsterdam,ILAAGHH130_P,Inkomen,Lage inkomens (huishoudens 130% sm) (%),"Aandeel huishoudens met een inkomen van maximaal 130% van het sociaal minimum. Het betreft alleen huishoudens met een heel jaar inkomen. Studentenhuishoudens en bewoners van instituten zijn buiten beschouwing gelaten.
Er is afgerond op 1 decimaal voor de stad, stadsdelen en GGW-gebieden. Voor de overige gebiedsindelingen is afgerond op 0 decimalen. Er worden alleen gegevens gepresenteerd voor gebieden waarbij geen gegevens te herleiden zijn tot minder dan 10 huishoudens. Eventuele percentages boven de 90% zijn op 90% gezet.",0 %,,1 januari,"bewerking O&S, CBS, IIV",Amsterdam: stadsdeel/GGW-gebied/wijk/buurt en overige indelingen,,
Amsterdam O&S BBGA,BBGA,Basisbestand Gebieden Amsterdam,IMINHH130,Inkomen,Minimahuishoudens (130% sm),"Aantal huishoudens met een inkomen van maximaal 130% van het sociaal minimum en een vermogen onder de vermogenstoets voor de bijstand. De huishoudens met een inkomen onder deze grens, de zogenaamde minimahuishoudens, komen in aanmerking voor de armoedebestrijdingsregelingen van de gemeente Amsterdam. Het betreft alleen huishoudens met een heel jaarinkomen. Studentenhuishoudens en bewoners van instituten zijn buiten beschouwing gelaten.
Er worden alleen gegevens gepresenteerd voor de stad, stadsdelen en GGW-gebieden, waarbij ervoor gezorgd is dat er geen gegevens te herleiden zijn tot minder dan 10 huishoudens.",0,,1 januari,"bewerking O&S, CBS, IIV",Amsterdam: stadsdeel/GGW-gebied/wijk/buurt en overige indelingen,,
Amsterdam O&S BBGA,BBGA,Basisbestand Gebieden Amsterdam,IMINHH130_P,Inkomen,Minimahuishoudens (130% sm) (%),"Aandeel huishoudens met een inkomen van maximaal 130% van het sociaal minimum en een vermogen onder de vermogenstoets voor de bijstand. De huishoudens met een inkomen onder deze grens, de zogenaamde minimahuishoudens, komen in aanmerking voor de armoedebestrijdingsregelingen van de gemeente Amsterdam. Het betreft alleen huishoudens met een heel jaarinkomen. Studentenhuishoudens en bewoners van instituten zijn buiten beschouwing gelaten.
Er is afgerond op 1 decimaal voor de stad, stadsdelen en GGW-gebieden. Voor de overige gebiedsindelingen is afgerond op 0 decimalen. Er worden alleen gegevens gepresenteerd voor gebieden waarbij geen gegevens te herleiden zijn tot minder dan 10 huishoudens. Eventuele percentages boven de 90% zijn op 90% gezet.",0 %,,1 januari,"bewerking O&S, CBS, IIV",Amsterdam: stadsdeel/GGW-gebied/wijk/buurt en overige indelingen,,
Amsterdam O&S BBGA,BBGA,Basisbestand Gebieden Amsterdam,IMOEITE_P,Inkomen,Moeite met rondkomen (%),"Aandeel Amsterdammers van 18 jaar of ouder dat zeer moeilijk, moeilijk of eerder moeilijk antwoordt op de vraag: Hoe goed kunt u rondkomen met uw huishoudinkomen? De cijfers op wijk- en buurtniveau zijn modelmatige schattingen van het RIVM op basis van de gezondheidsmonitor van de GGD.",0 %,,1 september,"De Staat van de Stad, O&S",Amsterdam: stadsdeel/GGW-gebied/wijk/buurt en overige indelingen,,
Amsterdam O&S BBGA,BBGA,Basisbestand Gebieden Amsterdam,IMINJONG130,Inkomen,Personen 0-17 in minimahuishouden (130% sm),"Aantal jongeren tot en met 17 jaar dat opgroeit in een huishouden met een inkomen van maximaal 130% van het sociaal minimum en een vermogen onder de vermogenstoets voor de bijstand. De huishoudens met een inkomen onder deze grens, de zogenaamde minimahuishoudens, komen in aanmerking voor de armoedebestrijdingsregelingen van de gemeente Amsterdam. Het betreft alleen huishoudens met een heel jaar inkomen. Studentenhuishoudens en bewoners van instituten zijn buiten beschouwing gelaten.
Er worden alleen gegevens gepresenteerd voor de stad, stadsdelen en GGW-gebieden, waarbij ervoor gezorgd is dat er geen gegevens te herleiden zijn tot minder dan 10 jongeren.",0,,1 januari,"bewerking O&S, CBS, IIV",Amsterdam: stadsdeel/GGW-gebied/wijk/buurt en overige indelingen,,
Amsterdam O&S BBGA,BBGA,Basisbestand Gebieden Amsterdam,IMINJONG130_P,Inkomen,Personen 0-17 in minimahuishouden (130% sm) (%),"Aandeel jongeren tot en met 17 jaar dat opgroeit in een huishouden met een inkomen van maximaal 130% van het sociaal minimum en een vermogen onder de vermogenstoets voor de bijstand. De huishoudens met een inkomen onder deze grens, de zogenaamde minimahuishoudens, komen in aanmerking voor de armoedebestrijdingsregelingen van de gemeente Amsterdam. Het betreft alleen huishoudens met een heel jaar inkomen. Studentenhuishoudens en bewoners van instituten zijn buiten beschouwing gelaten.
Er is afgerond op 1 decimaal voor de stad, stadsdelen en GGW-gebieden. Voor de overige gebiedsindelingen is afgerond op 0 decimalen. Er worden alleen gegevens gepresenteerd voor gebieden waarbij geen gegevens te herleiden zijn tot minder dan 10 personen. Eventuele percentages boven de 90% zijn op 90% gezet.",0 %,,1 januari,"bewerking O&S, CBS, IIV",Amsterdam: stadsdeel/GGW-gebied/wijk/buurt en overige indelingen,,
Amsterdam O&S BBGA,BBGA,Basisbestand Gebieden Amsterdam,ILANGMINJONG130,Inkomen,Personen 0-17 langdurig in minimahuishouden (130% sm),"Aantal jongeren tot en met 17 jaar dat drie jaar of langer deel uitmaakt van een huishouden een inkomen van maximaal 130% van het sociaal minimum en een vermogen onder de vermogenstoets voor de bijstand. De huishoudens met een inkomen onder deze grens, de zogenaamde minimahuishoudens, komen in aanmerking voor de armoedebestrijdingsregelingen van de gemeente Amsterdam. Het betreft alleen huishoudens met een heel jaar inkomen. Studentenhuishoudens en bewoners van instituten zijn buiten beschouwing gelaten.
Er is afgerond op tientallen voor alle gebiedsindelingen. Er worden alleen gegevens gepresenteerd voor gebieden waarbij geen gegevens te herleiden zijn tot minder dan 10 personen. Daaronder is het aantal op 0 gezet. ",0,,1 januari,"bewerking O&S, CBS, IIV",Amsterdam: stadsdeel/GGW-gebied/wijk/buurt en overige indelingen,,
Amsterdam O&S BBGA,BBGA,Basisbestand Gebieden Amsterdam,ILANGMINJONG130_P,Inkomen,Personen 0-17 langdurig in minimahuishouden (130% sm) (%),"Aandeel jongeren tot en met 17 jaar dat drie jaar of langer deel uitmaakt van een huishouden een inkomen van maximaal 130% van het sociaal minimum en een vermogen onder de vermogenstoets voor de bijstand. De huishoudens met een inkomen onder deze grens, de zogenaamde minimahuishoudens, komen in aanmerking voor de armoedebestrijdingsregelingen van de gemeente Amsterdam. Het betreft alleen huishoudens met een heel jaar inkomen. Studentenhuishoudens en bewoners van instituten zijn buiten beschouwing gelaten.
Er is afgerond op 1 decimaal voor de stad, stadsdelen en GGW-gebieden. Voor de overige gebiedsindelingen is afgerond op 0 decimalen. Er worden alleen gegevens gepresenteerd voor gebieden waarbij geen gegevens te herleiden zijn tot minder dan 10 personen. Eventuele percentages boven de 90% zijn op 90% gezet.",0 %,,1 januari,"bewerking O&S, CBS, IIV",Amsterdam: stadsdeel/GGW-gebied/wijk/buurt en overige indelingen,,
Amsterdam O&S BBGA,BBGA,Basisbestand Gebieden Amsterdam,IMINVOLW130,Inkomen,Personen 18-65 in minimahuishoudens (130% sm),"Aantal 18 t/m 65-jarigen dat deel uitmaakt van een huishouden met een inkomen van maximaal 130% van het sociaal minimum en een vermogen onder de vermogenstoets voor de bijstand. De huishoudens met een inkomen onder deze grens, de zogenaamde minimahuishoudens, komen in aanmerking voor de armoedebestrijdingsregelingen van de gemeente Amsterdam. Het betreft alleen huishoudens met een heel jaar inkomen. Studentenhuishoudens en bewoners van instituten zijn buiten beschouwing gelaten.
Er worden alleen gegevens gepresenteerd voor de stad, stadsdelen en GGW-gebieden, waarbij ervoor gezorgd is dat er geen gegevens te herleiden zijn tot minder dan 10 personen.",0,,1 januari,"bewerking O&S, CBS, IIV",Amsterdam: stadsdeel/GGW-gebied/wijk/buurt en overige indelingen,,
Amsterdam O&S BBGA,BBGA,Basisbestand Gebieden Amsterdam,IMINVOLW130_P,Inkomen,Personen 18-65 in minimahuishoudens (130% sm) (%),"Aandeel 18 t/m 65-jarigen dat deel uitmaakt van een huishouden met een inkomen van maximaal 130% van het sociaal minimum en een vermogen onder de vermogenstoets voor de bijstand. De huishoudens met een inkomen onder deze grens, de zogenaamde minimahuishoudens, komen in aanmerking voor de armoedebestrijdingsregelingen van de gemeente Amsterdam. Het betreft alleen huishoudens met een heel jaar inkomen. Studentenhuishoudens en bewoners van instituten zijn buiten beschouwing gelaten.
Er worden alleen gegevens gepresenteerd voor de stad, stadsdelen en GGW-gebieden, waarbij ervoor gezorgd is dat er geen gegevens te herleiden zijn tot minder dan 10 personen.",0 %,,1 januari,"bewerking O&S, CBS, IIV",Amsterdam: stadsdeel/GGW-gebied/wijk/buurt en overige indelingen,,
Amsterdam O&S BBGA,BBGA,Basisbestand Gebieden Amsterdam,IMINOUD130,Inkomen,Personen 66+ in minimahuishoudens (130% sm),"Aantal ouderen (66+) dat deel uitmaakt van een huishouden met een inkomen van maximaal 130% van het sociaal minimum en een vermogen onder de vermogenstoets voor de bijstand. De huishoudens met een inkomen onder deze grens, de zogenaamde minimahuishoudens, komen in aanmerking voor de armoedebestrijdingsregelingen van de gemeente Amsterdam. Het betreft alleen huishoudens met een heel jaar inkomen. Studentenhuishoudens en bewoners van instituten zijn buiten beschouwing gelaten.
Er worden alleen gegevens gepresenteerd voor de stad, stadsdelen en GGW-gebieden, waarbij ervoor gezorgd is dat er geen gegevens te herleiden zijn tot minder dan 10 personen.",0,,1 januari,"bewerking O&S, CBS, IIV",Amsterdam: stadsdeel/GGW-gebied/wijk/buurt en overige indelingen,,
Amsterdam O&S BBGA,BBGA,Basisbestand Gebieden Amsterdam,IMINOUD130_P,Inkomen,Personen 66+ in minimahuishoudens (130% sm) (%),"Aandeel ouderen (66+) dat deel uitmaakt van een huishouden met een inkomen van maximaal 130% van het sociaal minimum en een vermogen onder de vermogenstoets voor de bijstand. De huishoudens met een inkomen onder deze grens, de zogenaamde minimahuishoudens, komen in aanmerking voor de armoedebestrijdingsregelingen van de gemeente Amsterdam. Het betreft alleen huishoudens met een heel jaar inkomen. Studentenhuishoudens en bewoners van instituten zijn buiten beschouwing gelaten.
Er is afgerond op 1 decimaal voor de stad, stadsdelen en GGW-gebieden. Voor de overige gebiedsindelingen is afgerond op 0 decimalen. Er worden alleen gegevens gepresenteerd voor gebieden waarbij geen gegevens te herleiden zijn tot minder dan 10 personen. Eventuele percentages boven de 90% zijn op 90% gezet.",0 %,,1 januari,"bewerking O&S, CBS, IIV",Amsterdam: stadsdeel/GGW-gebied/wijk/buurt en overige indelingen,,
Amsterdam O&S BBGA,BBGA,Basisbestand Gebieden Amsterdam,ILANGMIN130,Inkomen,Personen langdurig in minimahuishouden (130% sm),"Aantal personen dat drie jaar of langer deel uitmaakt van een huishouden een inkomen van maximaal 130% van het sociaal minimum en een vermogen onder de vermogenstoets voor de bijstand. De huishoudens met een inkomen onder deze grens, de zogenaamde minimahuishoudens, komen in aanmerking voor de armoedebestrijdingsregelingen van de gemeente Amsterdam. Het betreft alleen huishoudens met een heel jaar inkomen. Studentenhuishoudens en bewoners van instituten zijn buiten beschouwing gelaten.
Er is afgerond op tientallen voor alle gebiedsindelingen. Er worden alleen gegevens gepresenteerd voor gebieden waarbij geen gegevens te herleiden zijn tot minder dan 10 personen. Daaronder is het aantal op 0 gezet.",0,,1 januari,"bewerking O&S, CBS, IIV",Amsterdam: stadsdeel/GGW-gebied/wijk/buurt en overige indelingen,,
Amsterdam O&S BBGA,BBGA,Basisbestand Gebieden Amsterdam,ILANGMIN130_P,Inkomen,Personen langdurig in minimahuishouden (130% sm) (%),"Aandeel personen dat drie jaar of langer deel uitmaakt van een huishouden een inkomen van maximaal 130% van het sociaal minimum en een vermogen onder de vermogenstoets voor de bijstand. De huishoudens met een inkomen onder deze grens, de zogenaamde minimahuishoudens, komen in aanmerking voor de armoedebestrijdingsregelingen van de gemeente Amsterdam.Het betreft alleen huishoudens met een heel jaar inkomen. Studentenhuishoudens en bewoners van instituten zijn buiten beschouwing gelaten.
Er is afgerond op 1 decimaal voor de stad, stadsdelen en GGW-gebieden. Voor de overige gebiedsindelingen is afgerond op 0 decimalen. Er worden alleen gegevens gepresenteerd voor gebieden waarbij geen gegevens te herleiden zijn tot minder dan 10 personen. Eventuele percentages boven de 90% zijn op 90% gezet.",0 %,,1 januari,"bewerking O&S, CBS, IIV",Amsterdam: stadsdeel/GGW-gebied/wijk/buurt en overige indelingen,,
Amsterdam O&S BBGA,BBGA,Basisbestand Gebieden Amsterdam,IAO,Inkomen,Uitkeringen: AO-uitkering,"Aantal inwoners met een arbeidsongeschiktheiduitkering in december van het peiljaar.
Er wordt alleen gerapporteerd over gebieden met minstens 20 uitkeringen. Het aantal uitkeringen is afgerond op tientallen.",0,,1 januari,"bewerking O&S, CBS",Amsterdam: stadsdeel/GGW-gebied/wijk/buurt en overige indelingen,,
Amsterdam O&S BBGA,BBGA,Basisbestand Gebieden Amsterdam,IAO_P,Inkomen,Uitkeringen: AO-uitkering (% 18-67),"Aandeel 18 tot en met 66-jarigen dat een arbeidsongeschiktheiduitkering ontvangt in december van het peiljaar.
Er wordt gedeeld door het aantal inwoners tot de AOW-leeftijd in het betreffende jaar. Daarbij wordt tot 2022 gedeeld door het aantal inwoners tussen 15 jaar en de AOW-leeftijd. Vanaf 2022 wordt gedeeld door het aantal inwoners tussen 18 jaar en de AOW-leeftijd. Er wordt alleen gerapporteerd over gebieden met minstens 20 uitkeringen. Het aantal uitkeringen op basis waarvan het percentage is uitgerekend is afgerond op tientallen.",0 %,,1 januari,"bewerking O&S, CBS",Amsterdam: stadsdeel/GGW-gebied/wijk/buurt en overige indelingen,,
Amsterdam O&S BBGA,BBGA,Basisbestand Gebieden Amsterdam,IWWB,Inkomen,Uitkeringen: Bijstand,"Aantal uitkeringen WWB levensonderhoud (N>=10).
De cijfers op wijkniveau van 2014 en eerder zijn gebaseerd op de gebiedsindeling van 2010. Met uitzondering van het samenvoegen van Duivelseiland en het Museumkwartier zijn de grenswijzingen per 1-1-2015 buiten beschouwing gelaten.",0,,1 januari,"bewerking O&S, CBS",Amsterdam: stadsdeel/GGW-gebied/wijk/buurt en overige indelingen,,
Amsterdam O&S BBGA,BBGA,Basisbestand Gebieden Amsterdam,IWWB_P,Inkomen,Uitkeringen: Bijstand (% 18-67),"Aandeel 18 tot en met 66-jarigen dat WWB Levensonderhoud ontvangt (N >=10 bijstandsgerechtigden).
Er wordt gedeeld door het aantal inwoners tot de AOW-leeftijd in het betreffende jaar. Daarbij wordt tot 2022 gedeeld door het aantal inwoners tussen 15 jaar en de AOW-leeftijd. Vanaf 2022 wordt gedeeld door het aantal inwoners tussen 18 jaar en de AOW-leeftijd. De cijfers op wijkniveau van 2014 en eerder zijn gebaseerd op de gebiedsindeling van 2010. Met uitzondering van het samenvoegen van Duivelseiland en het Museumkwartier zijn de grenswijzingen per 1-1-2015 buiten beschouwing gelaten.",0 %,,1 januari,"bewerking O&S, CBS",Amsterdam: stadsdeel/GGW-gebied/wijk/buurt en overige indelingen,,
Amsterdam O&S BBGA,BBGA,Basisbestand Gebieden Amsterdam,IWW,Inkomen,Uitkeringen: WW-uitkeringen,"Aantal inwoners met een werkloosheidsuitkering (WW-uitkering) in december van het peiljaar.
Er wordt alleen gerapporteerd over gebieden met minstens 20 uitkeringen. Het aantal uitkeringen is afgerond op tientallen.",0,,1 januari,"bewerking O&S, CBS",Amsterdam: stadsdeel/GGW-gebied/wijk/buurt en overige indelingen,,
Amsterdam O&S BBGA,BBGA,Basisbestand Gebieden Amsterdam,IWW_P,Inkomen,Uitkeringen: WW-uitkeringen (% 18-67),"Aandeel 18 tot en met 66-jarigen dat een werkloosheidsuitkering ontvangt (WW-uitkering) in december van het peiljaar.
Er wordt gedeeld door het aantal inwoners tot de AOW-leeftijd in het betreffende jaar. Daarbij wordt tot 2022 gedeeld door het aantal inwoners tussen 15 jaar en de AOW-leeftijd. Vanaf 2022 wordt gedeeld door het aantal inwoners tussen 18 jaar en de AOW-leeftijd. Er wordt alleen gerapporteerd over gebieden met minstens 20 uitkeringen. Het aantal uitkeringen op basis waarvan het percentage is uitgerekend is afgerond op tientallen.",0 %,,1 januari,"bewerking O&S, CBS",Amsterdam: stadsdeel/GGW-gebied/wijk/buurt en overige indelingen,,
Amsterdam O&S BBGA,BBGA,Basisbestand Gebieden Amsterdam,VVEH_MED,Inkomen,Vermogen huishoudens (mediaan),"Het totale vermogen is gelijk aan het verschil tussen de bezittingen en de schulden van een huishouden. Ook huishoudens met een negatief vermogen zijn meegenomen in de berekening. Bewoners van instituten en studentenhuishoudens zijn buiten beschouwing gelaten.
Er worden alleen gegevens gepresenteerd voor gebieden met meer dan 100 huishoudens in de doelgroep.",0 €,,,"bewerking O&S, CBS, IIV",Amsterdam: stadsdeel/GGW-gebied/wijk/buurt en overige indelingen,,
Amsterdam O&S BBGA,BBGA,Basisbestand Gebieden Amsterdam,PREGWERKL_P,Inkomen,Werkloosheid: Geregistreerde werkloosheid (% 18-67),"De geregistreerde werkloosheid is het aandeel 18 tot en met 66-jarigen dat gebruikt maakt van een van de volgende regelingen: Bijstand (wwb levensonderhoud, wwb bbz, oiaw ioaz), Gedeeltelijke arbeidsongeschiktheid (<80%), WW
Er wordt gedeeld door het aantal inwoners tot de AOW-leeftijd in het betreffende jaar. Daarbij wordt tot 2022 gedeeld door het aantal inwoners tussen 15 jaar en de AOW-leeftijd. Vanaf 2022 wordt gedeeld door het aantal inwoners tussen 18 jaar en de AOW-leeftijd. Er wordt alleen gerapporteerd over gebieden met minstens 20 uitkeringen.",0 %,,1 januari,"bewerking O&S, CBS",Amsterdam: stadsdeel/GGW-gebied/wijk/buurt en overige indelingen,,
Amsterdam O&S BBGA,BBGA,Basisbestand Gebieden Amsterdam,PREGWERKL,Inkomen,Werkloosheid: Geregistreerde werklozen,"Het aantal geregistreerde werklozen. Het gaat om personen van 15 tot 65 jaar dat gebruikt maakt van een van de volgende regelingen: Bijstand (wwb levensonderhoud, wwb bbz, oiaw ioaz), Gedeeltelijke arbeidsongeschiktheid (<80%), WW.
Er worden alleen cijfers gepresenteerd over gebieden met minimaal 25 geregistreerde werklozen. Het aantal gebruikers van AO en WW is afgerond op tientallen.",0,,1 januari,"bewerking O&S, CBS",Amsterdam: stadsdeel/GGW-gebied/wijk/buurt en overige indelingen,,
Amsterdam O&S BBGA,BBGA,Basisbestand Gebieden Amsterdam,WZALCOREGVO4_P,Jeugd,Gezondheid: >1x mnd alcohol (% 4e klas vo),"Aandeel 4e klassers in het voortgezet onderwijs dat1x per maand of vaker alcohol drinkt.
De cijfers hebben betrekking op een schooljaar. Het vermelde peiljaar is het jaar waarin het schooljaar afloopt.",0 %,,1 mei,"Gezondheidsmonitor Jeugd, GGD Amsterdam",Amsterdam: stadsdeel/GGW-gebied/wijk/buurt en overige indelingen,,
Amsterdam O&S BBGA,BBGA,Basisbestand Gebieden Amsterdam,WZCANNAREGVO4_P,Jeugd,Gezondheid: >1x mnd cannabis (% 4e klas vo),"Aandeel 4e klassers in het voortgezet onderwijs dat 1x per maand of vaker  cannabis gebruikt. 
De cijfers hebben betrekking op een schooljaar. Het vermelde peiljaar is het jaar waarin het schooljaar afloopt.",0 %,,1 mei,"Gezondheidsmonitor Jeugd, GGD Amsterdam",Amsterdam: stadsdeel/GGW-gebied/wijk/buurt en overige indelingen,,
Amsterdam O&S BBGA,BBGA,Basisbestand Gebieden Amsterdam,WZROOKREGVO4_P,Jeugd,Gezondheid: >1x mnd roken (% 4e klas vo),"Aandeel 4e klassers in het voortgezet onderwijs dat 1x per maand of vaker  rookt. 
De cijfers hebben betrekking op een schooljaar. Het vermelde peiljaar is het jaar waarin het schooljaar afloopt.",0 %,,1 mei,"Gezondheidsmonitor Jeugd, GGD Amsterdam",Amsterdam: stadsdeel/GGW-gebied/wijk/buurt en overige indelingen,,
Amsterdam O&S BBGA,BBGA,Basisbestand Gebieden Amsterdam,WZZWAAR10_P,Jeugd,Gezondheid: overgewicht of obesitas (% 10-jarigen),"Aandeel 10-jarigen met overgewicht (BMI tussen 25 en 30) of obesitas (BMI van 30 of meer).
De cijfers hebben betrekking op een schooljaar. Het vermelde peiljaar is het jaar waarin het schooljaar afloopt. Op wijkniveau zijn de cijfers van de laatste twee schooljaren samengevoegd.",0 %,,1 mei,"Gezondheidsmonitor Jeugd, GGD Amsterdam",Amsterdam: stadsdeel/GGW-gebied/wijk/buurt en overige indelingen,,
Amsterdam O&S BBGA,BBGA,Basisbestand Gebieden Amsterdam,JEUGD_0_18_P,Jeugd,Jeugdzorg: jeugdvoorziening (% 0-18 jaar),Jeugdvoorzieningen % 0 t/m 18 jaar: Aandeel 0 tot 18-jarigen met minstens één jeugdvoorziening binnen de jeugdwet (hoogspecialistische jeugdhulp en/of overige specialistische jeugdhulp).,0 %,,1 januari,ZorgNed,Amsterdam: stadsdeel/GGW-gebied/wijk/buurt en overige indelingen,,
Amsterdam O&S BBGA,BBGA,Basisbestand Gebieden Amsterdam,JEUGD_0_18,Jeugd,Jeugdzorg: jeugdvoorziening (0-18 jaar),Jeugdvoorzieningen 0 t/m 18 jaar: Aantal 0 tot 18-jarigen met minstens één jeugdvoorziening binnen de jeugdwet (hoogspecialistische jeugdhulp en/of overige specialistische jeugdhulp).,0,,1 januari,ZorgNed,Amsterdam: stadsdeel/GGW-gebied/wijk/buurt en overige indelingen,,
Amsterdam O&S BBGA,BBGA,Basisbestand Gebieden Amsterdam,WZOOO_P,Jeugd,Jeugdzorg: O en O (% 0-18 jaar),"Aandeel 0 tot 18-jarige Amsterdamers met opvoed- en opgroeiondersteuning (exclusief informatie en advies). De cijfers hebben betrekking op trainingen, cursussen en gezinsondersteuning. Het bereikcijfer is inclusief jeugdigen van 18 jaar en ouder en jongeren die niet in Amsterdam wonen, maar hier wel naar school gaan. De cijfers zijn vervolgens gedeeld op het aantal 0 tot 18-jarige Amsterdammers. 
De cliënten waarvan de woonplaats onbekend is, zijn naar rato verdeeld over de 22 gebieden. Per 2018 is de monitor uitgebreid. De cijfers t/m 2017 zijn niet vergelijkbaar met de cijfers vanaf 2018.",0 %,,jaarcijfer,Directie Onderwijs,Amsterdam: stadsdeel/GGW-gebied/wijk/buurt en overige indelingen,,
Amsterdam O&S BBGA,BBGA,Basisbestand Gebieden Amsterdam,WZOKT_P,Jeugd,Jeugdzorg: OKT (% 0-18 jaar),"Aandeel 0 tot 18-jarige Amsterdammers met jeugdhulp door het Ouder- en Kindteam. In het percentage zijn ook cliënten van 18 jaar en ouder meegenomen.
De cliënten waarvan de woonplaats onbekend is, zijn naar rato verdeeld over de 22 gebieden.",0 %,,jaarcijfer,Directie Onderwijs,Amsterdam: stadsdeel/GGW-gebied/wijk/buurt en overige indelingen,,
Amsterdam O&S BBGA,BBGA,Basisbestand Gebieden Amsterdam,WZSAMEN_P,Jeugd,Jeugdzorg: Samen Doen (% gezinnen),"Aandeel huishoudens dat wordt ondersteund door het Samen Doen Team bij complexe problemen op meerdere levensgebieden. Het betreft gezinnen die wonen in Amsterdam.
De cliënten waarvan de woonplaats onbekend is, zijn naar rato verdeeld over de 22 gebieden.",0 %,,jaarcijfer,Directie Onderwijs,Amsterdam: stadsdeel/GGW-gebied/wijk/buurt en overige indelingen,,
Amsterdam O&S BBGA,BBGA,Basisbestand Gebieden Amsterdam,SRCLUB10_P,Jeugd,Leefstijl: lid sportvereniging (% 10-jarigen),"Aandeel 10-jarigen dat lid is van een sportvereniging.
Op wijkniveau zijn de cijfers van de laatste twee schooljaren samengevoegd.",0 %,,1 mei,"Gezondheidsmonitor Jeugd, GGD Amsterdam",Amsterdam: stadsdeel/GGW-gebied/wijk/buurt en overige indelingen,,
Amsterdam O&S BBGA,BBGA,Basisbestand Gebieden Amsterdam,SRSPORTDLN_P,Jeugd,Leefstijl: sportdeelname (% 5-80 jaar),De sportdeelname is het aandeel 5 tot 80-jarigen dat minimaal een keer heeft gesport in de maand april.,0 %,,1 april,Sportdeelnameindex,Amsterdam: stadsdeel/GGW-gebied/wijk/buurt en overige indelingen,,
Amsterdam O&S BBGA,BBGA,Basisbestand Gebieden Amsterdam,WZGEDWONGENV04_P,Jeugd,Seksualiteit: gedwongen (% 4e klas vo),Percentage 4e klassers dat wel eens is gedwongen tot een seksuele handeling.,0 %,,1 mei,"Gezondheidsmonitor Jeugd, GGD Amsterdam",Amsterdam: stadsdeel/GGW-gebied/wijk/buurt en overige indelingen,,
Amsterdam O&S BBGA,BBGA,Basisbestand Gebieden Amsterdam,WZCONDO_P,Jeugd,Seksualiteit: onveilig (% 4e klas vo),"Percentage 4e klassers dat bij geslachtsgemeenschap niet altijd een condoom gebruikt.
Op wijkniveau zijn de cijfers van de laatste twee schooljaren samengevoegd.",0 %,,1 mei,"Gezondheidsmonitor Jeugd, GGD Amsterdam",Amsterdam: stadsdeel/GGW-gebied/wijk/buurt en overige indelingen,,
Amsterdam O&S BBGA,BBGA,Basisbestand Gebieden Amsterdam,OSDQ10_P,Jeugd,Welzijn: (matig) verhoogd SDQ (% 10-jarigen),"Percentage 10-jarigen met een verhoogde kans op sociaal-emotionele problemen. De Strengths and Difficulties Questionnaire (SDQ) is een vragenlijst om de sociaal-emotionele
gezondheid van kinderen en jongeren te meten. Zowel sociaal-emotionele problemen als de sterke kanten van een kind worden in kaart gebracht. 
De vragenlijst is ingevuld door de ouders van de kinderen.  De cijfers hebben betrekking op de woonbuurt van de kinderen. Op wijkniveau zijn de cijfers van de laatste twee schooljaren samengevoegd.",0 %,,1 mei,"Gezondheidsmonitor Jeugd, GGD Amsterdam",Amsterdam: stadsdeel/GGW-gebied/wijk/buurt en overige indelingen,,
Amsterdam O&S BBGA,BBGA,Basisbestand Gebieden Amsterdam,WZEENZJ_P,Jeugd,Welzijn: eenzaam (% 4e klas vo),Percentage 4e klassers dat eenzaam is.,0 %,,1 mei,"Gezondheidsmonitor Jeugd, GGD Amsterdam",Amsterdam: stadsdeel/GGW-gebied/wijk/buurt en overige indelingen,,
Amsterdam O&S BBGA,BBGA,Basisbestand Gebieden Amsterdam,OBOVENLEERPL,Onderwijs,18-22 jaar: bovenleerplichtigen,"Bovenleerplichtige jongeren zijn alle jongeren van 18 tot en met 22 jaar op moment van de peildatum.
Deze jongeren worden geregistreerd in het kader van de RMC (Regionale Meld- en Coördinatiefunctie voortijdig schoolverlaten)-wetgeving: gemeenten zijn verplicht leerlingen die niet meer leerplichtig zijn, tot hun 23e te volgen op weg naar een startkwalificatie, oftewel een diploma op minimaal HAVO/VWO- of MBO-2 niveau. Als deze jongeren dreigen uit te vallen op school, moeten gemeenten een passend aanbod organiseren, zodat deze jongeren alsnog een startkwalificatie kunnen halen.",0,,1 juli,"bewerking O&S, Directie Onderwijs, leerplicht",Amsterdam: stadsdeel/GGW-gebied/wijk/buurt en overige indelingen,,
Amsterdam O&S BBGA,BBGA,Basisbestand Gebieden Amsterdam,OARBKENMIGR_P,Onderwijs,18-22 jaar: buiten doelgroep (%),"De arbeid/kennismigranten worden ook wel aangeduid als de groep ""geen doelgroep"".
Het betreft het aandeel bovenleerplichtige jongeren van 18 tot en met 22 jaar die in Erisa als mogelijk voortijdig schoolverlater staan geregistreerd, maar niet door DUO als schoolverlater worden gemarkeerd. Het is een diverse groep jongeren, vooral uitwisselingsstudenten en eu-arbeidsmigranten, in mindere mate au-pairs en nieuwkomers.",0 %,,1 juli,"bewerking O&S, Directie Onderwijs, leerplicht",Amsterdam: stadsdeel/GGW-gebied/wijk/buurt en overige indelingen,,
Amsterdam O&S BBGA,BBGA,Basisbestand Gebieden Amsterdam,OSCHGAAND_P,Onderwijs,18-22 jaar: schoolgaand (%),Aandeel jongeren van 18 tot en met 22 jaar in het gebied dat onderwijs volgt en nog geen startkwalificatie heeft.,0 %,,1 juli,"bewerking O&S, Directie Onderwijs, leerplicht",Amsterdam: stadsdeel/GGW-gebied/wijk/buurt en overige indelingen,,
Amsterdam O&S BBGA,BBGA,Basisbestand Gebieden Amsterdam,OLSV_P,Onderwijs,18-22 jaar: schoolverlaters zonder startkwalificatie (%),"Aandeel jongeren van 18 tot en met 22 jaar dat zonder startkwalificatie het onderwijs heeft verlaten. Een startkwalificatie is een diploma havo, vwo, mbo niveau 2 of hoger.",0 %,,1 juli,"bewerking O&S, Directie Onderwijs, leerplicht",Amsterdam: stadsdeel/GGW-gebied/wijk/buurt en overige indelingen,,
Amsterdam O&S BBGA,BBGA,Basisbestand Gebieden Amsterdam,OSTARTKWAL_P,Onderwijs,18-22 jaar: startkwalificatie (%),"Aandeel jongeren van 18 tot en met 22 jaar in het gebied met een startkwalificatie. Een startkwalificatie is een diploma havo, vwo, mbo niveau 2 of hoger.",0 %,,1 juli,"bewerking O&S, Directie Onderwijs, leerplicht",Amsterdam: stadsdeel/GGW-gebied/wijk/buurt en overige indelingen,,
Amsterdam O&S BBGA,BBGA,Basisbestand Gebieden Amsterdam,OBAO_PROG,Onderwijs,Basisgeneratie prognose,"Prognose uit 2026 voor de omvang van de basisgeneratie op 1 januari.
De basisgeneratie is het aantal kinderen in de basisschoolleeftijd en wordt berekend als het aantal kinderen van 4 tot en met 11 jaar en 30% van het aantal 12-jarigen. De basisgeneratie in toekomstige jaren wordt afgeleid uit de bevolkingsaantallen per leeftijd, die berekend zijn in de bevolkingsprognose.",0,,1 januari,O&S,Amsterdam: stadsdeel/GGW-gebied/wijk/buurt en overige indelingen,,
Amsterdam O&S BBGA,BBGA,Basisbestand Gebieden Amsterdam,BEVOPLBASIS_P,Onderwijs,bevolking: basisopgeleid (%),"Aandeel 15 tot en met 74-jarigen dat het onderwijs heeft afgesloten met maximaal een mbo-1 diploma.
Vanaf 2017 sluiten alle cijfers aan op de gebiedsindeling van maart 2022. In 2015 is er een trendbreuk door aanpassingen in de berekeningswijze van het CBS.",0 %,,1 oktober,"bewerking O&S, CBS, hoogsteopltab",Amsterdam: stadsdeel/GGW-gebied/wijk/buurt en overige indelingen,,
Amsterdam O&S BBGA,BBGA,Basisbestand Gebieden Amsterdam,BEVOPLHBOWO_P,Onderwijs,bevolking: hbo/wo-opgeleid (%),"Aandeel 15 tot en met 74-jarigen dat het onderwijs heeft afgesloten met een hbo- of universiteitsdiploma.
Vanaf 2017 sluiten alle cijfers aan op de gebiedsindeling van maart 2022. In 2015 is er een trendbreuk door aanpassingen in de berekeningswijze van het CBS.",0 %,,1 oktober,"bewerking O&S, CBS, hoogsteopltab",Amsterdam: stadsdeel/GGW-gebied/wijk/buurt en overige indelingen,,
Amsterdam O&S BBGA,BBGA,Basisbestand Gebieden Amsterdam,BEVOPLMBO_P,Onderwijs,bevolking: mbo-opgeleid (%),"Aandeel 15 tot en met 74-jarigen dat het onderwijs heeft afgesloten met een mbo-2 t/m 4 diploma, een havo of vwo-diploma.
Vanaf 2017 sluiten alle cijfers aan op de gebiedsindeling van maart 2022. In 2015 is er een trendbreuk door aanpassingen in de berekeningswijze van het CBS.",0 %,,1 oktober,"bewerking O&S, CBS, hoogsteopltab",Amsterdam: stadsdeel/GGW-gebied/wijk/buurt en overige indelingen,,
Amsterdam O&S BBGA,BBGA,Basisbestand Gebieden Amsterdam,OAANBODBAO_R,Onderwijs,bo: aanbod basisscholen (1-10),"Gemiddeld rapportcijfer dat bewoners geven als antwoord op de vraag: Wat vindt u van het aanbod van basisscholen in uw buurt? (1=ruim onvoldoende, 10= ruim voldoende).
Er wordt alleen gerapporteerd over gebieden met minstens 50 respondenten.",0,,1 april,"O&S, Wonen in Amsterdam",Amsterdam: stadsdeel/GGW-gebied/wijk/buurt en overige indelingen,,
Amsterdam O&S BBGA,BBGA,Basisbestand Gebieden Amsterdam,OLLBAO,Onderwijs,bo: leerlingen,"Aantal leerlingen op de scholen voor basisonderwijs naar gebied van de hoofd- dan wel nevenvestiging.
Er is gebruik gemaakt van de dataset DUO open data leerlingen per onderwijssoort, cluster en leeftijd, bewerking O&S",0,,1 oktober,"bewerking O&S, DUO",Amsterdam: stadsdeel/GGW-gebied/wijk/buurt en overige indelingen,,
Amsterdam O&S BBGA,BBGA,Basisbestand Gebieden Amsterdam,OSCHBAO,Onderwijs,bo: scholen,"Aantal scholen voor basisonderwijs naar gebied van de hoofd- dan wel nevenvestiging.
Er is gebruik gemaakt van de dataset DUO open data leerlingen per onderwijssoort, cluster en leeftijd, bewerking O&S",0,,1 oktober,"bewerking O&S, DUO",Amsterdam: stadsdeel/GGW-gebied/wijk/buurt en overige indelingen,,
Amsterdam O&S BBGA,BBGA,Basisbestand Gebieden Amsterdam,OSTRFLEZ_P,Onderwijs,bo: streefniveau lezen (%),"Aandeel leerlingen in het basisonderwijs in groep 8 dat het streefniveau haalt voor lezen. De cijfers worden gepresenteerd over schoolgebieden.
Schooljaar 2019/'20 ontbreekt. Scholen hebben onder de coronamaatregelen geen toetsen afgegeven. Door een verschil in normering zijn de referentieniveaus voor schooljaren 2018/'19 en 2020/'21 niet volledig vergelijkbaar over de gehele linie heen. Er is gebruik gemaakt van de dataset DUO open data leerlingen per referentieniveau taal en rekenen",0 %,,1 oktober,"bewerking O&S, DUO",Amsterdam: stadsdeel/GGW-gebied/wijk/buurt en overige indelingen,,
Amsterdam O&S BBGA,BBGA,Basisbestand Gebieden Amsterdam,OSTRFREK_P,Onderwijs,bo: streefniveau rekenen (%),"Aandeel leerlingen in het basisonderwijs in groep 8 dat het streefniveau haalt voor rekenen. De cijfers worden gepresenteerd over schoolgebieden.
Schooljaar 2019/'20 ontbreekt. Scholen hebben onder de coronamaatregelen geen toetsen afgegeven. Door een verschil in normering zijn de referentieniveaus voor schooljaren 2018/'19 en 2020/'21 niet volledig vergelijkbaar over de gehele linie heen. Er is gebruik gemaakt van de dataset DUO open data leerlingen per referentieniveau taal en rekenen",0 %,,1 oktober,"bewerking O&S, DUO",Amsterdam: stadsdeel/GGW-gebied/wijk/buurt en overige indelingen,,
Amsterdam O&S BBGA,BBGA,Basisbestand Gebieden Amsterdam,OSTRFTAAL_P,Onderwijs,bo: streefniveau taal (%),"Aandeel leerlingen in het basisonderwijs in groep 8 dat het streefniveau haalt voor taal. De cijfers worden gepresenteerd over schoolgebieden.
Schooljaar 2019/'20 ontbreekt. Scholen hebben onder de coronamaatregelen geen toetsen afgegeven. Door een verschil in normering zijn de referentieniveaus voor schooljaren 2018/'19 en 2020/'21 niet volledig vergelijkbaar over de gehele linie heen. Er is gebruik gemaakt van de dataset DUO open data leerlingen per referentieniveau taal en rekenen",0 %,,1 oktober,"bewerking O&S, DUO",Amsterdam: stadsdeel/GGW-gebied/wijk/buurt en overige indelingen,,
Amsterdam O&S BBGA,BBGA,Basisbestand Gebieden Amsterdam,O_HAVO_P,Onderwijs,po: Basisschooladvies havo(/vwo) (%),Aandeel leerlingen uit groep 8 met een advies voor havo of havo/vwo.,0 %,,schooljaar,"bewerking O&S, CBS, inschrwpotab",Amsterdam: stadsdeel/GGW-gebied/wijk/buurt en overige indelingen,,
Amsterdam O&S BBGA,BBGA,Basisbestand Gebieden Amsterdam,O_VMBOBK_P,Onderwijs,po: basisschooladvies pro/vmbo-bk (%),"Aandeel leerlingen uit groep 8 met een schooladvies voor praktijkonderwijs, vmbo-b, vmbo-b/k of vmbo-k.",0 %,,schooljaar,"bewerking O&S, CBS, inschrwpotab",Amsterdam: stadsdeel/GGW-gebied/wijk/buurt en overige indelingen,,
Amsterdam O&S BBGA,BBGA,Basisbestand Gebieden Amsterdam,O_VMBOT_P,Onderwijs,po: basisschooladvies vmbo-t(/havo) (%),"Aandeel leerlingen uit groep 8 met een schooladvies voor vmbo-g, vmbo-g/t, vmbo-t, of vmbo-t/havo.",0 %,,schooljaar,"bewerking O&S, CBS, inschrwpotab",Amsterdam: stadsdeel/GGW-gebied/wijk/buurt en overige indelingen,,
Amsterdam O&S BBGA,BBGA,Basisbestand Gebieden Amsterdam,O_VWO_P,Onderwijs,po: basisschooladvies vwo (%),Aandeel leerlingen uit groep 8 met een advies voor vwo.,0 %,,schooljaar,"bewerking O&S, CBS, inschrwpotab",Amsterdam: stadsdeel/GGW-gebied/wijk/buurt en overige indelingen,,
Amsterdam O&S BBGA,BBGA,Basisbestand Gebieden Amsterdam,OTOETSH_P,Onderwijs,po: onderadvisering (%),"Aandeel leerlingen in het basisonderwijs in groep 8 waarbij de centrale eindtoets een hoger schooladvies voor het voortgezet onderwijs uitwijst dan eerder door de leraar is afgegeven.
De cijfers worden gepresenteerd over schoolgebieden. Schooljaar 2019/'20 ontbreekt. Scholen hebben onder de coronamaatregelen geen toets afgenomen. De cijfers zijn afkomstig van DUO open data heroverwegingen en bijgestelde adviezen",0 %,,1 oktober,"bewerking O&S, DUO",Amsterdam: stadsdeel/GGW-gebied/wijk/buurt en overige indelingen,,
Amsterdam O&S BBGA,BBGA,Basisbestand Gebieden Amsterdam,O_OPLPO_L_P,Onderwijs,po: ouders basisopgeleid  (%),"Aandeel van de basisschoolleerlingen (inclusief speciaal basisonderwijs) waarvan de hoogst opgeleide ouder basisopgeleid is (maximaal mbo-1).
De peildatum heeft betrekking op het jaar waarin de leerlingen zijn geteld. Het opleidingsniveau van de ouders is 1 a 2 jaar eerder bepaald.",0 %,,1 oktober,"bewerking O&S, CBS, hoogsteopltab, onderwijsinschrtab",Amsterdam: stadsdeel/GGW-gebied/wijk/buurt en overige indelingen,,
Amsterdam O&S BBGA,BBGA,Basisbestand Gebieden Amsterdam,O_OPLPO_P,Onderwijs,po: ouders hbo/wo-opgeleid (%),"Aandeel van de basisschoolleerlingen (inclusief speciaal basisonderwijs) waarvan de hoogst opgeleide ouders een hbo- of wo-opleiding heeft afgerond.
De peildatum heeft betrekking op het jaar waarin de leerlingen zijn geteld. Het opleidingsniveau van de ouders is 1 a 2 jaar eerder bepaald.",0 %,,1 oktober,"bewerking O&S, CBS, hoogsteopltab, onderwijsinschrtab",Amsterdam: stadsdeel/GGW-gebied/wijk/buurt en overige indelingen,,
Amsterdam O&S BBGA,BBGA,Basisbestand Gebieden Amsterdam,O_OPLPO_M_P,Onderwijs,po: ouders mbo-opgeleid (%),"Aandeel van de basisschoolleerlingen (inclusief speciaal basisonderwijs) waarvan de hoogst opgeleide ouder een mbo-2 t/m 4 opleiding of havo of vwo heeft afgerond.
De peildatum heeft betrekking op het jaar waarin de leerlingen zijn geteld. Het opleidingsniveau van de ouders is 1 a 2 jaar eerder bepaald.",0 %,,1 oktober,"bewerking O&S, CBS, hoogsteopltab, onderwijsinschrtab",Amsterdam: stadsdeel/GGW-gebied/wijk/buurt en overige indelingen,,
Amsterdam O&S BBGA,BBGA,Basisbestand Gebieden Amsterdam,OTOETSL_P,Onderwijs,po: overadvisering (%),"Aandeel leerlingen in het basisonderwijs in groep 8 waarbij de centrale eindtoets een lager schooladvies voor het voortgezet onderwijs uitwijst dan eerder door de leraar is afgegeven.
Schooljaar 2019/'20 ontbreekt. Scholen hebben onder de coronamaatregelen geen toetsen afgegeven. Door een verschil in normering zijn de referentieniveaus voor schooljaren 2018/'19 en 2020/'21 niet volledig vergelijkbaar over de gehele linie heen. Er is gebruik gemaakt van de dataset  DUO open data heroverwegingen en bijgestelde adviezen, bewerking O&S",0 %,,1 oktober,"bewerking O&S, DUO",Amsterdam: stadsdeel/GGW-gebied/wijk/buurt en overige indelingen,,
Amsterdam O&S BBGA,BBGA,Basisbestand Gebieden Amsterdam,OLLSBO,Onderwijs,sbo: leerlingen,"Aantal leerlingen op de scholen voor het speciaal basisonderwijs.
Er is gebruik gemaakt van de dataset DUO open data leerlingen per onderwijssoort, cluster en leeftijd, bewerking O&S",0,,1 oktober,"bewerking O&S, DUO",Amsterdam: stadsdeel/GGW-gebied/wijk/buurt en overige indelingen,,
Amsterdam O&S BBGA,BBGA,Basisbestand Gebieden Amsterdam,OSCHSBO,Onderwijs,sbo: scholen,"Aantal scholen voor het speciaal basisonderwijs.
Er is gebruik gemaakt van de dataset DUO open data leerlingen per onderwijssoort, cluster en leeftijd, bewerking O&S",0,,1 oktober,"bewerking O&S, DUO",Amsterdam: stadsdeel/GGW-gebied/wijk/buurt en overige indelingen,,
Amsterdam O&S BBGA,BBGA,Basisbestand Gebieden Amsterdam,OLLSO,Onderwijs,so: leerlingen,"Aantal leerlingen op de scholen voor het speciaal onderwijs.
Er is gebruik gemaakt van de dataset DUO open data leerlingen per onderwijssoort, cluster en leeftijd, bewerking O&S",0,,1 oktober,"bewerking O&S, DUO",Amsterdam: stadsdeel/GGW-gebied/wijk/buurt en overige indelingen,,
Amsterdam O&S BBGA,BBGA,Basisbestand Gebieden Amsterdam,OSCHSO,Onderwijs,so: scholen,"Aantal scholen voor het speciaal onderwijs.
Er is gebruik gemaakt van de dataset DUO open data leerlingen per onderwijssoort, cluster en leeftijd, bewerking O&S",0,,1 oktober,"bewerking O&S, DUO",Amsterdam: stadsdeel/GGW-gebied/wijk/buurt en overige indelingen,,
Amsterdam O&S BBGA,BBGA,Basisbestand Gebieden Amsterdam,OSTUDHBO,Onderwijs,Studenten hbo,"Aantal bewoners dat staat ingeschreven bij een hbo-opleiding.
Het meest recente peiljaar betreft voorlopige cijfers. Er worden alleen gegevens gepresenteerd over gebieden met minimaal 25 hbo-studenten.",0,,1 oktober,"bewerking O&S, CBS, onderwijsinschrtab",Amsterdam: stadsdeel/GGW-gebied/wijk/buurt en overige indelingen,,
Amsterdam O&S BBGA,BBGA,Basisbestand Gebieden Amsterdam,OSTUDMBO,Onderwijs,Studenten mbo,"Aantal bewoners dat staat ingeschreven bij een mbo-opleiding.
Het meest recente peiljaar betreft voorlopige cijfers. Er worden alleen gegevens gepresenteerd over gebieden met minimaal 25 mbo-studenten.",0,,1 oktober,"bewerking O&S, CBS, onderwijsinschrtab",Amsterdam: stadsdeel/GGW-gebied/wijk/buurt en overige indelingen,,
Amsterdam O&S BBGA,BBGA,Basisbestand Gebieden Amsterdam,OSTUDWO,Onderwijs,Studenten wo,"Aantal bewoners dat staat ingeschreven bij een wo-opleiding.
Er worden alleen gegevens gepresenteerd over gebieden met minimaal 25 wo-studenten.",0,,1 oktober,"bewerking O&S, CBS, onderwijsinschrtab",Amsterdam: stadsdeel/GGW-gebied/wijk/buurt en overige indelingen,,
Amsterdam O&S BBGA,BBGA,Basisbestand Gebieden Amsterdam,O_AFSTROOM_P,Onderwijs,vo: afstroom vo3 (%),Aandeel leerlingen in de derde klas van het voortgezet onderwijs die op een lager niveau onderwijs volgen dan hun schooladvies uit groep 8.,0 %,,1 oktober,"bewerking O&S, CBS, inschrwpotab, onderwijsinschrtab",Amsterdam: stadsdeel/GGW-gebied/wijk/buurt en overige indelingen,,
Amsterdam O&S BBGA,BBGA,Basisbestand Gebieden Amsterdam,OLLVO,Onderwijs,vo: leerlingen,"Aantal leerlingen op de scholen voor het voortgezet onderwijs.
Er is gebruik gemaakt van het bestand DUO open data aantal leerlingen",0,,1 oktober,"bewerking O&S, DUO",Amsterdam: stadsdeel/GGW-gebied/wijk/buurt en overige indelingen,,
Amsterdam O&S BBGA,BBGA,Basisbestand Gebieden Amsterdam,O_OPLVO_L_P,Onderwijs,vo: ouders basisopgeleid (%),"Aandeel van de leerlingen in het voortgezet onderwijs waarvan de hoogst opgeleide ouder basisopgeleid is (maximaal mbo-1).
De peildatum heeft betrekking op het jaar waarin de leerlingen zijn geteld. Het opleidingsniveau van de ouders is 1 a 2 jaar eerder bepaald.",0 %,,1 oktober,"bewerking O&S, CBS, hoogsteopltab, onderwijsinschrtab",Amsterdam: stadsdeel/GGW-gebied/wijk/buurt en overige indelingen,,
Amsterdam O&S BBGA,BBGA,Basisbestand Gebieden Amsterdam,O_OPLVO_P,Onderwijs,vo: ouders hbo/wo-opgeleid (%),"Aandeel van de leerlingen in het voortgezet onderwijs waarvan de hoogst opgeleide ouders een hbo- of wo-opleiding heeft afgerond.
De peildatum heeft betrekking op het jaar waarin de leerlingen zijn geteld. Het opleidingsniveau van de ouders is 1 a 2 jaar eerder bepaald.",0 %,,1 oktober,"bewerking O&S, CBS, hoogsteopltab, onderwijsinschrtab",Amsterdam: stadsdeel/GGW-gebied/wijk/buurt en overige indelingen,,
Amsterdam O&S BBGA,BBGA,Basisbestand Gebieden Amsterdam,O_OPLVO_M_P,Onderwijs,vo: ouders mbo-opgeleid (%),"Aandeel van de leerlingen in het voortgezet onderwijs waarvan de hoogst opgeleide ouder een mbo-2 t/m 4 opleding of havo of vwo heeft afgerond.
De peildatum heeft betrekking op het jaar waarin de leerlingen zijn geteld. Het opleidingsniveau van de ouders is 1 a 2 jaar eerder bepaald.",0 %,,1 oktober,"bewerking O&S, CBS, hoogsteopltab, onderwijsinschrtab",Amsterdam: stadsdeel/GGW-gebied/wijk/buurt en overige indelingen,,
Amsterdam O&S BBGA,BBGA,Basisbestand Gebieden Amsterdam,OSCHVO,Onderwijs,vo: scholen,"Aantal scholen voor het voortgezet onderwijs.
Er is gebruik gemaakt van de dataset DUO open data aantal leerlingen, bewerking O&S",0,,1 oktober,"bewerking O&S, DUO",Amsterdam: stadsdeel/GGW-gebied/wijk/buurt en overige indelingen,,
Amsterdam O&S BBGA,BBGA,Basisbestand Gebieden Amsterdam,OLLVSO,Onderwijs,vso: leerlingen,"Aantal leerlingen op de scholen voor het voortgezet speciaal onderwijs
Er is gebruik gemaakt van de dataset DUO open data leerlingen per onderwijssoort, cluster en leeftijd, bewerking O&S",0,,1 oktober,"bewerking O&S, DUO",Amsterdam: stadsdeel/GGW-gebied/wijk/buurt en overige indelingen,,
Amsterdam O&S BBGA,BBGA,Basisbestand Gebieden Amsterdam,OSCHVSO,Onderwijs,vso: scholen,"Aantal scholen voor het voortgezet speciaal onderwijs
Er is gebruik gemaakt van het bestand DUO open data leerlingen per onderwijssoort, cluster en leeftijd",0,,1 oktober,"bewerking O&S, DUO",Amsterdam: stadsdeel/GGW-gebied/wijk/buurt en overige indelingen,,
Amsterdam O&S BBGA,BBGA,Basisbestand Gebieden Amsterdam,OVVEDEELN,Onderwijs,VVE: deelname indicaties,Aantal peuters van 30 tot en met 47 maanden met een indicatie voor Voor en Vroegschoolse Educatie (vve) dat deelneemt aan vve.,0,,1 december,"bewerking O&S, Directie Onderwijs, Elektronisch loket VVE",Amsterdam: stadsdeel/GGW-gebied/wijk/buurt en overige indelingen,,
Amsterdam O&S BBGA,BBGA,Basisbestand Gebieden Amsterdam,OVVEDEELN_P,Onderwijs,VVE: deelname indicaties (%),Aandeel peuters van 30 tot en met 47 maanden met een indicatie voor Voor en Vroegschoolse Educatie (vve) dat deelneemt aan vve.,0 %,,1 december,"bewerking O&S, Directie Onderwijs, Elektronisch loket VVE",Amsterdam: stadsdeel/GGW-gebied/wijk/buurt en overige indelingen,,
Amsterdam O&S BBGA,BBGA,Basisbestand Gebieden Amsterdam,OVVEINDI,Onderwijs,VVE: indicaties,Aantal peuters van 30 tot en met 47 maanden jaar met een indicatie voor Voor en Vroegschoolse Educatie (vve).,0,,1 december,"bewerking O&S, Directie Onderwijs, Elektronisch loket VVE",Amsterdam: stadsdeel/GGW-gebied/wijk/buurt en overige indelingen,,
Amsterdam O&S BBGA,BBGA,Basisbestand Gebieden Amsterdam,OVVEINDI_P,Onderwijs,VVE: indicaties (%),Aandeel peuters van 30 tot en met 47 maanden volgens het Elektronisch Loket VVE met een indicatie voor Voor en Vroegschoolse Educatie (vve).,0 %,,1 december,"bewerking O&S, Directie Onderwijs, Elektronisch loket VVE",Amsterdam: stadsdeel/GGW-gebied/wijk/buurt en overige indelingen,,
Amsterdam O&S BBGA,BBGA,Basisbestand Gebieden Amsterdam,OR_BIJPLAATS_P,Openbare ruimte,Bijplaatsingen bij containers (% weinig/geen),"Het aandeel plekken waar op basis van tellingen minstens de score B is gegeven voor de aanwezigheid van afval bij containers
De scrore is berekend door in vakken van 100 bij 100 meter te zoeken naar de slechtste plek. Deze plek krijgt een score van A+, A, B, C of D, waarbij A+ het beste resultaat is (geen vuil aanwezig) en D het slechtste (veel vuil aanwezig).",0 %,,,Monitor Afval en Reiniging,Amsterdam: stadsdeel/GGW-gebied/wijk/buurt en overige indelingen,,
Amsterdam O&S BBGA,BBGA,Basisbestand Gebieden Amsterdam,ORAANBODSPELEN_R,Openbare ruimte,Buurt: aanbod spelen (1-10),"Gemiddeld rapportcijfer dat bewoners geven als antwoord op de vraag: Wat vindt u van het aanbod van speelvoorzieningen in uw buurt? (1=ruim onvoldoende, 10= ruim voldoende).
Er wordt alleen gerapporteerd over gebieden met minstens 20 respondenten.",0,,1 april,"O&S, Wonen in Amsterdam",Amsterdam: stadsdeel/GGW-gebied/wijk/buurt en overige indelingen,,
Amsterdam O&S BBGA,BBGA,Basisbestand Gebieden Amsterdam,ORSCHOON_P,Openbare ruimte,Buurt: schoon (%),"Aandeel 15-plussers dat het in de buurt (zeer) schoon vindt.
Er wordt alleen gerapporteerd over gebieden met minstens 50 respondenten.De vragenlijst en de onderzoeksmethode van de Veiligheidsmonitor zijn in 2021 gewijzigd. Sommige indicatoren zijn hierdoor niet beschikbaar voor eerdere jaren. Voor andere indicatoren geldt dat de vergelijking met eerdere jaren voorzichtig gemaakt dient te worden.",0 %,,1 september,Veiligheidsmonitor Amsterdam-Amstelland,Amsterdam: stadsdeel/GGW-gebied/wijk/buurt en overige indelingen,,
Amsterdam O&S BBGA,BBGA,Basisbestand Gebieden Amsterdam,ORLICHT_P,Openbare ruimte,Buurt: straatverlichting (% tevreden),"Aandeel 15-plussers dat (zeer) tevreden is over de straatverlichting in de buurt.
Er wordt alleen gerapporteerd over gebieden met minstens 50 respondenten.De vragenlijst en de onderzoeksmethode van de Veiligheidsmonitor zijn in 2021 gewijzigd. Sommige indicatoren zijn hierdoor niet beschikbaar voor eerdere jaren. Voor andere indicatoren geldt dat de vergelijking met eerdere jaren voorzichtig gemaakt dient te worden.",0 %,,1 september,Veiligheidsmonitor Amsterdam-Amstelland,Amsterdam: stadsdeel/GGW-gebied/wijk/buurt en overige indelingen,,
Amsterdam O&S BBGA,BBGA,Basisbestand Gebieden Amsterdam,ORVIES_P,Openbare ruimte,Buurt: vies (%),"Aandeel 15-plussers dat het in de buurt (zeer) vies vindt.
Er wordt alleen gerapporteerd over gebieden met minstens 50 respondenten.De vragenlijst en de onderzoeksmethode van de Veiligheidsmonitor zijn in 2021 gewijzigd. Sommige indicatoren zijn hierdoor niet beschikbaar voor eerdere jaren. Voor andere indicatoren geldt dat de vergelijking met eerdere jaren voorzichtig gemaakt dient te worden.",0 %,,1 september,Veiligheidsmonitor Amsterdam-Amstelland,Amsterdam: stadsdeel/GGW-gebied/wijk/buurt en overige indelingen,,
Amsterdam O&S BBGA,BBGA,Basisbestand Gebieden Amsterdam,ORGROFVUIL_P,Openbare ruimte,Mogelijkheden aanbieden grofvuil (% tevreden),Aandeel 15-plussers dat (zeer) tevreden is met de mogelijkheden tot het aanbieden van grofvuil in de buurt.,0 %,,1 september,Veiligheidsmonitor Amsterdam-Amstelland,Amsterdam: stadsdeel/GGW-gebied/wijk/buurt en overige indelingen,,
Amsterdam O&S BBGA,BBGA,Basisbestand Gebieden Amsterdam,ORHUISVUIL_P,Openbare ruimte,Mogelijkheden aanbieden huisvuil (% tevreden),"Aandeel 15-plussers dat (zeer) tevreden is met de mogelijkheden tot het aanbieden van huisvuil in de buurt.
Er wordt alleen gerapporteerd over gebieden met minstens 50 respondenten. De vragenlijst en de onderzoeksmethode van de Veiligheidsmonitor zijn in 2021 gewijzigd. Sommige indicatoren zijn hierdoor niet beschikbaar voor eerdere jaren. Voor andere indicatoren geldt dat de vergelijking met eerdere jaren voorzichtig gemaakt dient te worden.",0 %,,1 september,Veiligheidsmonitor Amsterdam-Amstelland,Amsterdam: stadsdeel/GGW-gebied/wijk/buurt en overige indelingen,,
Amsterdam O&S BBGA,BBGA,Basisbestand Gebieden Amsterdam,ORSCHEIDEN_P,Openbare ruimte,Mogelijkheden scheiden van afval (% tevreden),"Aandeel 15-plussers dat (zeer) tevreden is met de mogelijkheden van het scheiden van afval in de buurt.
Er wordt alleen gerapporteerd over gebieden met minstens 50 respondenten. De vragenlijst en de onderzoeksmethode van de Veiligheidsmonitor zijn in 2021 gewijzigd. Sommige indicatoren zijn hierdoor niet beschikbaar voor eerdere jaren. Voor andere indicatoren geldt dat de vergelijking met eerdere jaren voorzichtig gemaakt dient te worden.",0 %,,1 september,Veiligheidsmonitor Amsterdam-Amstelland,Amsterdam: stadsdeel/GGW-gebied/wijk/buurt en overige indelingen,,
Amsterdam O&S BBGA,BBGA,Basisbestand Gebieden Amsterdam,ORONDERHOUDSPELEN_R,Openbare ruimte,Onderhoud speelvoorzieningen (1-10),"Gemiddeld rapportcijfer dat bewoners geven als antwoord op de vraag: Hoe beoordeelt u de staat van onderhoud van de speelvoorzieningen in uw buurt? (1= ruim onvoldoende, 10 = ruim voldoende).",0,,1 april,"O&S, Wonen in Amsterdam",Amsterdam: stadsdeel/GGW-gebied/wijk/buurt en overige indelingen,,
Amsterdam O&S BBGA,BBGA,Basisbestand Gebieden Amsterdam,ORONDERHOUDSTRATEN_R,Openbare ruimte,Onderhoud straten en stoepen (1-10),"Gemiddeld rapportcijfer dat bewoners geven als antwoord op de vraag: Hoe beoordeelt u de staat van onderhoud van de straten en stoepen in uw buurt? (1= ruim onvoldoende, 10 = ruim voldoende).
Er wordt alleen gerapporteerd over gebieden met minstens 20 respondenten.",0,,1 april,"O&S, Wonen in Amsterdam",Amsterdam: stadsdeel/GGW-gebied/wijk/buurt en overige indelingen,,
Amsterdam O&S BBGA,BBGA,Basisbestand Gebieden Amsterdam,ORBEBOUWD,Openbare ruimte,Oppervlakte bebouwd,Oppervlakte bebouwd terrein (publiek en privaat) inclusief het bijbehorende erf.,0 ha,,,"AAN, BGT, CBS-gebieden, Top10NL",Amsterdam: stadsdeel/GGW-gebied/wijk/buurt en overige indelingen,,
Amsterdam O&S BBGA,BBGA,Basisbestand Gebieden Amsterdam,ORBEBOUWD_P,Openbare ruimte,Oppervlakte bebouwd (%),Aandeel van de totale opppervlakte dat bestaat uit bebouwd terrein (publiek en privaat) inclusief het bijbehorende erf.,0 %,,,"AAN, BGT, CBS-gebieden, Top10NL",Amsterdam: stadsdeel/GGW-gebied/wijk/buurt en overige indelingen,,
Amsterdam O&S BBGA,BBGA,Basisbestand Gebieden Amsterdam,ORERF,Openbare ruimte,Oppervlakte erf,"Oppervlakte erf dat bij een pand of overig bouwwerk hoort, dat niet nader wordt ingewonnen en dat bestaat uit een mengvorm van begroeiing, verharding, en/of water.",0 ha,,,"AAN, BGT, CBS-gebieden, Top10NL",Amsterdam: stadsdeel/GGW-gebied/wijk/buurt en overige indelingen,,
Amsterdam O&S BBGA,BBGA,Basisbestand Gebieden Amsterdam,ORERF_P,Openbare ruimte,Oppervlakte erf (%),"Percentage erf van oppervlakte land dat bij een pand of overig bouwwerk hoort, dat niet nader wordt ingewonnen en dat bestaat uit een mengvorm van begroeiing, verharding, en/of water.",0 %,,,"AAN, BGT, CBS-gebieden, Top10NL",Amsterdam: stadsdeel/GGW-gebied/wijk/buurt en overige indelingen,,
Amsterdam O&S BBGA,BBGA,Basisbestand Gebieden Amsterdam,ORLAND,Openbare ruimte,Oppervlakte land,"Landoppervlak in hectares, zoals vastgesteld door het CBS om bevolkings- en woningdichtheden te berekenen.
In 2017 is er een trendbreuk door overgang van Stand Bodemgebruik Amsterdam (STABO) naar de landelijke basisregistratie Topografie (Top10nl).",0 ha,,,BGT,Amsterdam: stadsdeel/GGW-gebied/wijk/buurt en overige indelingen,,
Amsterdam O&S BBGA,BBGA,Basisbestand Gebieden Amsterdam,ORLAND_P,Openbare ruimte,Oppervlakte land (%),Percentage landoppervlak ten opzichte van de oppervlakte van het totale gebied.,0 %,,,BGT,Amsterdam: stadsdeel/GGW-gebied/wijk/buurt en overige indelingen,,
Amsterdam O&S BBGA,BBGA,Basisbestand Gebieden Amsterdam,ORTERREIN,Openbare ruimte,Oppervlakte onbegroeid terrein,"Oppervlakte van het terrein, dat er binnen het objecttype Terrein van NEN 3610 wordt onderscheiden, zonder aaneengesloten vegetatie.",0 ha,,,"AAN, BGT, CBS-gebieden, Top10NL",Amsterdam: stadsdeel/GGW-gebied/wijk/buurt en overige indelingen,,
Amsterdam O&S BBGA,BBGA,Basisbestand Gebieden Amsterdam,ORTERREIN_P,Openbare ruimte,Oppervlakte onbegroeid terrein (%),"Percentage van het terrein naar landoppervlak, dat er binnen het objecttype Terrein van NEN 3610 wordt onderscheiden, zonder aaneengesloten vegetatie.",0 %,,,"AAN, BGT, CBS-gebieden, Top10NL",Amsterdam: stadsdeel/GGW-gebied/wijk/buurt en overige indelingen,,
Amsterdam O&S BBGA,BBGA,Basisbestand Gebieden Amsterdam,ORPRIVLAND,Openbare ruimte,Oppervlakte private ruimte land,Oppervlakte private ruimte land binnen het gebied in hectare. Dit is samengesteld uit bebouwing + erf.,0 ha,,,"AAN, BGT, CBS-gebieden, Top10NL",Amsterdam: stadsdeel/GGW-gebied/wijk/buurt en overige indelingen,,
Amsterdam O&S BBGA,BBGA,Basisbestand Gebieden Amsterdam,ORPRIVLAND_P,Openbare ruimte,Oppervlakte private ruimte land (%),Percentage landoppervlak private ruimte ten opzichte van het oppervlak land.,0 %,,,"AAN, BGT, CBS-gebieden, Top10NL",Amsterdam: stadsdeel/GGW-gebied/wijk/buurt en overige indelingen,,
Amsterdam O&S BBGA,BBGA,Basisbestand Gebieden Amsterdam,ORPUBGROEN,Openbare ruimte,Oppervlakte publiek groen,"Aantal hectare levend groen in de publieke ruimte (inclusief agrarisch en natuurlijk groen).
De minimale oppervlakte van meegeteld groen is 1 m2. Bomen in een stenige omgeving hebben op straatniveau een te kleine oppervlakte en zijn niet meegenomen in de cijfers.",0 ha,,,"AAN, BGT, CBS-gebieden, Top10NL",Amsterdam: stadsdeel/GGW-gebied/wijk/buurt en overige indelingen,,
Amsterdam O&S BBGA,BBGA,Basisbestand Gebieden Amsterdam,ORPUBGROEN_P,Openbare ruimte,Oppervlakte publiek groen (%),Percentage levend groen in de publieke ruimte (inclusief agrarisch en natuurlijk groen) op de oppervlakte land.,0 %,,,"AAN, BGT, CBS-gebieden, Top10NL",Amsterdam: stadsdeel/GGW-gebied/wijk/buurt en overige indelingen,,
Amsterdam O&S BBGA,BBGA,Basisbestand Gebieden Amsterdam,ORPUBGROEN_1000INW,Openbare ruimte,Oppervlakte publiek groen per 1.000 inwoners,"Aantal hectare levend groen in de publieke ruimte (inclusief agrarisch en natuurlijk groen) per 1.000 inwoners.
De minimale oppervlakte van meegeteld groen is 1 m2. Bomen in een stenige omgeving hebben op straatniveau een te kleine oppervlakte en zijn niet meegenomen in de cijfers.",0 /1.000 inwoners,,,"AAN, BGT, CBS-gebieden, Top10NL",Amsterdam: stadsdeel/GGW-gebied/wijk/buurt en overige indelingen,,
Amsterdam O&S BBGA,BBGA,Basisbestand Gebieden Amsterdam,ORPUBGROEN_PUB_P,Openbare ruimte,Oppervlakte publiek groen publiek (%),Percentage levend groen in de publieke ruimte (inclusief agrarisch en natuurlijk groen) op de oppervlakte publieke ruimte.,0 %,,,"AAN, BGT, CBS-gebieden, Top10NL",Amsterdam: stadsdeel/GGW-gebied/wijk/buurt en overige indelingen,,
Amsterdam O&S BBGA,BBGA,Basisbestand Gebieden Amsterdam,ORPUBLAND,Openbare ruimte,Oppervlakte publieke ruimte land,Oppervlakte publieke ruimte land binnen het gebied in hectare. Dit is inclusief agrarisch land. Publieke ruimte = oppervlakte land - (bebouwing + erf),0 ha,,,"AAN, BGT, CBS-gebieden, Top10NL",Amsterdam: stadsdeel/GGW-gebied/wijk/buurt en overige indelingen,,
Amsterdam O&S BBGA,BBGA,Basisbestand Gebieden Amsterdam,ORPUBLAND_P,Openbare ruimte,Oppervlakte publieke ruimte land (%),Percentage landoppervlak publieke ruimte ten opzichte van de oppervlakte van het oppervlak land. Dit is inclusief agrarisch land. Publieke ruimte = oppervlakte land - (bebouwing + erf),0 %,,,"AAN, BGT, CBS-gebieden, Top10NL",Amsterdam: stadsdeel/GGW-gebied/wijk/buurt en overige indelingen,,
Amsterdam O&S BBGA,BBGA,Basisbestand Gebieden Amsterdam,OROPP,Openbare ruimte,Oppervlakte totaal,Totaal oppervlak van het gebied in hectare.,0 ha,,,BGT,Amsterdam: stadsdeel/GGW-gebied/wijk/buurt en overige indelingen,,
Amsterdam O&S BBGA,BBGA,Basisbestand Gebieden Amsterdam,ORWATER,Openbare ruimte,Oppervlakte water,Oppervlakte hectare binnenwater.,0 ha,,,BGT,Amsterdam: stadsdeel/GGW-gebied/wijk/buurt en overige indelingen,,
Amsterdam O&S BBGA,BBGA,Basisbestand Gebieden Amsterdam,ORWATER_P,Openbare ruimte,Oppervlakte water (%),Percentage binnenwater ten opzichte van de oppervlakte van het totale gebied.,0 %,,,BGT,Amsterdam: stadsdeel/GGW-gebied/wijk/buurt en overige indelingen,,
Amsterdam O&S BBGA,BBGA,Basisbestand Gebieden Amsterdam,ORWEG,Openbare ruimte,Oppervlakte weg,"Oppervlakte van een NEN 3610 Weg met gelijkblijvende, homogene eigenschappen en relaties en primair bedoeld voor gebruik door weg-, spoor- en vliegverkeer te land.",0 ha,,,"AAN, BGT, CBS-gebieden, Top10NL",Amsterdam: stadsdeel/GGW-gebied/wijk/buurt en overige indelingen,,
Amsterdam O&S BBGA,BBGA,Basisbestand Gebieden Amsterdam,ORWEG_P,Openbare ruimte,Oppervlakte weg  (%),"Percentage van een NEN 3610 Weg naar landoppervlak met gelijkblijvende, homogene eigenschappen en relaties en primair bedoeld voor gebruik door weg-, spoor- en vliegverkeer te land.",0 %,,,"AAN, BGT, CBS-gebieden, Top10NL",Amsterdam: stadsdeel/GGW-gebied/wijk/buurt en overige indelingen,,
Amsterdam O&S BBGA,BBGA,Basisbestand Gebieden Amsterdam,LBOUWOVERLAST_R,Openbare ruimte,Overlast: bouwactiviteiten (1-10),"Gemiddeld rapportcijfer dat bewoners geven als antwoord op de vraag: In welke mate ervaart u overlast van bouwactiviteiten in de buurt
Er wordt alleen gerapporteerd over gebieden met minstens 20 respondenten.",0,,1 april,"O&S, Wonen in Amsterdam",Amsterdam: stadsdeel/GGW-gebied/wijk/buurt en overige indelingen,,
Amsterdam O&S BBGA,BBGA,Basisbestand Gebieden Amsterdam,MDIERENPLAGEN_R,Openbare ruimte,Overlast: dierenplagen (1-10),"Gemiddeld rapportcijfer dat bewoners geven als antwoord op de vraag: In welke mate ervaart u overlast van dierenplagendierplagen buiten (ratten / muizen / vogels).
Er wordt alleen gerapporteerd over gebieden met minstens 20 respondenten.",0,,1 april,"O&S, Wonen in Amsterdam",Amsterdam: stadsdeel/GGW-gebied/wijk/buurt en overige indelingen,,
Amsterdam O&S BBGA,BBGA,Basisbestand Gebieden Amsterdam,MVERVUILING_R,Openbare ruimte,Overlast: vervuiling (1-10),"Gemiddeld rapportcijfer dat bewoners geven als antwoord op de vraag: In welke mate ondervindt u overlast van vervuiling? (1= ernstige overlast, 10 =geen overlast).
Er wordt alleen gerapporteerd over gebieden met minstens 20 respondenten.",0,,1 april,"O&S, Wonen in Amsterdam",Amsterdam: stadsdeel/GGW-gebied/wijk/buurt en overige indelingen,,
Amsterdam O&S BBGA,BBGA,Basisbestand Gebieden Amsterdam,ORSCHOONSPELEN_R,Openbare ruimte,Schoon speelvoorzieningen (1-10),"Gemiddeld rapportcijfer dat bewoners geven als antwoord op de vraag: Hoe beoordeelt u het schoonhouden van de speelvoorzieningen in uw buurt? (1= ruim onvoldoende, 10 = ruim voldoende).
Er wordt alleen gerapporteerd over gebieden met minstens 20 respondenten.",0,,1 april,"O&S, Wonen in Amsterdam",Amsterdam: stadsdeel/GGW-gebied/wijk/buurt en overige indelingen,,
Amsterdam O&S BBGA,BBGA,Basisbestand Gebieden Amsterdam,ORSCHOONSTRATEN_R,Openbare ruimte,Schoon straten en stoepen (1-10),"Gemiddeld rapportcijfer dat bewoners geven als antwoord op de vraag: Hoe beoordeelt u het schoonhouden van de straten en stoepen in uw buurt? (1= ruim onvoldoende, 10 = ruim voldoende).
Er wordt alleen gerapporteerd over gebieden met minstens 20 respondenten.",0,,1 april,"O&S, Wonen in Amsterdam",Amsterdam: stadsdeel/GGW-gebied/wijk/buurt en overige indelingen,,
Amsterdam O&S BBGA,BBGA,Basisbestand Gebieden Amsterdam,ORTEVRGEMLV_P,Openbare ruimte,Vertrouwen: aanpak gemeente leefbaarheid en veiligheid (% tevreden),"Aandeel 15-plussers dat zegt (heel) tevreden te zijn met het functioneren van de gemeente bij de aanpak van de leefbaarheid en veiligheid.
Er wordt alleen gerapporteerd over gebieden met minstens 50 respondenten. De vragenlijst en de onderzoeksmethode van de Veiligheidsmonitor zijn in 2021 gewijzigd. Sommige indicatoren zijn hierdoor niet beschikbaar voor eerdere jaren. Voor andere indicatoren geldt dat de vergelijking met eerdere jaren voorzichtig gemaakt dient te worden.",0 %,,,Veiligheidsmonitor Amsterdam-Amstelland,Amsterdam: stadsdeel/GGW-gebied/wijk/buurt en overige indelingen,,
Amsterdam O&S BBGA,BBGA,Basisbestand Gebieden Amsterdam,ORBETRGEM_P,Openbare ruimte,Vertrouwen: betrekken buurt leefbaarheid en veiligheid (% mee eens),"Aandeel 15-plussers dat het (helemaal) eens is met de volgende stelling: De gemeente betrekt de buurt bij de aanpak van leefbaarheid en veiligheid in de buurt.
Er wordt alleen gerapporteerd over gebieden met minstens 50 respondenten. De vragenlijst en de onderzoeksmethode van de Veiligheidsmonitor zijn in 2021 gewijzigd. Sommige indicatoren zijn hierdoor niet beschikbaar voor eerdere jaren. Voor andere indicatoren geldt dat de vergelijking met eerdere jaren voorzichtig gemaakt dient te worden.",0 %,,1 september,Veiligheidsmonitor Amsterdam-Amstelland,Amsterdam: stadsdeel/GGW-gebied/wijk/buurt en overige indelingen,,
Amsterdam O&S BBGA,BBGA,Basisbestand Gebieden Amsterdam,OR_AFVALBAK_P,Openbare ruimte,Vullingsgraad afvalbakken,"Het aandeel afvalbakken dat op basis van tellingen minstens de score B is gegeven voor vullingsgraad. De gemeten afvalbakken in het gebied krijgen een score van A+, A, B, C of D, waarbij A+ het beste resultaat is (afvalbak is leeg) en D het slechtste (afvalbak is vol of overvol). De score B wordt gegeven wanneer een afvalbak voor ongeveer 80% gevuld is.",0 %,,jaarcijfer,Monitor Afval en Reiniging,Amsterdam: stadsdeel/GGW-gebied/wijk/buurt en overige indelingen,,
Amsterdam O&S BBGA,BBGA,Basisbestand Gebieden Amsterdam,OR_GROF_P,Openbare ruimte,Zwerfvuil grof (% weinig/geen),"Het aandeel plekken waar op basis van tellingen minstens de score B is gegeven voor de aanwezigheid van grof zwerfvuil. In vakken van 100 bij 100 meter is steeds gezocht naar de slechtste plek. Deze plek krijgt een score van A+, A, B, C of D, waarbij A+ het beste resultaat is (geen vuil aanwezig) en D het slechtste (veel vuil aanwezig).",0 %,,jaarcijfer,Monitor Afval en Reiniging,Amsterdam: stadsdeel/GGW-gebied/wijk/buurt en overige indelingen,,
Amsterdam O&S BBGA,BBGA,Basisbestand Gebieden Amsterdam,PBBV_P,Participatie,Arbeidsparticipatie bruto,De bruto arbeidsparticipatie is het aandeel van de 15 tot en met 74-jarigen dat tot de beroepsbevolking hoort. De beroepsbevolking bestaat uit personen die betaald werk hebben voor minimaal 1 uur per week en personen die geen betaald werk hebben en hier recent naar hebben gezocht en daarvoor per direct beschikbaar zijn.,0 %,,jaarcijfer,"bewerking O&S, CBS, EBB, REB",Amsterdam: stadsdeel/GGW-gebied/wijk/buurt en overige indelingen,,
Amsterdam O&S BBGA,BBGA,Basisbestand Gebieden Amsterdam,PBBVJEUGD_P,Participatie,Arbeidsparticipatie bruto 15-26 jaar,De bruto arbeidsparticipatie onder jeugd is het aandeel van de 15 tot en met 26-jarigen dat tot de beroepsbevolking hoort. De beroepsbevolking bestaat uit personen die betaald werk hebben voor minimaal 1 uur per week en personen die geen betaald werk hebben en hier recent naar hebben gezocht en daarvoor per direct beschikbaar zijn.,0 %,,jaarcijfer,"bewerking O&S, CBS, EBB, REB",Amsterdam: stadsdeel/GGW-gebied/wijk/buurt en overige indelingen,,
Amsterdam O&S BBGA,BBGA,Basisbestand Gebieden Amsterdam,PWERKEND_P,Participatie,Arbeidsparticipatie netto,De netto arbeidsparticipatie is het aandeel van de 15 tot en met 74-jarigen met betaald werk van minimaal 1 uur per week.,0 %,,jaarcijfer,"bewerking O&S, CBS, EBB, REB",Amsterdam: stadsdeel/GGW-gebied/wijk/buurt en overige indelingen,,
Amsterdam O&S BBGA,BBGA,Basisbestand Gebieden Amsterdam,PWERKENDJEUGD_P,Participatie,Arbeidsparticipatie netto 15-26 jaar,De netto arbeidsparticipatie onder jeugd is het aandeel van de 15 tot en met 26-jarigen met betaald werk van minimaal 1 uur per week.,0 %,,jaarcijfer,"bewerking O&S, CBS, EBB, REB",Amsterdam: stadsdeel/GGW-gebied/wijk/buurt en overige indelingen,,
Amsterdam O&S BBGA,BBGA,Basisbestand Gebieden Amsterdam,PWERKENDVROUW_P,Participatie,Arbeidsparticipatie netto vrouwen,De netto arbeidsparticipatie voor vrouwen is het aandeel van de 15 tot en met 74-jarige vrouwen met betaald werk van minimaal 1 uur per week.,0 %,,jaarcijfer,"bewerking O&S, CBS, EBB, REB",Amsterdam: stadsdeel/GGW-gebied/wijk/buurt en overige indelingen,,
Amsterdam O&S BBGA,BBGA,Basisbestand Gebieden Amsterdam,PVERENIGING_P,Participatie,Leefstijl: lid vereniging (%),"Aandeel 18-plussers dat lid is van een of meerdere verenigingen of organisaties die actief zijn op de volgende gebieden: zang, muziek, toneel, godsdienst of levensbeschouwelijk doel (geen kerkgenootschap), vrouwen, sport, hobby, politiek, maatschappelijke doelen (milieu, mensenrechten, dieren), werknemers of werkgevers en zelforganisaties voor Amsterdammers met een migratieachtergrond.",0 %,,1 september,"De Staat van de Stad, O&S",Amsterdam: stadsdeel/GGW-gebied/wijk/buurt en overige indelingen,,
Amsterdam O&S BBGA,BBGA,Basisbestand Gebieden Amsterdam,PGODSHUIS_P,Participatie,Participatie: bezoekt (soms) gebedshuis (%),"Aandeel 18-plussers dat wel eens een gebedshuis (moskee, kerk, synagoge e. d. ) bezoekt (exclusief zelden of nooit).",0 %,,1 september,"De Staat van de Stad, O&S",Amsterdam: stadsdeel/GGW-gebied/wijk/buurt en overige indelingen,,
Amsterdam O&S BBGA,BBGA,Basisbestand Gebieden Amsterdam,SKACTI,Participatie,Participatie: buurtactiviteiten,"Totaal aantal buurtgerichte activiteiten in het gebied zoals geregistreerd op jekuntmeer.nl.
Jekuntmeer.nl geeft in opdracht van de Gemeente Amsterdam voor bewoners en professionals het actuele participatieaanbod in Amsterdam weer.",0,,1 januari,Jekuntmeer.nl,Amsterdam: stadsdeel/GGW-gebied/wijk/buurt en overige indelingen,,
Amsterdam O&S BBGA,BBGA,Basisbestand Gebieden Amsterdam,SKACTI_1000INW,Participatie,Participatie: buurtactiviteiten per 1.000 inw.,"Totaal aantal buurtgerichte activiteiten in het gebied zoals geregistreerd op jekuntmeer.nl per 1.000 inwoners.
Jekuntmeer.nl geeft in opdracht van de Gemeente Amsterdam voor bewoners en professionals het actuele participatieaanbod in Amsterdam weer.",0 /1.000 inwoners,,1 januari,Jekuntmeer.nl,Amsterdam: stadsdeel/GGW-gebied/wijk/buurt en overige indelingen,,
Amsterdam O&S BBGA,BBGA,Basisbestand Gebieden Amsterdam,WCONTACTB_R,Participatie,Participatie: contact in de buurt (1-10),"Gemiddeld rapportcijfer dat bewoners geven als antwoord op de vraag: In welke mate heeft u contact met buurtbewoners? (1=geen contact en 10=zeer veel contact).
Er wordt alleen gerapporteerd over gebieden met minstens 20 respondenten.",0,,1 april,Veiligheidsmonitor Amsterdam-Amstelland,Amsterdam: stadsdeel/GGW-gebied/wijk/buurt en overige indelingen,,
Amsterdam O&S BBGA,BBGA,Basisbestand Gebieden Amsterdam,PINFORM_P,Participatie,Participatie: informele hulp (%),Aandeel Amsterdammers van 18 jaar of ouder dat de afgelopen 12 maanden (soms/vaak) informele hulp heeft verleend. Informele hulp is hulp die zonder tussenkomst van een organisatie of vereniging aan een bekende (buiten het eigen huishouden) wordt gegeven. Het gaat bijvoorbeeld om boodschappen doen voor een buurman die daartoe niet in staat is of het oppassen op kinderen van een familielid.,0 %,,1 september,"De Staat van de Stad, O&S",Amsterdam: stadsdeel/GGW-gebied/wijk/buurt en overige indelingen,,
Amsterdam O&S BBGA,BBGA,Basisbestand Gebieden Amsterdam,PINZETBRT_P,Participatie,Participatie: inzet buurt/stad (%),Aandeel Amsterdammers van 18 jaar of ouder dat zich de afgelopen 12 maanden heeft ingezet voor buurt of stad.,0 %,,1 september,"De Staat van de Stad, O&S",Amsterdam: stadsdeel/GGW-gebied/wijk/buurt en overige indelingen,,
Amsterdam O&S BBGA,BBGA,Basisbestand Gebieden Amsterdam,PMAATSCHAP_P,Participatie,Participatie: maatschappelijk actief (%),"Aandeel 18 tot en met 64-jarigen dat werkt, actief is als vrijwilliger, mantelzorger is en /of een opleiding volgt.",0 %,,1 juni,"Gezondheidsmonitor, GGD Amsterdam",Amsterdam: stadsdeel/GGW-gebied/wijk/buurt en overige indelingen,,
Amsterdam O&S BBGA,BBGA,Basisbestand Gebieden Amsterdam,WHELP_R,Participatie,Participatie: mensen helpen elkaar (1-10),"Gemiddeld rapportcijfer dat bewoners geven als antwoord op de vraag: Helpen mensen elkaar in uw buurt? (1=nooit en 10=heel vaak).
Er wordt alleen gerapporteerd over gebieden met minstens 20 respondenten.",0,,1 april,"O&S, Wonen in Amsterdam",Amsterdam: stadsdeel/GGW-gebied/wijk/buurt en overige indelingen,,
Amsterdam O&S BBGA,BBGA,Basisbestand Gebieden Amsterdam,W65PLUSHELP_R,Participatie,Participatie: mensen helpen elkaar 65+ (1-10),"Gemiddeld rapportcijfer dat 65-plussers geven als antwoord op de vraag: Helpen mensen elkaar in uw buurt? (1=nooit en 10=heel vaak).
Er wordt alleen gerapporteerd over gebieden met minstens 20 respondenten.",0,,1 april,"O&S, Wonen in Amsterdam",Amsterdam: stadsdeel/GGW-gebied/wijk/buurt en overige indelingen,,
Amsterdam O&S BBGA,BBGA,Basisbestand Gebieden Amsterdam,LSOCCOH_R,Participatie,Participatie: sociale cohesie (1-10),"Sociale cohesie is berekend op basis van de volgende stellingen:  
*De mensen kennen elkaar in deze buurt nauwelijks
*De mensen gaan in deze buurt op een prettige manier met elkaar om
*Ik woon in een gezellige buurt waar mensen elkaar helpen
*Ik voel me thuis bij de mensen die in de buurt wonen. 
De antwoorden worden omgescoord naar rapportcijfers, waarbij een 1 staat voor een zeer negatief en een 10 voor een zeer positief oordeel. Sociale cohesie is het gemiddelde van de rapportcijfers die respondenten van 15 jaar en ouder geven op de vier uitspraken.
Er wordt alleen gerapporteerd over gebieden met minstens 50 respondenten. Uitzondering zijn de cijfers op buurtniveau: dit is een driejaarsgemiddelde op basis van minstens 30 respondenten.
De vragenlijst en de onderzoeksmethode van de Veiligheidsmonitor zijn in 2021 gewijzigd. Sommige indicatoren zijn hierdoor niet beschikbaar voor eerdere jaren. Voor andere indicatoren geldt dat de vergelijking met eerdere jaren voorzichtig gemaakt dient te worden.",0,,1 september,Veiligheidsmonitor Amsterdam-Amstelland,Amsterdam: stadsdeel/GGW-gebied/wijk/buurt en overige indelingen,,
Amsterdam O&S BBGA,BBGA,Basisbestand Gebieden Amsterdam,PRELIGIE_P,Participatie,Participatie: verwant met geloof (%),"Aandeel 18-plussers dat zich verwant voelt met een godsdienst, religieuze of levensbeschouwelijke stroming.",0 %,,1 september,"De Staat van de Stad, O&S",Amsterdam: stadsdeel/GGW-gebied/wijk/buurt en overige indelingen,,
Amsterdam O&S BBGA,BBGA,Basisbestand Gebieden Amsterdam,PVRIJWIL_P,Participatie,Participatie: vrijwilligers (%),Aandeel Amsterdammers van 18 jaar of ouder dat vrijwilligerswerk verricht in of via een organisatie.,0 %,,1 september,"De Staat van de Stad, O&S",Amsterdam: stadsdeel/GGW-gebied/wijk/buurt en overige indelingen,,
Amsterdam O&S BBGA,BBGA,Basisbestand Gebieden Amsterdam,PBUUR_P,Participatie,Participatie: wekelijks contact buren (%),Aandeel 18-plussers met minstens 1x per week contact met buren,0 %,,1 september,"De Staat van de Stad, O&S",Amsterdam: stadsdeel/GGW-gebied/wijk/buurt en overige indelingen,,
Amsterdam O&S BBGA,BBGA,Basisbestand Gebieden Amsterdam,PBUURTG_P,Participatie,Participatie: wekelijks contact buurtgenoten (%),Aandeel 18-plussers met minstens 1x per week contact met overige buurtgenoten,0 %,,1 september,"De Staat van de Stad, O&S",Amsterdam: stadsdeel/GGW-gebied/wijk/buurt en overige indelingen,,
Amsterdam O&S BBGA,BBGA,Basisbestand Gebieden Amsterdam,PEENZ_P,Participatie,Welzijn: (zeer) ernstig eenzaam (%),"Aandeel Amsterdammers van 19 jaar en ouder dat (zeer) ernstig eenzaam is volgens de eenzaamheidsschaal De Jong-Gierveld. Er wordt gevraagd naar 11 items met betrekking op emotionele en sociale eenzaamheid. Wanneer op 3 of meer items ‘min of meer’ of ‘ja’ is geantwoord wordt men als eenzaam beschouwd.
De cijfers op wijk- en buurtniveau zijn schattingen van het RIVM. Deze cijfers kunnen afwijken van door de GGD gepubliceerde cijfers, omdat ze op een andere manier zijn berekend.",0 %,,1 juni,"Gezondheidsmonitor, GGD Amsterdam",Amsterdam: stadsdeel/GGW-gebied/wijk/buurt en overige indelingen,,
Amsterdam O&S BBGA,BBGA,Basisbestand Gebieden Amsterdam,PEENZ65_P,Participatie,Welzijn: (zeer) ernstig eenzaam 65+ (%),Aandeel Amsterdammers van 65 jaar en ouder dat (zeer) ernstig eenzaam is volgens de eenzaamheidsschaal De Jong-Gierveld. Er wordt gevraagd naar 11 items met betrekking op emotionele en sociale eenzaamheid. Wanneer op 3 of meer items ‘min of meer’ of ‘ja’ is geantwoord wordt men als eenzaam beschouwd.,0 %,,1 juni,"Gezondheidsmonitor, GGD Amsterdam",Amsterdam: stadsdeel/GGW-gebied/wijk/buurt en overige indelingen,,
Amsterdam O&S BBGA,BBGA,Basisbestand Gebieden Amsterdam,PVERTRTOEK_P,Participatie,Welzijn: vertrouwen in de toekomst (%),Het aandeel 18-pussers dat (veel) vertrouwen heeft in de toekomst,0 %,,1 september,"De Staat van de Stad, O&S",Amsterdam: stadsdeel/GGW-gebied/wijk/buurt en overige indelingen,,
Amsterdam O&S BBGA,BBGA,Basisbestand Gebieden Amsterdam,PJEUGDW_P,Participatie,Werkloosheid: jeugdwerkloosheid (%),Personen van 15 tot en met 26 jaar zonder betaald werk die recent naar werk hebben gezocht en daarvoor beschikbaar zijn als percentage van de beroepsbevolking. De beroepsbevolking bestaat uit personen die betaald werk hebben voor minimaal 1 uur per week en personen die geen betaald werk hebben en hier recent naar hebben gezocht en daarvoor per direct beschikbaar zijn.,0 %,,jaarcijfer,"bewerking O&S, CBS, EBB, REB",Amsterdam: stadsdeel/GGW-gebied/wijk/buurt en overige indelingen,,
Amsterdam O&S BBGA,BBGA,Basisbestand Gebieden Amsterdam,NEET_JONGEREN_P,Participatie,Werkloosheid: Jongeren (16 t/m 26) zonder werk of opleiding (NEET) (%),"Per woongebied wordt het aantal jongeren (16 t/m 26 jaar) dat geen werk heeft en geen opleiding volgt afgezet tegen het totaal aantal jongeren in dit gebied. Deze groep worden NEET (not in education, employment or training) genoemd. Er wordt alleen naar wijken gekeken met tenminste 10 NEET jongeren",0 %,,1 januari,"bewerking O&S, CBS, SECM",Amsterdam: stadsdeel/GGW-gebied/wijk/buurt en overige indelingen,,
Amsterdam O&S BBGA,BBGA,Basisbestand Gebieden Amsterdam,PWERKLBBV_P,Participatie,Werkloosheid: Werkloosheid (%),"De werkloze beroepsbevolking als percentage van de (werkzame en werkloze) beroepsbevolking. Werkloos zijn personen tussen 15 en 74 jaar, die geen betaald werk hebben, recent naar betaald werk hebben gezocht en daarvoor direct beschikbaar zijn.",0 %,,jaarcijfer,"bewerking O&S, CBS, EBB, REB",Amsterdam: stadsdeel/GGW-gebied/wijk/buurt en overige indelingen,,
Amsterdam O&S BBGA,BBGA,Basisbestand Gebieden Amsterdam,IVEOA_BEREIK_P,Schulden,Bereik Vroeg er op af (%),Aandeel Amsterdammers van 18 jaar of ouder met een 'Vroeg er op af melding' die zijn bereikt door het buurtteam (contact met plan van aanpak en contact met zelf oplossen),0 %,,jaarcijfer,KWIZ,Amsterdam: stadsdeel/GGW-gebied/wijk/buurt en overige indelingen,,
Amsterdam O&S BBGA,BBGA,Basisbestand Gebieden Amsterdam,IVEOA,Schulden,Vroeg er op af,"Aantal meldingen bij het team Vroeg Erop Af van betalingsachterstanden bij woningcorporaties, Agis, Dienst Belastingen Gemeente Amsterdam en/of energieleveranciers.
Er wordt alleen gerapporteerd over gebieden met minstens 10 cliënten.",0,,jaarcijfer,KWIZ,Amsterdam: stadsdeel/GGW-gebied/wijk/buurt en overige indelingen,,
Amsterdam O&S BBGA,BBGA,Basisbestand Gebieden Amsterdam,IVEOA_P,Schulden,Vroeg er op af (%),"Aandeel Amsterdammers van 18 jaar of ouder dat is aangemeld bij Vroeg er op af met een betalingsachterstand bij een woningcorporatie, Agis, Dienst Belastingen Gemeente Amsterdam en/of een energieleverancier.
Er wordt alleen gerapporteerd over gebieden met minstens 10 cliënten.",0 %,,jaarcijfer,KWIZ,Amsterdam: stadsdeel/GGW-gebied/wijk/buurt en overige indelingen,,
Amsterdam O&S BBGA,BBGA,Basisbestand Gebieden Amsterdam,SKKWETS34,Sociale kracht,Kwetsbaarheidsscore hoog,"Het aantal inwoners met een hoge kwetsbaarheidscore (score 3 of 4). De Kwetsbaarheidsscore staat  voor het aantal hulpbronnen waarop iemand kwetsbaar is. De maximumscore is 4 (werk, opleiding, inkomen en/of gezondheid).
Kwetsbaar wil zeggen:
*gestandaardiseerd besteedbaar huishoudinkomen in laagste 20% NL.
*hogere ziektekosten dan gemiddelde Amsterdammer, of uitkering WLZ, of niet-zelfstandig wonend in een instituut.
*geen startkwalificatie behaald of opleiding volgend die niet tot startkwalificatie leidt
*0-17: beide ouders geen startkwalificatie
*18-65: geen werk en geen opleiding volgend
*66+: alleenwonend met kwetsbare gezondheid, of partner heeft kwetsbare gezondheid.
De aantallen zijn afgerond op 5. Er worden alleen cijfers gepresenteerd over gebieden met minimaal 10 bewoners met een hoge kwetsbaarheidsscore.",0,,,"bewerking O&S, CBS",Amsterdam: stadsdeel/GGW-gebied/wijk/buurt en overige indelingen,,
Amsterdam O&S BBGA,BBGA,Basisbestand Gebieden Amsterdam,SK017_KWETS34_P,Sociale kracht,Kwetsbaarheidsscore hoog (% 0-17),"Het aandeel 0 t/m 17-jarigen met een hoge kwetsbaarheidsscore (score 3 of 4). De Kwetsbaarheidsscore staat  voor het aantal hulpbronnen waarop iemand kwetsbaar is. De maximumscore is 4 (werk, opleiding, inkomen en/of gezondheid).
Kwetsbaar wil zeggen:
*gestandaardiseerd besteedbaar huishoudinkomen in laagste 20% NL.
*hogere ziektekosten dan gemiddelde Amsterdammer, of uitkering WLZ, of niet-zelfstandig wonend in een instituut.
*VVE-indicatie, opleiding volgend die niet tot startkwalificatie leidt (PRO of MBO-1) of onderwijs verlaten zonder startkwalificatie
*beide ouders hebben geen startkwalificatie
Er worden alleen cijfers gepresenteerd over gebieden met minimaal 10 0 t/m 17-jarigen met een hoge kwetsbaarheidsscore.",0 %,,,"bewerking O&S, CBS",Amsterdam: stadsdeel/GGW-gebied/wijk/buurt en overige indelingen,,
Amsterdam O&S BBGA,BBGA,Basisbestand Gebieden Amsterdam,SK1826_KWETS34_P,Sociale kracht,Kwetsbaarheidsscore hoog (% 18-26),"Het aandeel 18 t/m 26-jarigen met  een hoge kwetsbaarheidsscore (score 3 of 4). De Kwetsbaarheidsscore staat voor het aantal hulpbronnen waarop iemand kwetsbaar is. De maximumscore is 4 (werk, opleiding, inkomen en/of gezondheid).
Kwetsbaar wil zeggen:
*gestandaardiseerd besteedbaar huishoudinkomen in laagste 20% NL.
*hogere ziektekosten dan gemiddelde Amsterdammer, of uitkering WLZ, of niet-zelfstandig wonend in een instituut.
*geen startkwalificatie behaald of opleiding volgend die niet tot startkwalificatie leidt (PRO of MBO1)
*geen werk en geen opleiding volgend
Er worden alleen cijfers gepresenteerd over gebieden met minimaal 10 18-26 jarigen met een hoge kwetsbaarheidsscore.",0 %,,,"bewerking O&S, CBS",Amsterdam: stadsdeel/GGW-gebied/wijk/buurt en overige indelingen,,
Amsterdam O&S BBGA,BBGA,Basisbestand Gebieden Amsterdam,SK2765_KWETS34_P,Sociale kracht,Kwetsbaarheidsscore hoog (% 27-65),"Het aandeel 27 t/m 65-jarigen met een hoge Kwetsbaarheidsscore (score 3 of 4). De Kwetsbaarheidsscore staat  voor het aantal hulpbronnen waarop iemand kwetsbaar is. De maximumscore is 4 (werk, opleiding, inkomen en/of gezondheid).
Kwetsbaar wil zeggen:
*gestandaardiseerd besteedbaar huishoudinkomen in laagste 20% NL.
*hogere ziektekosten dan gemiddelde Amsterdammer, of uitkering WLZ, of niet-zelfstandig wonend in een instituut.
*geen startkwalificatie behaald of opleiding volgend die niet tot startkwalificatie leidt
*geen werk en geen opleiding volgend
Er worden alleen cijfers gepresenteerd over gebieden met minimaal 10 27 t/m 65-jarigen met een hoge kwetsbaarheidsscore.",0 %,,,"bewerking O&S, CBS",Amsterdam: stadsdeel/GGW-gebied/wijk/buurt en overige indelingen,,
Amsterdam O&S BBGA,BBGA,Basisbestand Gebieden Amsterdam,SK66PLUS_KWETS34_P,Sociale kracht,Kwetsbaarheidsscore hoog (% 66+),"Het aandeel 66-plussers  met een hoge Kwetsbaarheidsscore (score 3 of 4). De Kwetsbaarheidsscore staat  voor het aantal hulpbronnen waarop iemand kwetsbaar is. De maximumscore is 4 (werk, opleiding, inkomen en/of gezondheid).
Kwetsbaar wil zeggen:
*gestandaardiseerd besteedbaar huishoudinkomen in laagste 20% NL.
*hogere ziektekosten dan gemiddelde Amsterdammer, of uitkering WLZ, of niet-zelfstandig wonend in een instituut.
*geen startkwalificatie behaald of opleiding volgend die niet tot startkwalificatie leidt
*alleenwonend met kwetsbare gezondheid, of partner heeft kwetsbare gezondheid.
Er worden alleen cijfers gepresenteerd over gebieden met minimaal 10 bewoners met een hoge kwetsbaarheidsscore.",0 %,,,"bewerking O&S, CBS",Amsterdam: stadsdeel/GGW-gebied/wijk/buurt en overige indelingen,,
Amsterdam O&S BBGA,BBGA,Basisbestand Gebieden Amsterdam,SKKWETS34_P,Sociale kracht,Kwetsbaarheidsscore hoog (%),"Aandeel van de bevolking met een hoge kwetsbaarheidsscore (score  3 of 4). De Kwetsbaarheidsscore staat  voor het aantal hulpbronnen waarop iemand kwetsbaar is. De maximumscore is 4 (werk, opleiding, inkomen en/of gezondheid).
Kwetsbaar wil zeggen:
*gestandaardiseerd besteedbaar huishoudinkomen in laagste 20% NL.
*hogere ziektekosten dan gemiddelde Amsterdammer, of uitkering WLZ, of niet-zelfstandig wonend in een instituut.
*geen startkwalificatie behaald of opleiding volgend die niet tot startkwalificatie leidt
*0-17: beide ouders geen startkwalificatie
*18-65: geen werk en geen opleiding volgend
*66+: alleenwonend met kwetsbare gezondheid, of partner heeft kwetsbare gezondheid.
Er worden alleen cijfers gepresenteerd over gebieden met minimaal 10 bewoners met een hoge kwetsbaarheidsscore.",0 %,,,"bewerking O&S, CBS",Amsterdam: stadsdeel/GGW-gebied/wijk/buurt en overige indelingen,,
Amsterdam O&S BBGA,BBGA,Basisbestand Gebieden Amsterdam,SK017_KWETS34,Sociale kracht,Kwetsbaarheidsscore hoog 0-17,"Het aantal 0 t/m 17-jarigen met een hoge kwetsbaarheidsscore (score  3 of 4). De Kwetsbaarheidsscore staat  voor het aantal hulpbronnen waarop iemand kwetsbaar is. De maximumscore is 4 (werk, opleiding, inkomen en/of gezondheid).
Kwetsbaar wil zeggen:
*gestandaardiseerd besteedbaar huishoudinkomen in laagste 20% NL.
*hogere ziektekosten dan gemiddelde Amsterdammer, of uitkering WLZ, of niet-zelfstandig wonend in een instituut.
*VVE-indicatie, opleiding volgend die niet tot startkwalificatie leidt (PRO of MBO-1) of onderwijs verlaten zonder startkwalificatie
*beide ouders hebben geen startkwalificatie
De aantallen zijn afgerond op 5. Er worden alleen cijfers gepresenteerd over gebieden met minimaal 10 0 t/m 17-jarigen met een hoge kwetsbaarheidsscore.",0,,,"bewerking O&S, CBS",Amsterdam: stadsdeel/GGW-gebied/wijk/buurt en overige indelingen,,
Amsterdam O&S BBGA,BBGA,Basisbestand Gebieden Amsterdam,SK1826_KWETS34,Sociale kracht,Kwetsbaarheidsscore hoog 18-26,"Het aantal 18 t/m 26-jarigen met een hoge Kwetsbaarheidsscore (score 3 of 4). De Kwetsbaarheidsscore staat  voor het aantal hulpbronnen waarop iemand kwetsbaar is. De maximumscore is 4 (werk, opleiding, inkomen en/of gezondheid).
Kwetsbaar wil zeggen:
*gestandaardiseerd besteedbaar huishoudinkomen in laagste 20% NL.
*hogere ziektekosten dan gemiddelde Amsterdammer, of uitkering WLZ, of niet-zelfstandig wonend in een instituut.
*geen startkwalificatie behaald of opleiding volgend die niet tot startkwalificatie leidt (PRO of MBO1)
*geen werk en geen opleiding volgend
De aantallen zijn afgerond op 5. Er worden alleen cijfers gepresenteerd over gebieden met minimaal 10 18-26 jarigen met een hoge kwetsbaarheidsscore.",0,,,"bewerking O&S, CBS",Amsterdam: stadsdeel/GGW-gebied/wijk/buurt en overige indelingen,,
Amsterdam O&S BBGA,BBGA,Basisbestand Gebieden Amsterdam,SK2765_KWETS34,Sociale kracht,Kwetsbaarheidsscore hoog 27-65,"Het aantal 27 t/m 65-jarigen met een hoge Kwetsbaarheidsscore (score 3 of 4). De Kwetsbaarheidsscore staat  voor het aantal hulpbronnen waarop iemand kwetsbaar is. De maximumscore is 4 (werk, opleiding, inkomen en/of gezondheid).
Kwetsbaar wil zeggen:
*gestandaardiseerd besteedbaar huishoudinkomen in laagste 20% NL.
*hogere ziektekosten dan gemiddelde Amsterdammer, of uitkering WLZ, of niet-zelfstandig wonend in een instituut.
*geen startkwalificatie behaald of opleiding volgend die niet tot startkwalificatie leidt
*geen werk en geen opleiding volgend
De aantallen zijn afgerond op 5. Er worden alleen cijfers gepresenteerd over gebieden met minimaal 10 27 t/m 65-jarigen met een hoge kwetsbaarheidsscore.",0,,,"bewerking O&S, CBS",Amsterdam: stadsdeel/GGW-gebied/wijk/buurt en overige indelingen,,
Amsterdam O&S BBGA,BBGA,Basisbestand Gebieden Amsterdam,SK66PLUS_KWETS34,Sociale kracht,Kwetsbaarheidsscore hoog 66+,"Het aantal 66-plussers  met een hoge Kwetsbaarheidsscore (score 3 of 4). De Kwetsbaarheidsscore staat  voor het aantal hulpbronnen waarop iemand kwetsbaar is. De maximumscore is 4 (werk, opleiding, inkomen en/of gezondheid).
Kwetsbaar wil zeggen:
*gestandaardiseerd besteedbaar huishoudinkomen in laagste 20% NL.
*hogere ziektekosten dan gemiddelde Amsterdammer, of uitkering WLZ, of niet-zelfstandig wonend in een instituut.
*geen startkwalificatie behaald of opleiding volgend die niet tot startkwalificatie leidt
*alleenwonend met kwetsbare gezondheid, of partner heeft kwetsbare gezondheid.
De aantallen zijn afgerond op 5. Er worden alleen cijfers gepresenteerd over gebieden met minimaal 10 bewoners met een hoge kwetsbaarheidsscore.",0,,,"bewerking O&S, CBS",Amsterdam: stadsdeel/GGW-gebied/wijk/buurt en overige indelingen,,
Amsterdam O&S BBGA,BBGA,Basisbestand Gebieden Amsterdam,SKKWETS0,Sociale kracht,Kwetsbaarheidsscore laag,"Het aantal inwoners met een lage kwetsbaarheidsscore (score  nul). De Kwetsbaarheidsscore staat  voor het aantal hulpbronnen waarop iemand kwetsbaar is. De maximumscore is 4 (werk, opleiding, inkomen en/of gezondheid).
Kwetsbaar wil zeggen:
*gestandaardiseerd besteedbaar huishoudinkomen in laagste 20% NL.
*hogere ziektekosten dan gemiddelde Amsterdammer, of uitkering WLZ, of niet-zelfstandig wonend in een instituut.
*geen startkwalificatie behaald of opleiding volgend die niet tot startkwalificatie leidt
*0-17: beide ouders geen startkwalificatie
*18-65: geen werk en geen opleiding volgend
*66+: alleenwonend met kwetsbare gezondheid, of partner heeft kwetsbare gezondheid.
Er worden alleen cijfers gepresenteerd over gebieden met minimaal 10 bewoners met een hoge kwetsbaarheidsscore.",0,,,"bewerking O&S, CBS",Amsterdam: stadsdeel/GGW-gebied/wijk/buurt en overige indelingen,,
Amsterdam O&S BBGA,BBGA,Basisbestand Gebieden Amsterdam,SKKWETS0_P,Sociale kracht,Kwetsbaarheidsscore laag (%),"Aandeel van de bevolking met een lage kwetsbaarheidsscore (score  nul). De Kwetsbaarheidsscore staat voor het aantal hulpbronnen waarop iemand kwetsbaar is. De maximumscore is 4 (werk, opleiding, inkomen en/of gezondheid).
Kwetsbaar wil zeggen:
*gestandaardiseerd besteedbaar huishoudinkomen in laagste 20% NL.
*hogere ziektekosten dan gemiddelde Amsterdammer, of uitkering WLZ, of niet-zelfstandig wonend in een instituut.
*geen startkwalificatie behaald of opleiding volgend die niet tot startkwalificatie leidt
*0-17: beide ouders geen startkwalificatie
*18-65: geen werk en geen opleiding volgend
*66+: alleenwonend met kwetsbare gezondheid, of partner heeft kwetsbare gezondheid.
Er worden alleen cijfers gepresenteerd over gebieden met minimaal 10 bewoners met een hoge kwetsbaarheidsscore.",0 %,,,"bewerking O&S, CBS",Amsterdam: stadsdeel/GGW-gebied/wijk/buurt en overige indelingen,,
Amsterdam O&S BBGA,BBGA,Basisbestand Gebieden Amsterdam,SKKWETS12,Sociale kracht,Kwetsbaarheidsscore midden,"Het aantal inwoners met een middelhoge kwetsbaarheidsscore (score 1 of 2). De Kwetsbaarheidsscore staat  voor het aantal hulpbronnen waarop iemand kwetsbaar is. De maximumscore is 4 (werk, opleiding, inkomen en/of gezondheid).
Kwetsbaar wil zeggen:
*gestandaardiseerd besteedbaar huishoudinkomen in laagste 20% NL.
*hogere ziektekosten dan gemiddelde Amsterdammer, of uitkering WLZ, of niet-zelfstandig wonend in een instituut.
*geen startkwalificatie behaald of opleiding volgend die niet tot startkwalificatie leidt
*0-17: beide ouders geen startkwalificatie
*18-65: geen werk en geen opleiding volgend
*66+: alleenwonend met kwetsbare gezondheid, of partner heeft kwetsbare gezondheid.
Er worden alleen cijfers gepresenteerd over gebieden met minimaal 10 bewoners met een hoge kwetsbaarheidsscore.",0,,,"bewerking O&S, CBS",Amsterdam: stadsdeel/GGW-gebied/wijk/buurt en overige indelingen,,
Amsterdam O&S BBGA,BBGA,Basisbestand Gebieden Amsterdam,SKKWETS12_P,Sociale kracht,Kwetsbaarheidsscore midden (%),"Aandeel van de bevolking met een middelhoge kwetsbaarheidsscore (score 1 of 2). De Kwetsbaarheidsscore staat voor het aantal hulpbronnen waarop iemand kwetsbaar is. De maximumscore is 4 (werk, opleiding, inkomen en/of gezondheid).
Kwetsbaar wil zeggen:
*gestandaardiseerd besteedbaar huishoudinkomen in laagste 20% NL.
*hogere ziektekosten dan gemiddelde Amsterdammer, of uitkering WLZ, of niet-zelfstandig wonend in een instituut.
*geen startkwalificatie behaald of opleiding volgend die niet tot startkwalificatie leidt
*0-17: beide ouders geen startkwalificatie
*18-65: geen werk en geen opleiding volgend
*66+: alleenwonend met kwetsbare gezondheid, of partner heeft kwetsbare gezondheid.
Er worden alleen cijfers gepresenteerd over gebieden met minimaal 10 bewoners met een hoge kwetsbaarheidsscore.",0 %,,,"bewerking O&S, CBS",Amsterdam: stadsdeel/GGW-gebied/wijk/buurt en overige indelingen,,
Amsterdam O&S BBGA,BBGA,Basisbestand Gebieden Amsterdam,SKSES_GEM,Sociale kracht,SES gemiddeld (2-10),"De gemiddelde Sociaaleconomische Score (SES) van de inwoners van een gebied.
De SES is een inschatting van iemands positie op de maatschappelijke ladder op basis van het inkomens- en opleidingsniveau. De SES heeft een waarde tussen 2 en 10. Elke inwoner krijgt 1 tot 5 punten voor het  opleidingsniveau eveneens 1 tot 5 punten voor het gestandaardiseerde huishoudinkomen. *Kinderen t/m 17 jaar en 18 tot 30-jarigen die een opleiding volgen die tot hun startkwalificatie moet leiden, krijgen de score van de hoogst opgeleide ouder. *Bij inwoners tussen 18 en 30 jaar die staan ingeschreven bij een vervolgopleiding wordt het inkomensniveau buiten beschouwing gelaten en telt het niveau van de opleiding die men volgt zwaarder mee. Er worden alleen cijfers gepresenteerd over gebieden met minimaal 50 inwoners en minimaal 10 personen met een lage SES.",0,,jaarcijfer,"bewerking O&S, CBS",Amsterdam: stadsdeel/GGW-gebied/wijk/buurt en overige indelingen,,
Amsterdam O&S BBGA,BBGA,Basisbestand Gebieden Amsterdam,SKSES8910,Sociale kracht,SES hoog,"Aantal inwoners met een hoge Sociaaleconomische Score (SES) van 8 tot en met 10.
De SES is een inschatting van iemands positie op de maatschappelijke ladder op basis van het inkomens- en opleidingsniveau. De SES heeft een waarde tussen 2 en 10. Elke inwoner krijgt 1 tot 5 punten voor het  opleidingsniveau eveneens 1 tot 5 punten voor het gestandaardiseerde huishoudinkomen. *Kinderen t/m 17 jaar en 18 tot 30-jarigen die een opleiding volgen die tot hun startkwalificatie moet leiden, krijgen de score van de hoogst opgeleide ouder. *Bij inwoners tussen 18 en 30 jaar die staan ingeschreven bij een vervolgopleiding wordt het inkomensniveau buiten beschouwing gelaten en telt het niveau van de opleiding die men volgt zwaarder mee. Er worden alleen cijfers gepresenteerd over gebieden met minimaal 50 inwoners en minimaal 10 personen met een lage SES.",0,,jaarcijfer,"bewerking O&S, CBS",Amsterdam: stadsdeel/GGW-gebied/wijk/buurt en overige indelingen,,
Amsterdam O&S BBGA,BBGA,Basisbestand Gebieden Amsterdam,SKSES8910_P,Sociale kracht,SES hoog (%),"Aandeel inwoners met een hoge Sociaaleconomische Score (SES) van 8 tot en met 10.
De SES is een inschatting van iemands positie op de maatschappelijke ladder op basis van het inkomens- en opleidingsniveau. De SES heeft een waarde tussen 2 en 10. Elke inwoner krijgt 1 tot 5 punten voor het  opleidingsniveau eveneens 1 tot 5 punten voor het gestandaardiseerde huishoudinkomen. *Kinderen t/m 17 jaar en 18 tot 30-jarigen die een opleiding volgen die tot hun startkwalificatie moet leiden, krijgen de score van de hoogst opgeleide ouder. *Bij inwoners tussen 18 en 30 jaar die staan ingeschreven bij een vervolgopleiding wordt het inkomensniveau buiten beschouwing gelaten en telt het niveau van de opleiding die men volgt zwaarder mee. Er worden alleen cijfers gepresenteerd over gebieden met minimaal 50 inwoners en minimaal 10 personen met een lage SES.",0 %,,jaarcijfer,"bewerking O&S, CBS",Amsterdam: stadsdeel/GGW-gebied/wijk/buurt en overige indelingen,,
Amsterdam O&S BBGA,BBGA,Basisbestand Gebieden Amsterdam,SKSES234,Sociale kracht,SES laag,"Aantal inwoners met een lage Sociaaleconomische Score (SES) van 2 tot en met 4.
De SES is een inschatting van iemands positie op de maatschappelijke ladder op basis van het inkomens- en opleidingsniveau. De SES heeft een waarde tussen 2 en 10. Elke inwoner krijgt 1 tot 5 punten voor het  opleidingsniveau eveneens 1 tot 5 punten voor het gestandaardiseerde huishoudinkomen. *Kinderen t/m 17 jaar en 18 tot 30-jarigen die een opleiding volgen die tot hun startkwalificatie moet leiden, krijgen de score van de hoogst opgeleide ouder. *Bij inwoners tussen 18 en 30 jaar die staan ingeschreven bij een vervolgopleiding wordt het inkomensniveau buiten beschouwing gelaten en telt het niveau van de opleiding die men volgt zwaarder mee. Er worden alleen cijfers gepresenteerd over gebieden met minimaal 50 inwoners en minimaal 10 personen met een lage SES.",0,,jaarcijfer,"bewerking O&S, CBS",Amsterdam: stadsdeel/GGW-gebied/wijk/buurt en overige indelingen,,
Amsterdam O&S BBGA,BBGA,Basisbestand Gebieden Amsterdam,SK017_SES234_P,Sociale kracht,SES laag (% 0-17),"Aandeel jongeren tot en met 17 jaar met een lage Sociaaleconomische Score (SES) van 2 tot en met 4.
De SES is een inschatting van iemands positie op de maatschappelijke ladder op basis van het inkomens- en opleidingsniveau. De SES heeft een waarde tussen 2 en 10. Elke inwoner krijgt 1 tot 5 punten voor het  opleidingsniveau eveneens 1 tot 5 punten voor het gestandaardiseerde huishoudinkomen. *Kinderen t/m 17 jaar en 18 tot 30-jarigen die een opleiding volgen die tot hun startkwalificatie moet leiden, krijgen de score van de hoogst opgeleide ouder. *Bij inwoners tussen 18 en 30 jaar die staan ingeschreven bij een vervolgopleiding wordt het inkomensniveau buiten beschouwing gelaten en telt het niveau van de opleiding die men volgt zwaarder mee. Er worden alleen cijfers gepresenteerd over gebieden met minimaal 50 inwoners en minimaal 10 personen met een lage SES.",0 %,,jaarcijfer,"bewerking O&S, CBS",Amsterdam: stadsdeel/GGW-gebied/wijk/buurt en overige indelingen,,
Amsterdam O&S BBGA,BBGA,Basisbestand Gebieden Amsterdam,SK1826_SES234_P,Sociale kracht,SES laag (% 18-26),"Aandeel inwoners van 18 tot en met 26 jaar met een lage Sociaaleconomische Score (SES) van 2 tot en met 4.
De SES is een inschatting van iemands positie op de maatschappelijke ladder op basis van het inkomens- en opleidingsniveau. De SES heeft een waarde tussen 2 en 10. Elke inwoner krijgt 1 tot 5 punten voor het  opleidingsniveau eveneens 1 tot 5 punten voor het gestandaardiseerde huishoudinkomen. *Kinderen t/m 17 jaar en 18 tot 30-jarigen die een opleiding volgen die tot hun startkwalificatie moet leiden, krijgen de score van de hoogst opgeleide ouder. *Bij inwoners tussen 18 en 30 jaar die staan ingeschreven bij een vervolgopleiding wordt het inkomensniveau buiten beschouwing gelaten en telt het niveau van de opleiding die men volgt zwaarder mee. Er worden alleen cijfers gepresenteerd over gebieden met minimaal 50 inwoners en minimaal 10 personen met een lage SES.",0 %,,jaarcijfer,"bewerking O&S, CBS",Amsterdam: stadsdeel/GGW-gebied/wijk/buurt en overige indelingen,,
Amsterdam O&S BBGA,BBGA,Basisbestand Gebieden Amsterdam,SK2765_SES234_P,Sociale kracht,SES laag (% 27-65),"Aandeel inwoners van 28 tot en met 65 jaar met een lage Sociaaleconomische Score (SES) van 2 tot en met 4.
De SES is een inschatting van iemands positie op de maatschappelijke ladder op basis van het inkomens- en opleidingsniveau. De SES heeft een waarde tussen 2 en 10. Elke inwoner krijgt 1 tot 5 punten voor het  opleidingsniveau eveneens 1 tot 5 punten voor het gestandaardiseerde huishoudinkomen. *Kinderen t/m 17 jaar en 18 tot 30-jarigen die een opleiding volgen die tot hun startkwalificatie moet leiden, krijgen de score van de hoogst opgeleide ouder. *Bij inwoners tussen 18 en 30 jaar die staan ingeschreven bij een vervolgopleiding wordt het inkomensniveau buiten beschouwing gelaten en telt het niveau van de opleiding die men volgt zwaarder mee. Er worden alleen cijfers gepresenteerd over gebieden met minimaal 50 inwoners en minimaal 10 personen met een lage SES.",0 %,,jaarcijfer,"bewerking O&S, CBS",Amsterdam: stadsdeel/GGW-gebied/wijk/buurt en overige indelingen,,
Amsterdam O&S BBGA,BBGA,Basisbestand Gebieden Amsterdam,SK66PLUS_SES234_P,Sociale kracht,SES laag (% 66+),"Aandeel inwoners van 66 jaar en ouder met een lage Sociaaleconomische Score (SES) van 2 tot en met 4.
De SES is een inschatting van iemands positie op de maatschappelijke ladder op basis van het inkomens- en opleidingsniveau. De SES heeft een waarde tussen 2 en 10. Elke inwoner krijgt 1 tot 5 punten voor het  opleidingsniveau eveneens 1 tot 5 punten voor het gestandaardiseerde huishoudinkomen. *Kinderen t/m 17 jaar en 18 tot 30-jarigen die een opleiding volgen die tot hun startkwalificatie moet leiden, krijgen de score van de hoogst opgeleide ouder. *Bij inwoners tussen 18 en 30 jaar die staan ingeschreven bij een vervolgopleiding wordt het inkomensniveau buiten beschouwing gelaten en telt het niveau van de opleiding die men volgt zwaarder mee. Er worden alleen cijfers gepresenteerd over gebieden met minimaal 50 inwoners en minimaal 10 personen met een lage SES.",0 %,,jaarcijfer,"bewerking O&S, CBS",Amsterdam: stadsdeel/GGW-gebied/wijk/buurt en overige indelingen,,
Amsterdam O&S BBGA,BBGA,Basisbestand Gebieden Amsterdam,SKSES234_P,Sociale kracht,SES laag (%),"Aandeel inwoners met een lage Sociaaleconomische Score (SES) van 2 tot en met 4.
De SES is een inschatting van iemands positie op de maatschappelijke ladder op basis van het inkomens- en opleidingsniveau. De SES heeft een waarde tussen 2 en 10. Elke inwoner krijgt 1 tot 5 punten voor het  opleidingsniveau eveneens 1 tot 5 punten voor het gestandaardiseerde huishoudinkomen. Kinderen t/m 17 jaar en 18 tot 30-jarigen die een opleiding volgen die tot hun startkwalificatie moet leiden, krijgen de score van de hoogst opgeleide ouder. Bij inwoners tussen 18 en 30 jaar die staan ingeschreven bij een vervolgopleiding wordt het inkomensniveau buiten beschouwing gelaten en telt het niveau van de opleiding die men volgt zwaarder mee. Er worden alleen cijfers gepresenteerd over gebieden met minimaal 50 inwoners en minimaal 10 personen met een lage SES.",0 %,,jaarcijfer,"bewerking O&S, CBS",Amsterdam: stadsdeel/GGW-gebied/wijk/buurt en overige indelingen,,
Amsterdam O&S BBGA,BBGA,Basisbestand Gebieden Amsterdam,SK017_SES234,Sociale kracht,SES laag 0-17,"Aantal jongeren tot en met 17 jaar met een lage Sociaaleconomische Score van 2 tot en met 4.
De SES is een inschatting van iemands positie op de maatschappelijke ladder op basis van het inkomens- en opleidingsniveau. De SES heeft een waarde tussen 2 en 10. Elke inwoner krijgt 1 tot 5 punten voor het  opleidingsniveau eveneens 1 tot 5 punten voor het gestandaardiseerde huishoudinkomen. Kinderen t/m 17 jaar en 18 tot 30-jarigen die een opleiding volgen die tot hun startkwalificatie moet leiden, krijgen de score van de hoogst opgeleide ouder. Bij inwoners tussen 18 en 30 jaar die staan ingeschreven bij een vervolgopleiding wordt het inkomensniveau buiten beschouwing gelaten en telt het niveau van de opleiding die men volgt zwaarder mee. Er worden alleen cijfers gepresenteerd over gebieden met minimaal 50 inwoners en minimaal 10 personen met een lage SES.",0,,jaarcijfer,"bewerking O&S, CBS",Amsterdam: stadsdeel/GGW-gebied/wijk/buurt en overige indelingen,,
Amsterdam O&S BBGA,BBGA,Basisbestand Gebieden Amsterdam,SK1826_SES234,Sociale kracht,SES laag 18-26,"Aantal inwoners van 18 tot en met 26 jaar met een lage Sociaaleconomische Score (SES) van 2 tot en met 4.
De SES is een inschatting van iemands positie op de maatschappelijke ladder op basis van het inkomens- en opleidingsniveau. De SES heeft een waarde tussen 2 en 10. Elke inwoner krijgt 1 tot 5 punten voor het  opleidingsniveau eveneens 1 tot 5 punten voor het gestandaardiseerde huishoudinkomen. Kinderen t/m 17 jaar en 18 tot 30-jarigen die een opleiding volgen die tot hun startkwalificatie moet leiden, krijgen de score van de hoogst opgeleide ouder. Bij inwoners tussen 18 en 30 jaar die staan ingeschreven bij een vervolgopleiding wordt het inkomensniveau buiten beschouwing gelaten en telt het niveau van de opleiding die men volgt zwaarder mee. Er worden alleen cijfers gepresenteerd over gebieden met minimaal 50 inwoners en minimaal 10 personen met een lage SES.",0,,jaarcijfer,"bewerking O&S, CBS",Amsterdam: stadsdeel/GGW-gebied/wijk/buurt en overige indelingen,,
Amsterdam O&S BBGA,BBGA,Basisbestand Gebieden Amsterdam,SK2765_SES234,Sociale kracht,SES laag 27-65,"Aantal inwoners van 28 tot en met 65 jaar met een lage Sociaaleconomische Score (SES) van 2 tot en met 4.
De SES is een inschatting van iemands positie op de maatschappelijke ladder op basis van het inkomens- en opleidingsniveau. De SES heeft een waarde tussen 2 en 10. Elke inwoner krijgt 1 tot 5 punten voor het  opleidingsniveau eveneens 1 tot 5 punten voor het gestandaardiseerde huishoudinkomen. Kinderen t/m 17 jaar en 18 tot 30-jarigen die een opleiding volgen die tot hun startkwalificatie moet leiden, krijgen de score van de hoogst opgeleide ouder. Bij inwoners tussen 18 en 30 jaar die staan ingeschreven bij een vervolgopleiding wordt het inkomensniveau buiten beschouwing gelaten en telt het niveau van de opleiding die men volgt zwaarder mee. Er worden alleen cijfers gepresenteerd over gebieden met minimaal 50 inwoners en minimaal 10 personen met een lage SES.",0,,jaarcijfer,"bewerking O&S, CBS",Amsterdam: stadsdeel/GGW-gebied/wijk/buurt en overige indelingen,,
Amsterdam O&S BBGA,BBGA,Basisbestand Gebieden Amsterdam,SK66PLUS_SES234,Sociale kracht,SES laag 66+,"Aantal inwoners van 66 jaar en ouder met een lage Sociaaleconomische Score (SES) van 2 tot en met 4.
De SES is een inschatting van iemands positie op de maatschappelijke ladder op basis van het inkomens- en opleidingsniveau. De SES heeft een waarde tussen 2 en 10. Elke inwoner krijgt 1 tot 5 punten voor het  opleidingsniveau eveneens 1 tot 5 punten voor het gestandaardiseerde huishoudinkomen. Kinderen t/m 17 jaar en 18 tot 30-jarigen die een opleiding volgen die tot hun startkwalificatie moet leiden, krijgen de score van de hoogst opgeleide ouder. Bij inwoners tussen 18 en 30 jaar die staan ingeschreven bij een vervolgopleiding wordt het inkomensniveau buiten beschouwing gelaten en telt het niveau van de opleiding die men volgt zwaarder mee. Er worden alleen cijfers gepresenteerd over gebieden met minimaal 50 inwoners en minimaal 10 personen met een lage SES.",0,,jaarcijfer,"bewerking O&S, CBS",Amsterdam: stadsdeel/GGW-gebied/wijk/buurt en overige indelingen,,
Amsterdam O&S BBGA,BBGA,Basisbestand Gebieden Amsterdam,SKSES567,Sociale kracht,SES midden,"Aantal inwoners met een middelhoge Sociaaleconomische Score (SES) van 5 tot en met 7.
De SES is een inschatting van iemands positie op de maatschappelijke ladder op basis van het inkomens- en opleidingsniveau. De SES heeft een waarde tussen 2 en 10. Elke inwoner krijgt 1 tot 5 punten voor het  opleidingsniveau eveneens 1 tot 5 punten voor het gestandaardiseerde huishoudinkomen. Kinderen t/m 17 jaar en 18 tot 30-jarigen die een opleiding volgen die tot hun startkwalificatie moet leiden, krijgen de score van de hoogst opgeleide ouder. Bij inwoners tussen 18 en 30 jaar die staan ingeschreven bij een vervolgopleiding wordt het inkomensniveau buiten beschouwing gelaten en telt het niveau van de opleiding die men volgt zwaarder mee. Er worden alleen cijfers gepresenteerd over gebieden met minimaal 50 inwoners en minimaal 10 personen met een lage SES.",0,,jaarcijfer,"bewerking O&S, CBS",Amsterdam: stadsdeel/GGW-gebied/wijk/buurt en overige indelingen,,
Amsterdam O&S BBGA,BBGA,Basisbestand Gebieden Amsterdam,SKSES567_P,Sociale kracht,SES midden (%),"Aandeel inwoners met een middelhoge Sociaaleconomische Score (SES) van 5 tot en met 7.
De SES is een inschatting van iemands positie op de maatschappelijke ladder op basis van het inkomens- en opleidingsniveau. De SES heeft een waarde tussen 2 en 10. Elke inwoner krijgt 1 tot 5 punten voor het  opleidingsniveau eveneens 1 tot 5 punten voor het gestandaardiseerde huishoudinkomen. Kinderen t/m 17 jaar en 18 tot 30-jarigen die een opleiding volgen die tot hun startkwalificatie moet leiden, krijgen de score van de hoogst opgeleide ouder. Bij inwoners tussen 18 en 30 jaar die staan ingeschreven bij een vervolgopleiding wordt het inkomensniveau buiten beschouwing gelaten en telt het niveau van de opleiding die men volgt zwaarder mee. Er worden alleen cijfers gepresenteerd over gebieden met minimaal 50 inwoners en minimaal 10 personen met een lage SES.",0 %,,jaarcijfer,"bewerking O&S, CBS",Amsterdam: stadsdeel/GGW-gebied/wijk/buurt en overige indelingen,,
Amsterdam O&S BBGA,BBGA,Basisbestand Gebieden Amsterdam,SRSPORTGELEGENHEDEN_R,Sport,Buurt: aanbod sportgelegenheden (1-10),"Gemiddeld rapportcijfer dat bewoners geven als antwoord op de vraag: Wat vindt u van het aanbod van sportgelegenheden in de buurt?
Er wordt alleen gerapporteerd over gebieden met minstens 50 respondenten.",0,,1 april,"O&S, Wonen in Amsterdam",Amsterdam: stadsdeel/GGW-gebied/wijk/buurt en overige indelingen,,
Amsterdam O&S BBGA,BBGA,Basisbestand Gebieden Amsterdam,LBUURTACHT_P,Veiligheid,Buurt: % achteruit,"Aandeel 15-plussers dat vindt dat de buurt waar men in woont de afgelopen 12 maanden achteruit is gegaan.
Er wordt alleen gerapporteerd over gebieden met minstens 50 respondenten. De vragenlijst en de onderzoeksmethode van de Veiligheidsmonitor zijn in 2021 gewijzigd. Sommige indicatoren zijn hierdoor niet beschikbaar voor eerdere jaren. Voor andere indicatoren geldt dat de vergelijking met eerdere jaren voorzichtig gemaakt dient te worden.",0 %,,1 september,Veiligheidsmonitor Amsterdam-Amstelland,Amsterdam: stadsdeel/GGW-gebied/wijk/buurt en overige indelingen,,
Amsterdam O&S BBGA,BBGA,Basisbestand Gebieden Amsterdam,LBUURTGELIJK_P,Veiligheid,Buurt: % gelijk,"Aandeel 15-plussers dat vindt dat de buurt waar men in woont de afgelopen 12 maanden gelijk is gebleven.
Er wordt alleen gerapporteerd over gebieden met minstens 50 respondenten. De vragenlijst en de onderzoeksmethode van de Veiligheidsmonitor zijn in 2021 gewijzigd. Sommige indicatoren zijn hierdoor niet beschikbaar voor eerdere jaren. Voor andere indicatoren geldt dat de vergelijking met eerdere jaren voorzichtig gemaakt dient te worden.",0 %,,1 september,Veiligheidsmonitor Amsterdam-Amstelland,Amsterdam: stadsdeel/GGW-gebied/wijk/buurt en overige indelingen,,
Amsterdam O&S BBGA,BBGA,Basisbestand Gebieden Amsterdam,LBUURTVOOR_P,Veiligheid,Buurt: % vooruit,"Aandeel 15-plussers dat vindt dat de buurt waar men in woont de afgelopen 12 maanden vooruit is gegaan.
Er wordt alleen gerapporteerd over gebieden met minstens 50 respondenten. De vragenlijst en de onderzoeksmethode van de Veiligheidsmonitor zijn in 2021 gewijzigd. Sommige indicatoren zijn hierdoor niet beschikbaar voor eerdere jaren. Voor andere indicatoren geldt dat de vergelijking met eerdere jaren voorzichtig gemaakt dient te worden.",0 %,,1 september,Veiligheidsmonitor Amsterdam-Amstelland,Amsterdam: stadsdeel/GGW-gebied/wijk/buurt en overige indelingen,,
Amsterdam O&S BBGA,BBGA,Basisbestand Gebieden Amsterdam,LLEEFBAARBRT_R,Veiligheid,Buurt: prettig wonen (1-10),"Gemiddeld rapportcijfer dat 15-plussers geven als antwoord op de vraag: Als u door middel van een rapportcijfer van 1 tot en met 10 zou mogen aangeven hoe prettig u het vindt om in uw buurt te wonen, welk cijfer zou u dan geven?
Er wordt alleen gerapporteerd over gebieden met minstens 50 respondenten. De vragenlijst en de onderzoeksmethode van de Veiligheidsmonitor zijn in 2021 gewijzigd. Sommige indicatoren zijn hierdoor niet beschikbaar voor eerdere jaren. Voor andere indicatoren geldt dat de vergelijking met eerdere jaren voorzichtig gemaakt dient te worden.",0,,1 september,Veiligheidsmonitor Amsterdam-Amstelland,Amsterdam: stadsdeel/GGW-gebied/wijk/buurt en overige indelingen,,
Amsterdam O&S BBGA,BBGA,Basisbestand Gebieden Amsterdam,VCRIMIAF_P,Veiligheid,Criminaliteit in de buurt (% afgenomen),"Aandeel 15-plussers dat denkt dat de criminaliteit in de buurt de afgelopen 12 maanden is afgenomen.
Er wordt alleen gerapporteerd over gebieden met minstens 50 respondenten. De vragenlijst en de onderzoeksmethode van de Veiligheidsmonitor zijn in 2021 gewijzigd. Sommige indicatoren zijn hierdoor niet beschikbaar voor eerdere jaren. Voor andere indicatoren geldt dat de vergelijking met eerdere jaren voorzichtig gemaakt dient te worden.",0 %,,1 september,Veiligheidsmonitor Amsterdam-Amstelland,Amsterdam: stadsdeel/GGW-gebied/wijk/buurt en overige indelingen,,
Amsterdam O&S BBGA,BBGA,Basisbestand Gebieden Amsterdam,VCRIMIGELIJK_P,Veiligheid,Criminaliteit in de buurt (% gelijk),"Aandeel 15-plussers dat denkt dat de criminaliteit in de buurt de afgelopen 12 maanden is gelijk gebleven.
Er wordt alleen gerapporteerd over gebieden met minstens 50 respondenten. De vragenlijst en de onderzoeksmethode van de Veiligheidsmonitor zijn in 2021 gewijzigd. Sommige indicatoren zijn hierdoor niet beschikbaar voor eerdere jaren. Voor andere indicatoren geldt dat de vergelijking met eerdere jaren voorzichtig gemaakt dient te worden.",0 %,,1 september,Veiligheidsmonitor Amsterdam-Amstelland,Amsterdam: stadsdeel/GGW-gebied/wijk/buurt en overige indelingen,,
Amsterdam O&S BBGA,BBGA,Basisbestand Gebieden Amsterdam,VCRIMITOE_P,Veiligheid,Criminaliteit in de buurt (% toegenomen),"Aandeel 15-plussers dat denkt dat de criminaliteit in de buurt de afgelopen 12 maanden is toegenomen.
Er wordt alleen gerapporteerd over gebieden met minstens 50 respondenten. De vragenlijst en de onderzoeksmethode van de Veiligheidsmonitor zijn in 2021 gewijzigd. Sommige indicatoren zijn hierdoor niet beschikbaar voor eerdere jaren. Voor andere indicatoren geldt dat de vergelijking met eerdere jaren voorzichtig gemaakt dient te worden.",0 %,,1 september,Veiligheidsmonitor Amsterdam-Amstelland,Amsterdam: stadsdeel/GGW-gebied/wijk/buurt en overige indelingen,,
Amsterdam O&S BBGA,BBGA,Basisbestand Gebieden Amsterdam,VCRIMI_P,Veiligheid,Criminaliteit in de buurt (% veel),"Aandeel 15-plussers dat zegt dat er veel criminaliteit in de buurt voorkomt.
De vragenlijst en de onderzoeksmethode van de Veiligheidsmonitor zijn in 2021 gewijzigd. Sommige indicatoren zijn hierdoor niet beschikbaar voor eerdere jaren. Voor andere indicatoren geldt dat de vergelijking met eerdere jaren voorzichtig gemaakt dient te worden.",0 %,,1 september,Veiligheidsmonitor Amsterdam-Amstelland,Amsterdam: stadsdeel/GGW-gebied/wijk/buurt en overige indelingen,,
Amsterdam O&S BBGA,BBGA,Basisbestand Gebieden Amsterdam,VMISDRIJF,Veiligheid,Geregistreerde misdrijven,"Aantal geregistreerde misdrijven door de politie per jaar.
Bij de geregistreerde misdrijven zijn ook de pogingen tot een misdrijf opgenomen. Voor sommige misdrijven (bijvoorbeeld moord/doodslag) levert dat een veel hoger aantal op dan het aantal voltooide misdrijven. Daarnaast werd vóór juli 2018 bij een registratie met meerdere misdrijven alleen het zwaarste misdrijf geregistreerd. Ná juli 2018 wordt bij registraties met meerdere misdrijven, de misdrijven elk apart geregistreerd. Dit geeft een hoger aantal delicten.",0,,,data.politie.nl,Amsterdam: stadsdeel/GGW-gebied/wijk/buurt en overige indelingen,,
Amsterdam O&S BBGA,BBGA,Basisbestand Gebieden Amsterdam,VMISDRIJF_1000INW,Veiligheid,Geregistreerde misdrijven per 1.000 inwoners,"Aantal geregistreerde misdrijven door de politie per jaar per 1.000 inwoners.
Bij de geregistreerde misdrijven zijn ook de pogingen tot een misdrijf opgenomen. Voor sommige misdrijven (bijvoorbeeld moord/doodslag) levert dat een veel hoger aantal op dan het aantal voltooide misdrijven. Daarnaast werd vóór juli 2018 bij een registratie met meerdere misdrijven alleen het zwaarste misdrijf geregistreerd. Ná juli 2018 wordt bij registraties met meerdere misdrijven, de misdrijven elk apart geregistreerd. Dit geeft een hoger aantal delicten.",0 /1.000 inwoners,,,data.politie.nl,Amsterdam: stadsdeel/GGW-gebied/wijk/buurt en overige indelingen,,
Amsterdam O&S BBGA,BBGA,Basisbestand Gebieden Amsterdam,WZVOORZJ_P,Veiligheid,Jongerenvoorzieningen (% tevreden),"Aandeel 15-plussers dat (zeer) tevreden is met de voorzieningen voor jongeren in de buurt, bijvoorbeeld sportveldjes of buurthuis.
Er wordt alleen gerapporteerd over gebieden met minstens 50 respondenten.De vragenlijst en de onderzoeksmethode van de Veiligheidsmonitor zijn in 2021 gewijzigd. Sommige indicatoren zijn hierdoor niet beschikbaar voor eerdere jaren. Voor andere indicatoren geldt dat de vergelijking met eerdere jaren voorzichtig gemaakt dient te worden.",0 %,,1 september,Veiligheidsmonitor Amsterdam-Amstelland,Amsterdam: stadsdeel/GGW-gebied/wijk/buurt en overige indelingen,,
Amsterdam O&S BBGA,BBGA,Basisbestand Gebieden Amsterdam,VVAAKONVEILIGALG_P,Veiligheid,Onveilig voelen algemeen (% vaak),"Aandeel 15-plussers dat zich in het algemeen vaak onveilig voelt.
Er wordt alleen gerapporteerd over gebieden met minstens 50 respondenten. De vragenlijst en de onderzoeksmethode van de Veiligheidsmonitor zijn in 2021 gewijzigd. Sommige indicatoren zijn hierdoor niet beschikbaar voor eerdere jaren. Voor andere indicatoren geldt dat de vergelijking met eerdere jaren voorzichtig gemaakt dient te worden.",0 %,,,Veiligheidsmonitor Amsterdam-Amstelland,Amsterdam: stadsdeel/GGW-gebied/wijk/buurt en overige indelingen,,
Amsterdam O&S BBGA,BBGA,Basisbestand Gebieden Amsterdam,VVEILIGVOELENALG_P,Veiligheid,Onveilig voelen algemeen (% wel eens),"Aandeel 15-plussers dat zich in het algemeen wel eens (=zelden, soms of vaak) onveilig voelt.
Er wordt alleen gerapporteerd over gebieden met minstens 50 respondenten. De vragenlijst en de onderzoeksmethode van de Veiligheidsmonitor zijn in 2021 gewijzigd. Sommige indicatoren zijn hierdoor niet beschikbaar voor eerdere jaren. Voor andere indicatoren geldt dat de vergelijking met eerdere jaren voorzichtig gemaakt dient te worden.",0 %,,,Veiligheidsmonitor Amsterdam-Amstelland,Amsterdam: stadsdeel/GGW-gebied/wijk/buurt en overige indelingen,,
Amsterdam O&S BBGA,BBGA,Basisbestand Gebieden Amsterdam,VVAAKVEILIGVOELEN_P,Veiligheid,Onveilig voelen eigen buurt (% vaak),"Aandeel 15-plussers dat zich vaak onveilig voelt in de eigen buurt.
Er wordt alleen gerapporteerd over gebieden met minstens 50 respondenten. De vragenlijst en de onderzoeksmethode van de Veiligheidsmonitor zijn in 2021 gewijzigd. Sommige indicatoren zijn hierdoor niet beschikbaar voor eerdere jaren. Voor andere indicatoren geldt dat de vergelijking met eerdere jaren voorzichtig gemaakt dient te worden.",0 %,,1 september,Veiligheidsmonitor Amsterdam-Amstelland,Amsterdam: stadsdeel/GGW-gebied/wijk/buurt en overige indelingen,,
Amsterdam O&S BBGA,BBGA,Basisbestand Gebieden Amsterdam,VVAAKVEILIGVOELEN65_P,Veiligheid,"Onveilig voelen eigen buurt (% vaak, 65+)","Aandeel 65-plussers dat zich vaak onveilig voelt in de eigen buurt.
Er wordt alleen gerapporteerd over gebieden met minstens 50 respondenten. De vragenlijst en de onderzoeksmethode van de Veiligheidsmonitor zijn in 2021 gewijzigd. Sommige indicatoren zijn hierdoor niet beschikbaar voor eerdere jaren. Voor andere indicatoren geldt dat de vergelijking met eerdere jaren voorzichtig gemaakt dient te worden.",0 %,,,Veiligheidsmonitor Amsterdam-Amstelland,Amsterdam: stadsdeel/GGW-gebied/wijk/buurt en overige indelingen,,
Amsterdam O&S BBGA,BBGA,Basisbestand Gebieden Amsterdam,VVEILIGVOELEN_P,Veiligheid,Onveilig voelen eigen buurt (% wel eens),"Aandeel 15-plussers dat zich wel eens (=zelden, soms of vaak) onveilig voelt in de eigen buurt.
Er wordt alleen gerapporteerd over gebieden met minstens 50 respondenten. De vragenlijst en de onderzoeksmethode van de Veiligheidsmonitor zijn in 2021 gewijzigd. Sommige indicatoren zijn hierdoor niet beschikbaar voor eerdere jaren. Voor andere indicatoren geldt dat de vergelijking met eerdere jaren voorzichtig gemaakt dient te worden.",0 %,,1 september,Veiligheidsmonitor Amsterdam-Amstelland,Amsterdam: stadsdeel/GGW-gebied/wijk/buurt en overige indelingen,,
Amsterdam O&S BBGA,BBGA,Basisbestand Gebieden Amsterdam,VVEILIGVOELEN65_P,Veiligheid,"Onveilig voelen eigen buurt (% wel eens, 65+)","Aandeel 65-plussers dat zich wel eens (=zelden, soms of vaak) onveilig voelt in de eigen buurt.
Er wordt alleen gerapporteerd over gebieden met minstens 50 respondenten. De vragenlijst en de onderzoeksmethode van de Veiligheidsmonitor zijn in 2021 gewijzigd. Sommige indicatoren zijn hierdoor niet beschikbaar voor eerdere jaren. Voor andere indicatoren geldt dat de vergelijking met eerdere jaren voorzichtig gemaakt dient te worden.",0 %,,1 september,Veiligheidsmonitor Amsterdam-Amstelland,Amsterdam: stadsdeel/GGW-gebied/wijk/buurt en overige indelingen,,
Amsterdam O&S BBGA,BBGA,Basisbestand Gebieden Amsterdam,LOVERLAF_P,Veiligheid,Overlast (% afgenomen),"Aandeel 15-plussers dat denkt dat de overlast in de buurt de afgelopen 12 maanden is afgenomen.
Er wordt alleen gerapporteerd over gebieden met minstens 50 respondenten. De vragenlijst en de onderzoeksmethode van de Veiligheidsmonitor zijn in 2021 gewijzigd. Sommige indicatoren zijn hierdoor niet beschikbaar voor eerdere jaren. Voor andere indicatoren geldt dat de vergelijking met eerdere jaren voorzichtig gemaakt dient te worden.",0 %,,1 september,Veiligheidsmonitor Amsterdam-Amstelland,Amsterdam: stadsdeel/GGW-gebied/wijk/buurt en overige indelingen,,
Amsterdam O&S BBGA,BBGA,Basisbestand Gebieden Amsterdam,LOVERLGELIJK_P,Veiligheid,Overlast (% gelijk),"Aandeel 15-plussers dat denkt dat de overlast in de buurt de afgelopen 12 maanden gelijk is gebleven.
Er wordt alleen gerapporteerd over gebieden met minstens 50 respondenten. De vragenlijst en de onderzoeksmethode van de Veiligheidsmonitor zijn in 2021 gewijzigd. Sommige indicatoren zijn hierdoor niet beschikbaar voor eerdere jaren. Voor andere indicatoren geldt dat de vergelijking met eerdere jaren voorzichtig gemaakt dient te worden.",0 %,,1 september,Veiligheidsmonitor Amsterdam-Amstelland,Amsterdam: stadsdeel/GGW-gebied/wijk/buurt en overige indelingen,,
Amsterdam O&S BBGA,BBGA,Basisbestand Gebieden Amsterdam,LOVERLTOE_P,Veiligheid,Overlast (% toegenomen),"Aandeel 15-plussers dat denkt dat de overlast in de buurt de afgelopen 12 maanden is toegenomen.
Er wordt alleen gerapporteerd over gebieden met minstens 50 respondenten. De vragenlijst en de onderzoeksmethode van de Veiligheidsmonitor zijn in 2021 gewijzigd. Sommige indicatoren zijn hierdoor niet beschikbaar voor eerdere jaren. Voor andere indicatoren geldt dat de vergelijking met eerdere jaren voorzichtig gemaakt dient te worden.",0 %,,1 september,Veiligheidsmonitor Amsterdam-Amstelland,Amsterdam: stadsdeel/GGW-gebied/wijk/buurt en overige indelingen,,
Amsterdam O&S BBGA,BBGA,Basisbestand Gebieden Amsterdam,LOVERL_P,Veiligheid,Overlast (% veel),Aandeel 15-plussers dat het idee heeft dat er veel overlast plaatsvindt in de buurt.,0 %,,1 september,Veiligheidsmonitor Amsterdam-Amstelland,Amsterdam: stadsdeel/GGW-gebied/wijk/buurt en overige indelingen,,
Amsterdam O&S BBGA,BBGA,Basisbestand Gebieden Amsterdam,VKAGRESSIEF_P,Veiligheid,Overlast: agressief gedrag verkeer (%),Aandeel 15-plussers dat zegt zelf veel overlast te ervaren in de buurt van agressief gedrag in het verkeer. Er wordt alleen gerapporteerd over gebieden met minstens 50 respondenten.,0 %,,1 september,Veiligheidsmonitor Amsterdam-Amstelland,Amsterdam: stadsdeel/GGW-gebied/wijk/buurt en overige indelingen,,
Amsterdam O&S BBGA,BBGA,Basisbestand Gebieden Amsterdam,LOVERLASTANDEREGROEPEN_R,Veiligheid,Overlast: andere personen (1-10),"Kunt u met een rapportcijfer 1 t/m 10 aangeven in welke mate u overlast ondervindt van andere personen (dan buren)? (1= ernstige overlast, 10 =geen overlast). Tot en met 2017 werd gevraagd naar overlast van andere groepen mensen (dan buren).
Er wordt alleen gerapporteerd over gebieden met minstens 20 respondenten.",0,,1 april,"O&S, Wonen in Amsterdam",Amsterdam: stadsdeel/GGW-gebied/wijk/buurt en overige indelingen,,
Amsterdam O&S BBGA,BBGA,Basisbestand Gebieden Amsterdam,VBEKLAD_P,Veiligheid,Overlast: bekladding (% veel),"Aandeel 15-plussers dat zegt zelf veel overlast in de buurt te ervaren van bekladde muren of gebouwen.
Er wordt alleen gerapporteerd over gebieden met minstens 50 respondenten. De vragenlijst en de onderzoeksmethode van de Veiligheidsmonitor zijn in 2021 gewijzigd. Sommige indicatoren zijn hierdoor niet beschikbaar voor eerdere jaren. Voor andere indicatoren geldt dat de vergelijking met eerdere jaren voorzichtig gemaakt dient te worden.",0 %,,,Veiligheidsmonitor Amsterdam-Amstelland,Amsterdam: stadsdeel/GGW-gebied/wijk/buurt en overige indelingen,,
Amsterdam O&S BBGA,BBGA,Basisbestand Gebieden Amsterdam,LBURENOVERLAST_R,Veiligheid,Overlast: buren (1-10),"Kunt u met een rapportcijfer van 1 t/m 10 aangeven in welke mate u overlast ondervindt van buren? (1= ernstige overlast, 10 =geen overlast).
Er wordt alleen gerapporteerd over gebieden met minstens 20 respondenten.",0,,1 april,"O&S, Wonen in Amsterdam",Amsterdam: stadsdeel/GGW-gebied/wijk/buurt en overige indelingen,,
Amsterdam O&S BBGA,BBGA,Basisbestand Gebieden Amsterdam,LBUURTBEW_P,Veiligheid,Overlast: buurtbewoners (% veel),"Aandeel 15-plussers dat zegt zelf veel overlast in de buurt te ervaren van buurtbewoners.   .
Er wordt alleen gerapporteerd over gebieden met minstens 50 respondenten. De vragenlijst en de onderzoeksmethode van de Veiligheidsmonitor zijn in 2021 gewijzigd. Sommige indicatoren zijn hierdoor niet beschikbaar voor eerdere jaren. Voor andere indicatoren geldt dat de vergelijking met eerdere jaren voorzichtig gemaakt dient te worden.",0 %,,1 september,Veiligheidsmonitor Amsterdam-Amstelland,Amsterdam: stadsdeel/GGW-gebied/wijk/buurt en overige indelingen,,
Amsterdam O&S BBGA,BBGA,Basisbestand Gebieden Amsterdam,VCRIMINALITEIT_R,Veiligheid,Overlast: criminaliteit (1-10),"Kunt u met een rapportcijfer 1 t/m 10 aangeven in welke mate u overlast ondervindt van criminaliteit? (1= ernstige overlast, 10 =geen overlast).
Er wordt alleen gerapporteerd over gebieden met minstens 20 respondenten.",0,,1 april,"O&S, Wonen in Amsterdam",Amsterdam: stadsdeel/GGW-gebied/wijk/buurt en overige indelingen,,
Amsterdam O&S BBGA,BBGA,Basisbestand Gebieden Amsterdam,LDRONKEN_P,Veiligheid,Overlast: dronken mensen op straat (% veel),"Aandeel 15-plussers dat zegt zelf veel overlast in de buurt te ervaren van dronken mensen op straat.
Er wordt alleen gerapporteerd over gebieden met minstens 50 respondenten. De vragenlijst en de onderzoeksmethode van de Veiligheidsmonitor zijn in 2021 gewijzigd. Sommige indicatoren zijn hierdoor niet beschikbaar voor eerdere jaren. Voor andere indicatoren geldt dat de vergelijking met eerdere jaren voorzichtig gemaakt dient te worden.",0 %,,1 september,Veiligheidsmonitor Amsterdam-Amstelland,Amsterdam: stadsdeel/GGW-gebied/wijk/buurt en overige indelingen,,
Amsterdam O&S BBGA,BBGA,Basisbestand Gebieden Amsterdam,VDRUGSGEBR_P,Veiligheid,Overlast: drugsgebruik (% veel),"Aandeel 15-plussers dat zegt zelf veel overlast in de buurt te ervaren van drugsgebruik.
Er wordt alleen gerapporteerd over gebieden met minstens 50 respondenten. De vragenlijst en de onderzoeksmethode van de Veiligheidsmonitor zijn in 2021 gewijzigd. Sommige indicatoren zijn hierdoor niet beschikbaar voor eerdere jaren. Voor andere indicatoren geldt dat de vergelijking met eerdere jaren voorzichtig gemaakt dient te worden.",0 %,,1 september,Veiligheidsmonitor Amsterdam-Amstelland,Amsterdam: stadsdeel/GGW-gebied/wijk/buurt en overige indelingen,,
Amsterdam O&S BBGA,BBGA,Basisbestand Gebieden Amsterdam,VDRUGSHAN_P,Veiligheid,Overlast: drugshandel (% veel),"Aandeel 15-plussers dat zegt zelf veel overlast in de buurt te ervaren van drugshandel.
Er wordt alleen gerapporteerd over gebieden met minstens 50 respondenten. De vragenlijst en de onderzoeksmethode van de Veiligheidsmonitor zijn in 2021 gewijzigd. Sommige indicatoren zijn hierdoor niet beschikbaar voor eerdere jaren. Voor andere indicatoren geldt dat de vergelijking met eerdere jaren voorzichtig gemaakt dient te worden.",0 %,,1 september,Veiligheidsmonitor Amsterdam-Amstelland,Amsterdam: stadsdeel/GGW-gebied/wijk/buurt en overige indelingen,,
Amsterdam O&S BBGA,BBGA,Basisbestand Gebieden Amsterdam,VGELUID_P,Veiligheid,Overlast: geluid (% veel),"Aandeel 15-plussers dat zegt zelf veel geluidsoverlast in de buurt te ervaren.
Er wordt alleen gerapporteerd over gebieden met minstens 50 respondenten. De vragenlijst en de onderzoeksmethode van de Veiligheidsmonitor zijn in 2021 gewijzigd. Sommige indicatoren zijn hierdoor niet beschikbaar voor eerdere jaren. Voor andere indicatoren geldt dat de vergelijking met eerdere jaren voorzichtig gemaakt dient te worden.",0 %,,1 september,Veiligheidsmonitor Amsterdam-Amstelland,Amsterdam: stadsdeel/GGW-gebied/wijk/buurt en overige indelingen,,
Amsterdam O&S BBGA,BBGA,Basisbestand Gebieden Amsterdam,VPOEP_P,Veiligheid,Overlast: hondenpoep (% veel),"Aandeel 15-plussers dat zegt zelf veel overlast in de buurt te ervaren van hondenpoep, bijv. op de stoep of op grasveldjes.
Er wordt alleen gerapporteerd over gebieden met minstens 50 respondenten. De vragenlijst en de onderzoeksmethode van de Veiligheidsmonitor zijn in 2021 gewijzigd. Sommige indicatoren zijn hierdoor niet beschikbaar voor eerdere jaren. Voor andere indicatoren geldt dat de vergelijking met eerdere jaren voorzichtig gemaakt dient te worden.",0 %,,,Veiligheidsmonitor Amsterdam-Amstelland,Amsterdam: stadsdeel/GGW-gebied/wijk/buurt en overige indelingen,,
Amsterdam O&S BBGA,BBGA,Basisbestand Gebieden Amsterdam,LHORECAOVERLAST_R,Veiligheid,Overlast: horeca (1-10),"Kunt u met een rapportcijfer van 1 t/m 10 aangeven in welke mate u overlast ondervindt van horeca? (1= ernstige overlast, 10 =geen overlast).
Er wordt alleen gerapporteerd over gebieden met minstens 20 respondenten.",0,,1 april,"O&S, Wonen in Amsterdam",Amsterdam: stadsdeel/GGW-gebied/wijk/buurt en overige indelingen,,
Amsterdam O&S BBGA,BBGA,Basisbestand Gebieden Amsterdam,LHORECA_P,Veiligheid,Overlast: horecagelegenheden (% veel),"Aandeel 15-plussers dat zegt zelf veel overlast in de buurt te ervaren van horecagelegenheden zoals cafés, restaurants of snackbars.
Er wordt alleen gerapporteerd over gebieden met minstens 50 respondenten. De vragenlijst en de onderzoeksmethode van de Veiligheidsmonitor zijn in 2021 gewijzigd. Sommige indicatoren zijn hierdoor niet beschikbaar voor eerdere jaren. Voor andere indicatoren geldt dat de vergelijking met eerdere jaren voorzichtig gemaakt dient te worden.",0 %,,1 september,Veiligheidsmonitor Amsterdam-Amstelland,Amsterdam: stadsdeel/GGW-gebied/wijk/buurt en overige indelingen,,
Amsterdam O&S BBGA,BBGA,Basisbestand Gebieden Amsterdam,LKAMERVERHUUR_P,Veiligheid,Overlast: kamerverhuur (niet toeristen) (%),"Aandeel bewoners dat veel overlast ervaart van verhuur van kamers in (voormalige) woningen (niet aan toeristen, maar aan jongeren, studenten, arbeidsmigranten, anderen).
Er wordt alleen gerapporteerd over gebieden met minstens 20 respondenten.",0 %,,1 april,"O&S, Wonen in Amsterdam",Amsterdam: stadsdeel/GGW-gebied/wijk/buurt en overige indelingen,,
Amsterdam O&S BBGA,BBGA,Basisbestand Gebieden Amsterdam,LLASTIGGEV_P,Veiligheid,Overlast: lastigvallen (% veel),"Aandeel 15-plussers dat zegt zelf veel overlast in de buurt te ervaren van mensen die op straat worden lastig gevallen.   .
Er wordt alleen gerapporteerd over gebieden met minstens 50 respondenten. De vragenlijst en de onderzoeksmethode van de Veiligheidsmonitor zijn in 2021 gewijzigd. Sommige indicatoren zijn hierdoor niet beschikbaar voor eerdere jaren. Voor andere indicatoren geldt dat de vergelijking met eerdere jaren voorzichtig gemaakt dient te worden.",0 %,,1 september,Veiligheidsmonitor Amsterdam-Amstelland,Amsterdam: stadsdeel/GGW-gebied/wijk/buurt en overige indelingen,,
Amsterdam O&S BBGA,BBGA,Basisbestand Gebieden Amsterdam,LWONINGOPDEEL_P,Veiligheid,Overlast: opgedeelde woningen (%),"Aandeel bewoners dat veel overlast ervaart vanverhuur van woningen die zijn opgedeeld tot meerdere zelfstandige woningen
Er wordt alleen gerapporteerd over gebieden met minstens 20 respondenten.",0 %,,1 april,"O&S, Wonen in Amsterdam",Amsterdam: stadsdeel/GGW-gebied/wijk/buurt en overige indelingen,,
Amsterdam O&S BBGA,BBGA,Basisbestand Gebieden Amsterdam,VKPARKOVL_P,Veiligheid,Overlast: parkeerproblemen (%),"Aandeel 15-plussers dat zegt zelf veel overlast te ervaren in de buurt van parkeerproblemen, bijvoorbeeld fout geparkeerde voertuigen of drukte.
Er wordt alleen gerapporteerd over gebieden met minstens 50 respondenten.De vragenlijst en de onderzoeksmethode van de Veiligheidsmonitor zijn in 2021 gewijzigd. Sommige indicatoren zijn hierdoor niet beschikbaar voor eerdere jaren. Voor andere indicatoren geldt dat de vergelijking met eerdere jaren voorzichtig gemaakt dient te worden.",0 %,,1 september,Veiligheidsmonitor Amsterdam-Amstelland,Amsterdam: stadsdeel/GGW-gebied/wijk/buurt en overige indelingen,,
Amsterdam O&S BBGA,BBGA,Basisbestand Gebieden Amsterdam,VROMMEL_P,Veiligheid,Overlast: rommel (% veel),"Aandeel 15-plussers dat zegt zelf veel overlast in de buurt te ervaren van rommel op straat.
Er wordt alleen gerapporteerd over gebieden met minstens 50 respondenten. De vragenlijst en de onderzoeksmethode van de Veiligheidsmonitor zijn in 2021 gewijzigd. Sommige indicatoren zijn hierdoor niet beschikbaar voor eerdere jaren. Voor andere indicatoren geldt dat de vergelijking met eerdere jaren voorzichtig gemaakt dient te worden.",0 %,,,Veiligheidsmonitor Amsterdam-Amstelland,Amsterdam: stadsdeel/GGW-gebied/wijk/buurt en overige indelingen,,
Amsterdam O&S BBGA,BBGA,Basisbestand Gebieden Amsterdam,LJONGERENOVL_P,Veiligheid,Overlast: rondhangende jongeren (% veel),"Aandeel 15-plussers dat zegt zelf veel overlast in de buurt te ervaren van rondhangende jongeren.
Er wordt alleen gerapporteerd over gebieden met minstens 50 respondenten. De vragenlijst en de onderzoeksmethode van de Veiligheidsmonitor zijn in 2021 gewijzigd. Sommige indicatoren zijn hierdoor niet beschikbaar voor eerdere jaren. Voor andere indicatoren geldt dat de vergelijking met eerdere jaren voorzichtig gemaakt dient te worden.",0 %,,1 september,Veiligheidsmonitor Amsterdam-Amstelland,Amsterdam: stadsdeel/GGW-gebied/wijk/buurt en overige indelingen,,
Amsterdam O&S BBGA,BBGA,Basisbestand Gebieden Amsterdam,VSTANK_P,Veiligheid,Overlast: stank (% veel),"Aandeel 15-plussers dat zegt zelf veel stankoverlast in de buurt te ervaren.
Er wordt alleen gerapporteerd over gebieden met minstens 50 respondenten. De vragenlijst en de onderzoeksmethode van de Veiligheidsmonitor zijn in 2021 gewijzigd. Sommige indicatoren zijn hierdoor niet beschikbaar voor eerdere jaren. Voor andere indicatoren geldt dat de vergelijking met eerdere jaren voorzichtig gemaakt dient te worden.",0 %,,1 september,Veiligheidsmonitor Amsterdam-Amstelland,Amsterdam: stadsdeel/GGW-gebied/wijk/buurt en overige indelingen,,
Amsterdam O&S BBGA,BBGA,Basisbestand Gebieden Amsterdam,VKHARD_P,Veiligheid,Overlast: te hard rijden (%),"Aandeel 15-plussers dat zegt zelf veel overlast te ervaren van te hard rijden in de buurt.
Er wordt alleen gerapporteerd over gebieden met minstens 50 respondenten.De vragenlijst en de onderzoeksmethode van de Veiligheidsmonitor zijn in 2021 gewijzigd. Sommige indicatoren zijn hierdoor niet beschikbaar voor eerdere jaren. Voor andere indicatoren geldt dat de vergelijking met eerdere jaren voorzichtig gemaakt dient te worden.",0 %,,1 september,Veiligheidsmonitor Amsterdam-Amstelland,Amsterdam: stadsdeel/GGW-gebied/wijk/buurt en overige indelingen,,
Amsterdam O&S BBGA,BBGA,Basisbestand Gebieden Amsterdam,VTOERIST_P,Veiligheid,Overlast: toeristen (% veel),"Aandeel 15-plussers dat zegt zelf veel overlast in de buurt te ervaren van toeristen.
Er wordt alleen gerapporteerd over gebieden met minstens 50 respondenten. De vragenlijst en de onderzoeksmethode van de Veiligheidsmonitor zijn in 2021 gewijzigd. Sommige indicatoren zijn hierdoor niet beschikbaar voor eerdere jaren. Voor andere indicatoren geldt dat de vergelijking met eerdere jaren voorzichtig gemaakt dient te worden.",0 %,,1 september,Veiligheidsmonitor Amsterdam-Amstelland,Amsterdam: stadsdeel/GGW-gebied/wijk/buurt en overige indelingen,,
Amsterdam O&S BBGA,BBGA,Basisbestand Gebieden Amsterdam,LAIRBNBOVL_P,Veiligheid,Overlast: toeristenverhuur (%),"Aandeel bewoners dat veel overlast ervaart van verhuur van woningen aan toeristen in de directe woonomgeving (pand / galerij / complex)
Er wordt alleen gerapporteerd over gebieden met minstens 20 respondenten.",0 %,,1 april,"O&S, Wonen in Amsterdam",Amsterdam: stadsdeel/GGW-gebied/wijk/buurt en overige indelingen,,
Amsterdam O&S BBGA,BBGA,Basisbestand Gebieden Amsterdam,VVERNIEL_P,Veiligheid,Overlast: vernield straatmeubilair (% veel),"Aandeel 15-plussers dat zegt zelf veel overlast in de buurt te ervaren van vernield straatmeubilair, bijv. vuilnisbakken of bankjes.
Er wordt alleen gerapporteerd over gebieden met minstens 50 respondenten. De vragenlijst en de onderzoeksmethode van de Veiligheidsmonitor zijn in 2021 gewijzigd. Sommige indicatoren zijn hierdoor niet beschikbaar voor eerdere jaren. Voor andere indicatoren geldt dat de vergelijking met eerdere jaren voorzichtig gemaakt dient te worden.",0 %,,,Veiligheidsmonitor Amsterdam-Amstelland,Amsterdam: stadsdeel/GGW-gebied/wijk/buurt en overige indelingen,,
Amsterdam O&S BBGA,BBGA,Basisbestand Gebieden Amsterdam,VVERWARD_P,Veiligheid,Overlast: verwarde personen (% veel),"Aandeel 15-plussers dat zegt zelf veel overlast in de buurt te ervaren van verwarde personen.
Er wordt alleen gerapporteerd over gebieden met minstens 50 respondenten. De vragenlijst en de onderzoeksmethode van de Veiligheidsmonitor zijn in 2021 gewijzigd. Sommige indicatoren zijn hierdoor niet beschikbaar voor eerdere jaren. Voor andere indicatoren geldt dat de vergelijking met eerdere jaren voorzichtig gemaakt dient te worden.",0 %,,1 september,Veiligheidsmonitor Amsterdam-Amstelland,Amsterdam: stadsdeel/GGW-gebied/wijk/buurt en overige indelingen,,
Amsterdam O&S BBGA,BBGA,Basisbestand Gebieden Amsterdam,VVUURWERK_P,Veiligheid,Overlast: vuurwerk (% veel),"Aandeel 15-plussers dat zegt zelf veel overlast te ervaren van het afsteken van (illegaal) vuurwerk, buiten de jaarwisseling om.
Er wordt alleen gerapporteerd over gebieden met minstens 50 respondenten. De vragenlijst en de onderzoeksmethode van de Veiligheidsmonitor zijn in 2021 gewijzigd. Sommige indicatoren zijn hierdoor niet beschikbaar voor eerdere jaren. Voor andere indicatoren geldt dat de vergelijking met eerdere jaren voorzichtig gemaakt dient te worden.",0 %,,,Veiligheidsmonitor Amsterdam-Amstelland,Amsterdam: stadsdeel/GGW-gebied/wijk/buurt en overige indelingen,,
Amsterdam O&S BBGA,BBGA,Basisbestand Gebieden Amsterdam,VSLACHTINBR_P,Veiligheid,Slachtofferschap: (poging) woninginbraak (%),"Aandeel 15-plussers dat de afgelopen 12 maanden slachtoffer is geweest van woninginbraak of een poging daartoe.
Er wordt alleen gerapporteerd over gebieden met minstens 50 respondenten. De vragenlijst en de onderzoeksmethode van de Veiligheidsmonitor zijn in 2021 gewijzigd. Sommige indicatoren zijn hierdoor niet beschikbaar voor eerdere jaren. Voor andere indicatoren geldt dat de vergelijking met eerdere jaren voorzichtig gemaakt dient te worden.",0 %,,1 september,Veiligheidsmonitor Amsterdam-Amstelland,Amsterdam: stadsdeel/GGW-gebied/wijk/buurt en overige indelingen,,
Amsterdam O&S BBGA,BBGA,Basisbestand Gebieden Amsterdam,VSLACHTBEDR_P,Veiligheid,Slachtofferschap: bedreiging (%),"Aandeel 15-plussers dat de afgelopen 12 maanden slachtoffer is geweest van bedreiging, zonder te zijn aangevallen of mishandeld. Bijvoorbeeld dreigen met slaan, schoppen of met een mes of ander wapen. Inclusief online bedreigingen.
Er wordt alleen gerapporteerd over gebieden met minstens 50 respondenten. De vragenlijst en de onderzoeksmethode van de Veiligheidsmonitor zijn in 2021 gewijzigd. Sommige indicatoren zijn hierdoor niet beschikbaar voor eerdere jaren. Voor andere indicatoren geldt dat de vergelijking met eerdere jaren voorzichtig gemaakt dient te worden.",0 %,,1 september,Veiligheidsmonitor Amsterdam-Amstelland,Amsterdam: stadsdeel/GGW-gebied/wijk/buurt en overige indelingen,,
Amsterdam O&S BBGA,BBGA,Basisbestand Gebieden Amsterdam,VSLACHTFIETS_P,Veiligheid,Slachtofferschap: fietsendiefstal (%),"Aandeel 15-plussers dat de afgelopen 12 maanden slachtoffer is geweest van fietsendiefstal (inclusief elektrische fietsen).
Er wordt alleen gerapporteerd over gebieden met minstens 50 respondenten. De vragenlijst en de onderzoeksmethode van de Veiligheidsmonitor zijn in 2021 gewijzigd. Sommige indicatoren zijn hierdoor niet beschikbaar voor eerdere jaren. Voor andere indicatoren geldt dat de vergelijking met eerdere jaren voorzichtig gemaakt dient te worden.",0 %,,1 september,Veiligheidsmonitor Amsterdam-Amstelland,Amsterdam: stadsdeel/GGW-gebied/wijk/buurt en overige indelingen,,
Amsterdam O&S BBGA,BBGA,Basisbestand Gebieden Amsterdam,VSLACHTMISH_P,Veiligheid,Slachtofferschap: mishandeling (%),"Aandeel 15-plussers dat de afgelopen 12 maanden zegt aangevallen of mishandeld te zijn geweest, bijvoorbeeld door slaan, schoppen of het gebruik van een mes of een ander wapen.
Er wordt alleen gerapporteerd over gebieden met minstens 50 respondenten. De vragenlijst en de onderzoeksmethode van de Veiligheidsmonitor zijn in 2021 gewijzigd. Sommige indicatoren zijn hierdoor niet beschikbaar voor eerdere jaren. Voor andere indicatoren geldt dat de vergelijking met eerdere jaren voorzichtig gemaakt dient te worden.",0 %,,1 september,Veiligheidsmonitor Amsterdam-Amstelland,Amsterdam: stadsdeel/GGW-gebied/wijk/buurt en overige indelingen,,
Amsterdam O&S BBGA,BBGA,Basisbestand Gebieden Amsterdam,VSLACHTONLINE_P,Veiligheid,Slachtofferschap: online criminaliteit (%),"Aandeel 15-plussers dat de afgelopen 12 maanden slachtoffer is geweest van online criminaliteit: online aankoopfraude, online verkoopfraude, hacken apparaat, hacken account, phishing, fraude betalingsverkeer, identititeitsfraude, online pesten, online stalking, shamesexting of online bedreiging.
Er wordt alleen gerapporteerd over gebieden met minstens 50 respondenten. De vragenlijst en de onderzoeksmethode van de Veiligheidsmonitor zijn in 2021 gewijzigd. Sommige indicatoren zijn hierdoor niet beschikbaar voor eerdere jaren. Voor andere indicatoren geldt dat de vergelijking met eerdere jaren voorzichtig gemaakt dient te worden.",0 %,,1 september,Veiligheidsmonitor Amsterdam-Amstelland,Amsterdam: stadsdeel/GGW-gebied/wijk/buurt en overige indelingen,,
Amsterdam O&S BBGA,BBGA,Basisbestand Gebieden Amsterdam,VSLACHTPESTEN_P,Veiligheid,Slachtofferschap: pesten (%),"Aandeel 15-plussers dat zegt de afgelopen 12 maanden slachtoffer te zijn geweest van pesten, inclusief online.
Er wordt alleen gerapporteerd over gebieden met minstens 50 respondenten. De vragenlijst en de onderzoeksmethode van de Veiligheidsmonitor zijn in 2021 gewijzigd. Sommige indicatoren zijn hierdoor niet beschikbaar voor eerdere jaren. Voor andere indicatoren geldt dat de vergelijking met eerdere jaren voorzichtig gemaakt dient te worden.",0 %,,1 september,Veiligheidsmonitor Amsterdam-Amstelland,Amsterdam: stadsdeel/GGW-gebied/wijk/buurt en overige indelingen,,
Amsterdam O&S BBGA,BBGA,Basisbestand Gebieden Amsterdam,VSLACHTSEKSGEW_P,Veiligheid,Slachtofferschap: seksueel geweld (%),"Aandeel 15-plussers dat zegt de afgelopen 12 maanden tegen hun zin aangeraakt of vastgepakt te zijn met seksuele bedoelingen.
Er wordt alleen gerapporteerd over gebieden met minstens 50 respondenten. De vragenlijst en de onderzoeksmethode van de Veiligheidsmonitor zijn in 2021 gewijzigd. Sommige indicatoren zijn hierdoor niet beschikbaar voor eerdere jaren. Voor andere indicatoren geldt dat de vergelijking met eerdere jaren voorzichtig gemaakt dient te worden.",0 %,,1 september,Veiligheidsmonitor Amsterdam-Amstelland,Amsterdam: stadsdeel/GGW-gebied/wijk/buurt en overige indelingen,,
Amsterdam O&S BBGA,BBGA,Basisbestand Gebieden Amsterdam,VSLACHTVAN_P,Veiligheid,Slachtofferschap: vernielingen (%),"Aandeel 15-plussers dat de afgelopen 12 maanden slachtoffer is geweest van vernielingen.
Er wordt alleen gerapporteerd over gebieden met minstens 50 respondenten. De vragenlijst en de onderzoeksmethode van de Veiligheidsmonitor zijn in 2021 gewijzigd. Sommige indicatoren zijn hierdoor niet beschikbaar voor eerdere jaren. Voor andere indicatoren geldt dat de vergelijking met eerdere jaren voorzichtig gemaakt dient te worden.",0 %,,1 september,Veiligheidsmonitor Amsterdam-Amstelland,Amsterdam: stadsdeel/GGW-gebied/wijk/buurt en overige indelingen,,
Amsterdam O&S BBGA,BBGA,Basisbestand Gebieden Amsterdam,VSLACHTZAK_P,Veiligheid,Slachtofferschap: zakkenrollerij en beroving (%),"Aandeel 15-plussers dat zegt dat er de afgelopen 12 maanden weleens een tas, portemonnee, telefoon of iets anders dat bij zich werd gedragen werd gestolen of een poging toe werd gedaan.
Er wordt alleen gerapporteerd over gebieden met minstens 50 respondenten. De vragenlijst en de onderzoeksmethode van de Veiligheidsmonitor zijn in 2021 gewijzigd. Sommige indicatoren zijn hierdoor niet beschikbaar voor eerdere jaren. Voor andere indicatoren geldt dat de vergelijking met eerdere jaren voorzichtig gemaakt dient te worden.",0 %,,,Veiligheidsmonitor Amsterdam-Amstelland,Amsterdam: stadsdeel/GGW-gebied/wijk/buurt en overige indelingen,,
Amsterdam O&S BBGA,BBGA,Basisbestand Gebieden Amsterdam,VBUURTVEILIG_R,Veiligheid,Veiligheid buurt (1-10),"Gemiddeld rapportcijfer dat 15-plussers geven als antwoord op de vraag: Kunt u een rapportcijfer geven voor de veiligheid in uw buurt?
Er wordt alleen gerapporteerd over gebieden met minstens 50 respondenten. De vragenlijst en de onderzoeksmethode van de Veiligheidsmonitor zijn in 2021 gewijzigd. Sommige indicatoren zijn hierdoor niet beschikbaar voor eerdere jaren. Voor andere indicatoren geldt dat de vergelijking met eerdere jaren voorzichtig gemaakt dient te worden.",0,,1 september,Veiligheidsmonitor Amsterdam-Amstelland,Amsterdam: stadsdeel/GGW-gebied/wijk/buurt en overige indelingen,,
Amsterdam O&S BBGA,BBGA,Basisbestand Gebieden Amsterdam,VVEILIGDAG_R,Veiligheid,Veiligheidsgevoel overdag (1-10),"Gemiddeld rapportcijfer dat bewoners geven als antwoord op de vraag: Hoe veilig voelt u zich overdag in uw buurt? (1=zeer onveilig, 10=zeer veilig).
Er wordt alleen gerapporteerd over gebieden met minstens 20 respondenten.",0,,1 april,"O&S, Wonen in Amsterdam",Amsterdam: stadsdeel/GGW-gebied/wijk/buurt en overige indelingen,,
Amsterdam O&S BBGA,BBGA,Basisbestand Gebieden Amsterdam,VVEILIGAVOND_R,Veiligheid,Veiligheidsgevoel 's avonds (1-10),"Gemiddeld rapportcijfer dat bewoners geven als antwoord op de vraag: Hoe veilig voelt u zich 's avonds in uw buurt? (1=zeer onveilig, 10=zeer veilig).
Er wordt alleen gerapporteerd over gebieden met minstens 20 respondenten.",0,,1 april,"O&S, Wonen in Amsterdam",Amsterdam: stadsdeel/GGW-gebied/wijk/buurt en overige indelingen,,
Amsterdam O&S BBGA,BBGA,Basisbestand Gebieden Amsterdam,V65PLUSVEILIGAVOND_R,Veiligheid,Veiligheidsgevoel 's avonds 65+ (1-10),"Gemiddeld rapportcijfer dat 65-plussers geven als antwoord op de vraag: Hoe veilig voelt u zich 's avonds in uw buurt? (1=zeer onveilig, 10=zeer veilig).
Er wordt alleen gerapporteerd over gebieden met minstens 20 respondenten.",0,,1 april,"O&S, Wonen in Amsterdam",Amsterdam: stadsdeel/GGW-gebied/wijk/buurt en overige indelingen,,
Amsterdam O&S BBGA,BBGA,Basisbestand Gebieden Amsterdam,VJEUGDIGE_P,Veiligheid,Verdachten: % jeugdigen (12-24 jaar),Het aandeel jeugdige verdachten van een misdrijf gepleegd in de gemeente Amsterdam onder de Amsterdamse bevolking van 12 tot en met 24 jaar.,0 %,,,Politie Eenheid Amsterdam,Amsterdam: stadsdeel/GGW-gebied/wijk/buurt en overige indelingen,,
Amsterdam O&S BBGA,BBGA,Basisbestand Gebieden Amsterdam,VVOLWASSEN_P,Veiligheid,Verdachten: % volwassenen (25+),Het aandeel verdachten van een misdrijf gepleegd in de gemeente Amsterdam onder de Amsterdamse bevolking van 25 jaar en ouder.,0 %,,,Politie Eenheid Amsterdam,Amsterdam: stadsdeel/GGW-gebied/wijk/buurt en overige indelingen,,
Amsterdam O&S BBGA,BBGA,Basisbestand Gebieden Amsterdam,VVERMIJDING_P,Veiligheid,Vermijding (% vaak),"Aandeel 15-plussers dat in de buurt vaak omloopt of omrijdt om onveilige plekken te vermijden.
Er wordt alleen gerapporteerd over gebieden met minstens 50 respondenten. De vragenlijst en de onderzoeksmethode van de Veiligheidsmonitor zijn in 2021 gewijzigd. Sommige indicatoren zijn hierdoor niet beschikbaar voor eerdere jaren. Voor andere indicatoren geldt dat de vergelijking met eerdere jaren voorzichtig gemaakt dient te worden.",0 %,,1 september,Veiligheidsmonitor Amsterdam-Amstelland,Amsterdam: stadsdeel/GGW-gebied/wijk/buurt en overige indelingen,,
Amsterdam O&S BBGA,BBGA,Basisbestand Gebieden Amsterdam,VARBSLOMST_P,Veiligheid,Vermoeden: arbeiders die wonen onder slechte omstandigheden (% ja),"Aandeel 15-plussers dat zeker weet of het vermoeden heeft dat er de afgelopen 12 maanden in de buurt (buitenlandse) arbeiders voorkomen die onder slechte omstandigheden wonen en werken.
Er wordt alleen gerapporteerd over gebieden met minstens 50 respondenten. De vragenlijst en de onderzoeksmethode van de Veiligheidsmonitor zijn in 2021 gewijzigd. Sommige indicatoren zijn hierdoor niet beschikbaar voor eerdere jaren. Voor andere indicatoren geldt dat de vergelijking met eerdere jaren voorzichtig gemaakt dient te worden.",0 %,,,Veiligheidsmonitor Amsterdam-Amstelland,Amsterdam: stadsdeel/GGW-gebied/wijk/buurt en overige indelingen,,
Amsterdam O&S BBGA,BBGA,Basisbestand Gebieden Amsterdam,VDUURSPUL_P,Veiligheid,Vermoeden: buurtbewoners met dure spullen (% ja),"Aandeel 15-plussers dat zeker weet of het vermoeden heeft dat er de afgelopen 12 maanden in de buurt buurtbewoners voorkomen met dure spullen of auto's, waarvan je zou verwachten dat ze die niet kunnen betalen.
Er wordt alleen gerapporteerd over gebieden met minstens 50 respondenten. De vragenlijst en de onderzoeksmethode van de Veiligheidsmonitor zijn in 2021 gewijzigd. Sommige indicatoren zijn hierdoor niet beschikbaar voor eerdere jaren. Voor andere indicatoren geldt dat de vergelijking met eerdere jaren voorzichtig gemaakt dient te worden.",0 %,,,Veiligheidsmonitor Amsterdam-Amstelland,Amsterdam: stadsdeel/GGW-gebied/wijk/buurt en overige indelingen,,
Amsterdam O&S BBGA,BBGA,Basisbestand Gebieden Amsterdam,VDRUGSDEAL_P,Veiligheid,Vermoeden: dealen van drugs (% ja),"Aandeel 15-plussers dat zeker weet of het vermoeden heeft dat er de afgelopen 12 maanden in de buurt drugsdealen voorkomt, bijv. op straat of vanuit een woning of voertuig.
Er wordt alleen gerapporteerd over gebieden met minstens 50 respondenten. De vragenlijst en de onderzoeksmethode van de Veiligheidsmonitor zijn in 2021 gewijzigd. Sommige indicatoren zijn hierdoor niet beschikbaar voor eerdere jaren. Voor andere indicatoren geldt dat de vergelijking met eerdere jaren voorzichtig gemaakt dient te worden.",0 %,,,Veiligheidsmonitor Amsterdam-Amstelland,Amsterdam: stadsdeel/GGW-gebied/wijk/buurt en overige indelingen,,
Amsterdam O&S BBGA,BBGA,Basisbestand Gebieden Amsterdam,VDRUGSLAB_P,Veiligheid,Vermoeden: drugslabs (% ja),"Aandeel 15-plussers dat zeker weet of het vermoeden heeft dat er de afgelopen 12 maanden in de buurt bedrijven, (leegstaande) panden of andere plekken voorkomen waar drugs worden gemaakt of opgeslagen (drugslabs).
Er wordt alleen gerapporteerd over gebieden met minstens 50 respondenten. De vragenlijst en de onderzoeksmethode van de Veiligheidsmonitor zijn in 2021 gewijzigd. Sommige indicatoren zijn hierdoor niet beschikbaar voor eerdere jaren. Voor andere indicatoren geldt dat de vergelijking met eerdere jaren voorzichtig gemaakt dient te worden.",0 %,,,Veiligheidsmonitor Amsterdam-Amstelland,Amsterdam: stadsdeel/GGW-gebied/wijk/buurt en overige indelingen,,
Amsterdam O&S BBGA,BBGA,Basisbestand Gebieden Amsterdam,VDRUGSAFVAL_P,Veiligheid,Vermoeden: dumpen van drugsafval (% ja),"Aandeel 15-plussers dat zeker weet of het vermoeden heeft dat er de afgelopen 12 maanden in de buurt het dumpen van drugsafval voorkomt (bijv. vaten, jerrycans of gasflessen die gedumpt zijn langs de weg, in een bos of in een open veld).
Er wordt alleen gerapporteerd over gebieden met minstens 50 respondenten. De vragenlijst en de onderzoeksmethode van de Veiligheidsmonitor zijn in 2021 gewijzigd. Sommige indicatoren zijn hierdoor niet beschikbaar voor eerdere jaren. Voor andere indicatoren geldt dat de vergelijking met eerdere jaren voorzichtig gemaakt dient te worden.",0 %,,,Veiligheidsmonitor Amsterdam-Amstelland,Amsterdam: stadsdeel/GGW-gebied/wijk/buurt en overige indelingen,,
Amsterdam O&S BBGA,BBGA,Basisbestand Gebieden Amsterdam,VHENNEP_P,Veiligheid,Vermoeden: hennepplantage (% ja),"Aandeel 15-plussers dat zeker weet of het vermoeden heeft dat er de afgelopen 12 maanden in de buurt een hennepplantage voorkomt, bijv. in een woning, schuur of leegstaand pand.
Er wordt alleen gerapporteerd over gebieden met minstens 50 respondenten. De vragenlijst en de onderzoeksmethode van de Veiligheidsmonitor zijn in 2021 gewijzigd. Sommige indicatoren zijn hierdoor niet beschikbaar voor eerdere jaren. Voor andere indicatoren geldt dat de vergelijking met eerdere jaren voorzichtig gemaakt dient te worden.",0 %,,,Veiligheidsmonitor Amsterdam-Amstelland,Amsterdam: stadsdeel/GGW-gebied/wijk/buurt en overige indelingen,,
Amsterdam O&S BBGA,BBGA,Basisbestand Gebieden Amsterdam,VHORECACRIM_P,Veiligheid,Vermoeden: horecagelegenheden waar criminelen elkaar ontmoeten (% ja),"Aandeel 15-plussers dat zeker weet of het vermoeden heeft dat er de afgelopen 12 maanden in de buurt horecagelegenheden voorkomen, zoals cafÃƒÂ©s, koffiehuizen, clubs of shishalounges, waar criminelen elkaar ontmoeten.
Er wordt alleen gerapporteerd over gebieden met minstens 50 respondenten. De vragenlijst en de onderzoeksmethode van de Veiligheidsmonitor zijn in 2021 gewijzigd. Sommige indicatoren zijn hierdoor niet beschikbaar voor eerdere jaren. Voor andere indicatoren geldt dat de vergelijking met eerdere jaren voorzichtig gemaakt dient te worden.",0 %,,,Veiligheidsmonitor Amsterdam-Amstelland,Amsterdam: stadsdeel/GGW-gebied/wijk/buurt en overige indelingen,,
Amsterdam O&S BBGA,BBGA,Basisbestand Gebieden Amsterdam,VVERDANDERS_P,Veiligheid,Vermoeden: iets anders verdachts (% ja),"Aandeel 15-plussers dat zeker weet of het vermoeden heeft dat er de afgelopen 12 maanden in de buurt iets anders verdachts voorkomt bij een (leegstaande) woning, winkel of bedrijfspand (bijv. afgeplakte ramen, verschillende personen die het pand vaak in- en uitgaan, vreemde openingstijden of levering van verdachte pakketjes).
Er wordt alleen gerapporteerd over gebieden met minstens 50 respondenten. De vragenlijst en de onderzoeksmethode van de Veiligheidsmonitor zijn in 2021 gewijzigd. Sommige indicatoren zijn hierdoor niet beschikbaar voor eerdere jaren. Voor andere indicatoren geldt dat de vergelijking met eerdere jaren voorzichtig gemaakt dient te worden.",0 %,,,Veiligheidsmonitor Amsterdam-Amstelland,Amsterdam: stadsdeel/GGW-gebied/wijk/buurt en overige indelingen,,
Amsterdam O&S BBGA,BBGA,Basisbestand Gebieden Amsterdam,VHORECAGOK_P,Veiligheid,Vermoeden: illegaal gokken (% ja),"Aandeel 15-plussers dat zeker weet of het vermoeden heeft dat er de afgelopen 12 maanden in de buurt horecagelegenheden of andere locaties voorkomen waar illegaal gegokt wordt.
Er wordt alleen gerapporteerd over gebieden met minstens 50 respondenten. De vragenlijst en de onderzoeksmethode van de Veiligheidsmonitor zijn in 2021 gewijzigd. Sommige indicatoren zijn hierdoor niet beschikbaar voor eerdere jaren. Voor andere indicatoren geldt dat de vergelijking met eerdere jaren voorzichtig gemaakt dient te worden.",0 %,,,Veiligheidsmonitor Amsterdam-Amstelland,Amsterdam: stadsdeel/GGW-gebied/wijk/buurt en overige indelingen,,
Amsterdam O&S BBGA,BBGA,Basisbestand Gebieden Amsterdam,VILLPROST_P,Veiligheid,Vermoeden: illegale prostitutie (% ja),"Aandeel 15-plussers dat zeker weet of het vermoeden heeft dat er de afgelopen 12 maanden in de buurt illegale prostitutie voorkomt (bijv. minderjarige prostituees, gedwongen prostitutie of op locaties zonder vergunning).
Er wordt alleen gerapporteerd over gebieden met minstens 50 respondenten. De vragenlijst en de onderzoeksmethode van de Veiligheidsmonitor zijn in 2021 gewijzigd. Sommige indicatoren zijn hierdoor niet beschikbaar voor eerdere jaren. Voor andere indicatoren geldt dat de vergelijking met eerdere jaren voorzichtig gemaakt dient te worden.",0 %,,,Veiligheidsmonitor Amsterdam-Amstelland,Amsterdam: stadsdeel/GGW-gebied/wijk/buurt en overige indelingen,,
Amsterdam O&S BBGA,BBGA,Basisbestand Gebieden Amsterdam,VKINDKLUSCRIM_P,Veiligheid,Vermoeden: kinderen die illegale klusjes doen (% ja),"Aandeel 15-plussers dat zeker weet of het vermoeden heeft dat er de afgelopen 12 maanden in de buurt kinderen of jongeren voorkomen die illegale klusjes doen voor criminelen.
Er wordt alleen gerapporteerd over gebieden met minstens 50 respondenten. De vragenlijst en de onderzoeksmethode van de Veiligheidsmonitor zijn in 2021 gewijzigd. Sommige indicatoren zijn hierdoor niet beschikbaar voor eerdere jaren. Voor andere indicatoren geldt dat de vergelijking met eerdere jaren voorzichtig gemaakt dient te worden.",0 %,,,Veiligheidsmonitor Amsterdam-Amstelland,Amsterdam: stadsdeel/GGW-gebied/wijk/buurt en overige indelingen,,
Amsterdam O&S BBGA,BBGA,Basisbestand Gebieden Amsterdam,VWONINGVERD_P,Veiligheid,Vermoeden: slecht onderhouden woningen met veel mensen (% ja),"Aandeel 15-plussers dat zeker weet of het vermoeden heeft dat er de afgelopen 12 maanden in de buurt slecht onderhouden woningen voorkomen waar verdacht veel mensen in wonen of die illegaal (onder)verhuurd worden.
Er wordt alleen gerapporteerd over gebieden met minstens 50 respondenten. De vragenlijst en de onderzoeksmethode van de Veiligheidsmonitor zijn in 2021 gewijzigd. Sommige indicatoren zijn hierdoor niet beschikbaar voor eerdere jaren. Voor andere indicatoren geldt dat de vergelijking met eerdere jaren voorzichtig gemaakt dient te worden.",0 %,,,Veiligheidsmonitor Amsterdam-Amstelland,Amsterdam: stadsdeel/GGW-gebied/wijk/buurt en overige indelingen,,
Amsterdam O&S BBGA,BBGA,Basisbestand Gebieden Amsterdam,VCONTANT_P,Veiligheid,Vermoeden: winkels en horeca alleen contact geld (% ja),"Aandeel 15-plussers dat zeker weet of het vermoeden heeft dat er de afgelopen 12 maanden in de buurt winkels, horeca of andere bedrijven voorkomen waar je alleen met contant geld kunt betalen.
Er wordt alleen gerapporteerd over gebieden met minstens 50 respondenten. De vragenlijst en de onderzoeksmethode van de Veiligheidsmonitor zijn in 2021 gewijzigd. Sommige indicatoren zijn hierdoor niet beschikbaar voor eerdere jaren. Voor andere indicatoren geldt dat de vergelijking met eerdere jaren voorzichtig gemaakt dient te worden.",0 %,,,Veiligheidsmonitor Amsterdam-Amstelland,Amsterdam: stadsdeel/GGW-gebied/wijk/buurt en overige indelingen,,
Amsterdam O&S BBGA,BBGA,Basisbestand Gebieden Amsterdam,VNOOITKLANT_P,Veiligheid,Vermoeden: winkels en horeca zonder klanten (% ja),"Aandeel 15-plussers dat zeker weet of het vermoeden heeft dat er de afgelopen 12 maanden in de buurt winkels, horeca of andere bedrijven voorkomen waar bijna nooit klanten komen, maar die wel blijven bestaan.
Er wordt alleen gerapporteerd over gebieden met minstens 50 respondenten. De vragenlijst en de onderzoeksmethode van de Veiligheidsmonitor zijn in 2021 gewijzigd. Sommige indicatoren zijn hierdoor niet beschikbaar voor eerdere jaren. Voor andere indicatoren geldt dat de vergelijking met eerdere jaren voorzichtig gemaakt dient te worden.",0 %,,,Veiligheidsmonitor Amsterdam-Amstelland,Amsterdam: stadsdeel/GGW-gebied/wijk/buurt en overige indelingen,,
Amsterdam O&S BBGA,BBGA,Basisbestand Gebieden Amsterdam,VVEILPREV_P,Veiligheid,Woningen: beveiligingsmaatregelen woning (%),"Aandeel 15-plussers dat 1 of meer van de volgende beveiligingsmaatregelen voor de woning heeft genomen:*extra sloten*rolluiken*alarm *camerabewaking*buitenverlichting met en zonder sensor*een raamsticker of certificaat van het Politiekeurmerk Veilig Wonen (PKVW).
Er wordt alleen gerapporteerd over gebieden met minstens 50 respondenten. De vragenlijst en de onderzoeksmethode van de Veiligheidsmonitor zijn in 2021 gewijzigd. Sommige indicatoren zijn hierdoor niet beschikbaar voor eerdere jaren. Voor andere indicatoren geldt dat de vergelijking met eerdere jaren voorzichtig gemaakt dient te worden.",0 %,,1 september,Veiligheidsmonitor Amsterdam-Amstelland,Amsterdam: stadsdeel/GGW-gebied/wijk/buurt en overige indelingen,,
Amsterdam O&S BBGA,BBGA,Basisbestand Gebieden Amsterdam,VKOV_R,Verkeer,Buurt: aanbod OV (1-10),"Gemiddeld rapportcijfer dat bewoners geven als antwoord op de vraag: Wat vindt u van het aanbod van openbaar vervoer in uw buurt? (1=ruim onvoldoende, 10= ruim voldoende).
Er wordt alleen gerapporteerd over gebieden met minstens 20 respondenten.",0,,1 april,"O&S, Wonen in Amsterdam",Amsterdam: stadsdeel/GGW-gebied/wijk/buurt en overige indelingen,,
Amsterdam O&S BBGA,BBGA,Basisbestand Gebieden Amsterdam,VKOV65_R,Verkeer,Buurt: aanbod OV 65+ (1-10),"Gemiddeld rapportcijfer dat bewoners van 65 jaar en ouder geven als antwoord op de vraag: Wat vindt u van het aanbod van openbaar vervoer in uw buurt? (1=ruim onvoldoende, 10= ruim voldoende).
Er wordt alleen gerapporteerd over gebieden met minstens 20 respondenten.",0,,1 april,"O&S, Wonen in Amsterdam",Amsterdam: stadsdeel/GGW-gebied/wijk/buurt en overige indelingen,,
Amsterdam O&S BBGA,BBGA,Basisbestand Gebieden Amsterdam,VKPARKEEROVERLAST_R,Verkeer,Buurt: parkeeroverlast (1-10),"Gemiddeld rapportcijfer dat bewoners geven als antwoord op de vraag: Kunt u aangeven in welke mate u overlast ondervindt van parkeren? (1= ernstige overlast, 10 =geen overlast).
Er wordt alleen gerapporteerd over gebieden met minstens 20 respondenten.",0,,1 april,"O&S, Wonen in Amsterdam",Amsterdam: stadsdeel/GGW-gebied/wijk/buurt en overige indelingen,,
Amsterdam O&S BBGA,BBGA,Basisbestand Gebieden Amsterdam,VKPARKEREN_R,Verkeer,Buurt: parkeervoorzieningen (1-10),"Gemiddeld rapportcijfer dat bewoners geven als antwoord op de vraag: Wat vindt u van het aanbod van parkeervoorzieningen in uw buurt? (1=ruim onvoldoende, 10= ruim voldoende).
Er wordt alleen gerapporteerd over gebieden met minstens 20 respondenten.",0,,1 april,"O&S, Wonen in Amsterdam",Amsterdam: stadsdeel/GGW-gebied/wijk/buurt en overige indelingen,,
Amsterdam O&S BBGA,BBGA,Basisbestand Gebieden Amsterdam,VKFIETSPARKEREN_R,Verkeer,Buurt: parkeervoorzieningen fietsen (1-10),De vragenlijst en de onderzoeksmethode van de Veiligheidsmonitor zijn in 2021 gewijzigd. Sommige indicatoren zijn hierdoor niet beschikbaar voor eerdere jaren. Voor andere indicatoren geldt dat de vergelijking met eerdere jaren voorzichtig gemaakt dient te worden.,0,,1 april,"O&S, Wonen in Amsterdam",Amsterdam: stadsdeel/GGW-gebied/wijk/buurt en overige indelingen,,
Amsterdam O&S BBGA,BBGA,Basisbestand Gebieden Amsterdam,VKOVERLASTVERKEER_R,Verkeer,Overlast: verkeersdrukte (1-10),"Gemiddeld rapportcijfer dat bewoners geven als antwoord op de vraag: In welke mate ondervindt u overlast van verkeersdrukte? (1= ernstige overlast, 10 =geen overlast).
Er wordt alleen gerapporteerd over gebieden met minstens 20 respondenten.",0,,1 april,"O&S, Wonen in Amsterdam",Amsterdam: stadsdeel/GGW-gebied/wijk/buurt en overige indelingen,,
Amsterdam O&S BBGA,BBGA,Basisbestand Gebieden Amsterdam,VKVERKEERSLAWAAI_R,Verkeer,Overlast: verkeerslawaai (1-10),"Gemiddeld rapportcijfer dat bewoners geven als antwoord op de vraag: In welke mate ondervindt u overlast van verkeerslawaai? (1= ernstige overlast, 10 =geen overlast).
Er wordt alleen gerapporteerd over gebieden met minstens 20 respondenten.",0,,1 april,"O&S, Wonen in Amsterdam",Amsterdam: stadsdeel/GGW-gebied/wijk/buurt en overige indelingen,,
Amsterdam O&S BBGA,BBGA,Basisbestand Gebieden Amsterdam,VKPFISCAAL,Verkeer,Parkeerplaatsen fiscaal,Aantal fiscale parkeerplaatsen in de openbare ruimte. Dit zijn parkeerplaatsen waarvoor parkeergeld betaald moet worden volgens de daarvoor geldende regels.,0,,1 februari,Directie Parkeren,Amsterdam: stadsdeel/GGW-gebied/wijk/buurt en overige indelingen,,
Amsterdam O&S BBGA,BBGA,Basisbestand Gebieden Amsterdam,VKPMULDER,Verkeer,Parkeerplaatsen Mulderplaats,"Aantal niet algemeen toegankelijke parkeerplaatsen in de openbare ruimte als blauwe zones, bus- of taxistandplaatsen, gehandicaptenparkeerplaatsen, plaatsen bestemd voor laden en lossen en plaatsen bestemd voor politie.",0,,1 februari,Directie Parkeren,Amsterdam: stadsdeel/GGW-gebied/wijk/buurt en overige indelingen,,
Amsterdam O&S BBGA,BBGA,Basisbestand Gebieden Amsterdam,VKPNIETFISC,Verkeer,Parkeerplaatsen niet-fiscaal,Aantal niet-fiscale parkeerplaatsen in de openbare ruimte. Dit zijn parkeerplaatsen waar gratis kan worden geparkeerd.,0,,1 februari,Directie Parkeren,Amsterdam: stadsdeel/GGW-gebied/wijk/buurt en overige indelingen,,
Amsterdam O&S BBGA,BBGA,Basisbestand Gebieden Amsterdam,VKPTOTAAL,Verkeer,Parkeerplaatsen totaal,Aantal parkeerplaatsen in de openbare ruimte.,0,,1 februari,Directie Parkeren,Amsterdam: stadsdeel/GGW-gebied/wijk/buurt en overige indelingen,,
Amsterdam O&S BBGA,BBGA,Basisbestand Gebieden Amsterdam,WZBUURTHUIZEN_R,Volksgezondheid en zorg,Aanbod buurthuizen en wijkcentra (1-10),"Gemiddeld rapportcijfer dat bewoners geven als antwoord op de vraag: Wat vindt u van het aanbod van buurthuizen/wijkcentra in uw buurt? (1=ruim onvoldoende, 10= ruim voldoende).Er wordt alleen gerapporteerd over gebieden met minstens 50 respondenten.",0,,1 april,"O&S, Wonen in Amsterdam",Amsterdam: stadsdeel/GGW-gebied/wijk/buurt en overige indelingen,,
Amsterdam O&S BBGA,BBGA,Basisbestand Gebieden Amsterdam,WZBUURTHUIZEN65_R,Volksgezondheid en zorg,Aanbod buurthuizen en wijkcentra 65+ (1-10),"Gemiddeld rapportcijfer dat bewoners van 65 jaar en ouder geven als antwoord op de vraag: Wat vindt u van het aanbod van buurthuizen/wijkcentra in uw buurt? (1=ruim onvoldoende, 10= ruim voldoende).Er wordt alleen gerapporteerd over gebieden met minstens 50 respondenten.",0,,1 april,"O&S, Wonen in Amsterdam",Amsterdam: stadsdeel/GGW-gebied/wijk/buurt en overige indelingen,,
Amsterdam O&S BBGA,BBGA,Basisbestand Gebieden Amsterdam,WZZORGVOORZIENINGEN_R,Volksgezondheid en zorg,Aanbod zorgvoorzieningen (1-10),"Gemiddeld rapportcijfer dat bewoners geven als antwoord op de vraag: Wat vindt u van het aanbod van zorgvoorzieningen in uw buurt? (1=ruim onvoldoende, 10= ruim voldoende).Er wordt alleen gerapporteerd over gebieden met minstens 50 respondenten.",0,,1 april,"O&S, Wonen in Amsterdam",Amsterdam: stadsdeel/GGW-gebied/wijk/buurt en overige indelingen,,
Amsterdam O&S BBGA,BBGA,Basisbestand Gebieden Amsterdam,WZZORGVOORZ65_R,Volksgezondheid en zorg,Aanbod zorgvoorzieningen 65+ (1-10),"Gemiddeld rapportcijfer dat bewoners van 65 jaar of ouder geven als antwoord op de vraag: Wat vindt u van het aanbod van zorgvoorzieningen in uw buurt? (1=ruim onvoldoende, 10= ruim voldoende).Er wordt alleen gerapporteerd over gebieden met minstens 50 respondenten.",0,,1 april,"O&S, Wonen in Amsterdam",Amsterdam: stadsdeel/GGW-gebied/wijk/buurt en overige indelingen,,
Amsterdam O&S BBGA,BBGA,Basisbestand Gebieden Amsterdam,LOUD_R,Volksgezondheid en zorg,Buurt: geschikt voor ouderen (1-10),Gemiddeld rapportcijfer dat bewoners geven als antwoord op de vraag: In welke mate vindt u uw huidige buurt geschikt om oud in te worden? (1=helemaal niet geschikt en 10=zeer geschikt).Er wordt alleen gerapporteerd over gebieden met minstens 20 respondenten.,0,,1 april,"O&S, Wonen in Amsterdam",Amsterdam: stadsdeel/GGW-gebied/wijk/buurt en overige indelingen,,
Amsterdam O&S BBGA,BBGA,Basisbestand Gebieden Amsterdam,L65PLUSOUD_R,Volksgezondheid en zorg,Buurt: geschikt voor ouderen 65+ (1-10),Gemiddeld rapportcijfer dat 65-plussers geven als antwoord op de vraag: In welke mate vindt u uw huidige buurt geschikt om oud in te worden? (1=helemaal niet geschikt en 10=zeer geschikt).Er wordt alleen gerapporteerd over gebieden met minstens 20 respondenten.,0,,1 april,"O&S, Wonen in Amsterdam",Amsterdam: stadsdeel/GGW-gebied/wijk/buurt en overige indelingen,,
Amsterdam O&S BBGA,BBGA,Basisbestand Gebieden Amsterdam,WZGEZOND_P,Volksgezondheid en zorg,Gezondheid: % (zeer) goed,"Aandeel Amsterdammers van 18 jaar en ouder dat de eigen ervaren gezondheid omschrijft als (zeer) goed.De cijfers op wijk- en buurtniveau zijn schattingen van het RIVM. Deze cijfers kunnen afwijken van door de ggd gepubliceerde cijfers, omdat ze op een andere manier zijn berekend.",0 %,,1 juni,"Gezondheidsmonitor, GGD Amsterdam",Amsterdam: stadsdeel/GGW-gebied/wijk/buurt en overige indelingen,,
Amsterdam O&S BBGA,BBGA,Basisbestand Gebieden Amsterdam,WZGEZOND65_P,Volksgezondheid en zorg,Gezondheid: % (zeer) goed 65+,"Aandeel Amsterdammers van 65 jaar en ouder dat de eigen ervaren gezondheid omschrijft als (zeer) goed.De cijfers op wijk- en buurtniveau zijn schattingen van het RIVM. Deze cijfers kunnen afwijken van door de ggd gepubliceerde cijfers, omdat ze op een andere manier zijn berekend.",0 %,,1 juni,"Gezondheidsmonitor, GGD Amsterdam",Amsterdam: stadsdeel/GGW-gebied/wijk/buurt en overige indelingen,,
Amsterdam O&S BBGA,BBGA,Basisbestand Gebieden Amsterdam,WZDEPR_P,Volksgezondheid en zorg,Gezondheid: % ernstige psychische klachten,"Aandeel Amsterdammers van 18 jaar en ouder met ernstige psychische klachten (hoog risico op angststoornis of depressie) volgens de K10 screeningslijst die bestaat uit 10 vragen over de gemoedstoestand in de afgelopen vier weken.
De cijfers op wijk- en buurtniveau zijn schattingen van het RIVM. Deze cijfers kunnen afwijken van door de GGD gepubliceerde cijfers, omdat ze op een andere manier zijn berekend.",0 %,,1 juni,"Gezondheidsmonitor, GGD Amsterdam",Amsterdam: stadsdeel/GGW-gebied/wijk/buurt en overige indelingen,,
Amsterdam O&S BBGA,BBGA,Basisbestand Gebieden Amsterdam,WZREGIE_P,Volksgezondheid en zorg,Gezondheid: % Heeft matig of veel regie over eigen leven,"Aandeel Amsterdammers met matig of veel regie over het eigen leven.
Deze indicator is gebaseerd op de volgende zeven stellingen.
Ik heb weinig controle over de dingen die me overkomen;
Sommige van mijn problemen kan ik met geen mogelijkheid oplossen;
Er is weinig dat ik kan doen om belangrijke dingen in mijn leven te veranderen;
Ik voel me vaak hopeloos bij het omgaan met de problemen van het leven;
Soms voel ik dat ik een speelbal van het leven ben;
Wat er in de toekomst met me gebeurt hangt voor het grootste deel van mezelf af;
Ik kan ongeveer alles als ik mijn zinnen er op heb gezet.",0 %,,,"Gezondheidsmonitor, GGD Amsterdam",Amsterdam: stadsdeel/GGW-gebied/wijk/buurt en overige indelingen,,
Amsterdam O&S BBGA,BBGA,Basisbestand Gebieden Amsterdam,WZREGIE65_P,Volksgezondheid en zorg,Gezondheid: % Heeft matig of veel regie over eigen leven 65+,"Aandeel Amsterdammers van 65 jaar en ouder met matig of veel regie over het eigen leven.
Deze indicator is gebaseerd op de volgende zeven stellingen.
Ik heb weinig controle over de dingen die me overkomen;
Sommige van mijn problemen kan ik met geen mogelijkheid oplossen;
Er is weinig dat ik kan doen om belangrijke dingen in mijn leven te veranderen;
Ik voel me vaak hopeloos bij het omgaan met de problemen van het leven;
Soms voel ik dat ik een speelbal van het leven ben;
Wat er in de toekomst met me gebeurt hangt voor het grootste deel van mezelf af;
Ik kan ongeveer alles als ik mijn zinnen er op heb gezet.",0 %,,,"Gezondheidsmonitor, GGD Amsterdam",Amsterdam: stadsdeel/GGW-gebied/wijk/buurt en overige indelingen,,
Amsterdam O&S BBGA,BBGA,Basisbestand Gebieden Amsterdam,PREGIE_P,Volksgezondheid en zorg,Gezondheid: % weinig regie over eigen leven,"Aandeel Amsterdammers van 18 jaar en ouder met weinig regie  over het eigen leven. Deze indicator is gebaseerd op de volgende zeven stellingen.
?Ik heb weinig controle over de dingen die me overkomen;
?Sommige van mijn problemen kan ik met geen mogelijkheid oplossen;
?Er is weinig dat ik kan doen om belangrijke dingen in mijn leven te veranderen;
?Ik voel me vaak hopeloos bij het omgaan met de problemen van het leven;
?Soms voel ik dat ik een speelbal van het leven ben;
?Wat er in de toekomst met me gebeurt hangt voor het grootste deel van mezelf af;
?Ik kan ongeveer alles als ik mijn zinnen er op heb gezet.
 
De cijfers op wijk- en buurtniveau zijn schattingen van het RIVM. Deze cijfers kunnen afwijken van door de GGD gepubliceerde cijfers, omdat ze op een andere manier zijn berekend.
let op variabele wordt vervangen door  WZREGIE_P, Gezondheid: % Heeft matig of veel regie over eigen leven",0 %,,,"Gezondheidsmonitor, GGD Amsterdam",Amsterdam: stadsdeel/GGW-gebied/wijk/buurt en overige indelingen,,
Amsterdam O&S BBGA,BBGA,Basisbestand Gebieden Amsterdam,PREGIE65_P,Volksgezondheid en zorg,Gezondheid: % weinig regie over eigen leven 65+,"Aandeel Amsterdammers van 65 jaar en ouder met weinig regie  over het eigen leven. Deze indicator is gebaseerd op de volgende zeven stellingen.
?Ik heb weinig controle over de dingen die me overkomen;
?Sommige van mijn problemen kan ik met geen mogelijkheid oplossen;
?Er is weinig dat ik kan doen om belangrijke dingen in mijn leven te veranderen;
?Ik voel me vaak hopeloos bij het omgaan met de problemen van het leven;
?Soms voel ik dat ik een speelbal van het leven ben;
?Wat er in de toekomst met me gebeurt hangt voor het grootste deel van mezelf af;
?Ik kan ongeveer alles als ik mijn zinnen er op heb gezet.
let op: variabele wordt vervangen door  WZREGIE_P,  Gezondheid: % Heeft matig of veel regie over eigen leven",0 %,,,"Gezondheidsmonitor, GGD Amsterdam",Amsterdam: stadsdeel/GGW-gebied/wijk/buurt en overige indelingen,,
Amsterdam O&S BBGA,BBGA,Basisbestand Gebieden Amsterdam,WZZWAAR_P,Volksgezondheid en zorg,Leefstijl: % overgewicht of obesitas (volwassenen),"Aandeel volwassenen met overgewicht (BMI tussen 25 en 30) of obesitas (BMI van 30 of meer).
De cijfers op wijk- en buurtniveau zijn schattingen van het RIVM. Deze cijfers kunnen afwijken van door de GGD gepubliceerde cijfers, omdat ze op een andere manier zijn berekend.",0 %,,1 juni,"Gezondheidsmonitor, GGD Amsterdam",Amsterdam: stadsdeel/GGW-gebied/wijk/buurt en overige indelingen,,
Amsterdam O&S BBGA,BBGA,Basisbestand Gebieden Amsterdam,WZROOK_P,Volksgezondheid en zorg,Leefstijl: % rokers,"Aandeel Amsterdammers van 18 jaar of ouder dat rookt. Een roker is iemand die (wel eens) rookt, ongeacht de frequentie van roken, de hoeveelheid en de soort rookwaar.De cijfers op wijk- en buurtniveau zijn schattingen van het RIVM. Deze cijfers zijn exclusief elektronische sigaretten.",0 %,,1 juni,"Gezondheidsmonitor, GGD Amsterdam",Amsterdam: stadsdeel/GGW-gebied/wijk/buurt en overige indelingen,,
Amsterdam O&S BBGA,BBGA,Basisbestand Gebieden Amsterdam,WZBEWEEG_P,Volksgezondheid en zorg,Leefstijl: % voldoet aan beweegnorm,"Aandeel volwassenen dat voldoet aan de beweegrichtlijn 2017: wekelijks minimaal 2,5 uur matig intensieve inspanning + bot- en spierversterkende activiteiten.Tot en met 2016 was de beweegnorm dagelijks minstens een half uur minimaal matig intensieve lichamelijke activiteit op minimaal 5 dagen per week.
De cijfers op wijk- en buurtniveau zijn schattingen van het RIVM. Deze cijfers kunnen afwijken van door de GGD gepubliceerde cijfers, omdat ze op een andere manier zijn berekend.",0 %,,1 juni,"Gezondheidsmonitor, GGD Amsterdam",Amsterdam: stadsdeel/GGW-gebied/wijk/buurt en overige indelingen,,
Amsterdam O&S BBGA,BBGA,Basisbestand Gebieden Amsterdam,WZALC_P,Volksgezondheid en zorg,"Leefstijl: % zwaar, overmatig alcoholgebruik",Aandeel Amsterdammers van 18 jaar of ouder met zwaar en/of overmatig alcoholgebruik. Overmatig alcoholgebruik is voor mannen meer dan 21 glazen per week  en voor vrouwen meer dan 14 glazen per week. Zwaar alcoholgebruik is minimaal 1x per week 6 glazen op een dag.,0 %,,1 juni,"Gezondheidsmonitor, GGD Amsterdam",Amsterdam: stadsdeel/GGW-gebied/wijk/buurt en overige indelingen,,
Amsterdam O&S BBGA,BBGA,Basisbestand Gebieden Amsterdam,PMANTEL65_P,Volksgezondheid en zorg,Mantelzorgers (% 65+),Aandeel Amsterdammers van 65 jaar en ouder dat minstens 3 maanden en/of minstens 8 uur per week mantelzorg verleent op het moment van het invullen van de vragenlijst.,0 %,,1 juni,"Gezondheidsmonitor, GGD Amsterdam",Amsterdam: stadsdeel/GGW-gebied/wijk/buurt en overige indelingen,,
Amsterdam O&S BBGA,BBGA,Basisbestand Gebieden Amsterdam,PMANTEL_P,Volksgezondheid en zorg,Mantelzorgers (%),"Aandeel Amsterdammers van 18 jaar en ouder dat minstens 3 maanden en/of minstens 8 uur per week mantelzorg verleent op het moment van het invullen van de vragenlijst.
De cijfers op wijk- en buurtniveau zijn schattingen van het RIVM. Deze cijfers kunnen afwijken van door de GGD gepubliceerde cijfers, omdat ze op een andere manier zijn berekend.",0 %,,1 juni,"Gezondheidsmonitor, GGD Amsterdam",Amsterdam: stadsdeel/GGW-gebied/wijk/buurt en overige indelingen,,
Amsterdam O&S BBGA,BBGA,Basisbestand Gebieden Amsterdam,WZVENV,Volksgezondheid en zorg,Verpleeg- en verzorgingstehuizen,Aantal verpleeg- en verzorgingingstehuizen.,0,,jaarcijfer,Team ouderenhuisvesting,Amsterdam: stadsdeel/GGW-gebied/wijk/buurt en overige indelingen,,
Amsterdam O&S BBGA,BBGA,Basisbestand Gebieden Amsterdam,WZVENVEENH,Volksgezondheid en zorg,Verpleeg- en verzorgingstehuizen: wooneenheden,Aantal wooneenheden in de verpleeg- en verzorgingstehuizen.,0,,jaarcijfer,Team ouderenhuisvesting,Amsterdam: stadsdeel/GGW-gebied/wijk/buurt en overige indelingen,,
Amsterdam O&S BBGA,BBGA,Basisbestand Gebieden Amsterdam,WZGELUK_P,Volksgezondheid en zorg,Welzijn: % dat zichzelf als een gelukkig mens ziet,Het aandeel 18-pussers dat zichzelf een (erg) gelukkig mens vindt.,0 %,,1 september,"De Staat van de Stad, O&S",Amsterdam: stadsdeel/GGW-gebied/wijk/buurt en overige indelingen,,
Amsterdam O&S BBGA,BBGA,Basisbestand Gebieden Amsterdam,WZSLI_I,Volksgezondheid en zorg,Welzijn: standaardleefsituatieindex,"De Standaard Leefsituatie Index (SLI) beschrijft de kwaliteit van leven op 8 maatschappelijke domeinen: wonen, gezondheid, consumptiegoederen, vrijetijdsactiviteiten, mobiliteit, sociale participatie, sportactiviteiten, vakantie en het sociaal netwerk.De score 100 staat voor het Amsterdams gemiddelde in 2004.",0,,1 september,"De Staat van de Stad, O&S",Amsterdam: stadsdeel/GGW-gebied/wijk/buurt en overige indelingen,,
Amsterdam O&S BBGA,BBGA,Basisbestand Gebieden Amsterdam,BVBT_18_65_P,Volksgezondheid en zorg,WMO: Beschermd Verblijf en Begeleid Thuis (% 18-65 jaar),Beschermd verblijf & Begeleid thuis %: Aandeel personen van 18 t/m 65 jaar met een zorgvoorziening 'BVBT' vanuit de Wmo,0 %,,1 januari,ZorgNed,Amsterdam: stadsdeel/GGW-gebied/wijk/buurt en overige indelingen,,
Amsterdam O&S BBGA,BBGA,Basisbestand Gebieden Amsterdam,BVBT_66P_P,Volksgezondheid en zorg,WMO: Beschermd Verblijf en Begeleid Thuis (% 66+),Beschermd verblijf & Begeleid thuis %: Aandeel personen van 66+ jaar met een zorgvoorziening 'BVBT' vanuit de Wmo,0 %,,1 januari,ZorgNed,Amsterdam: stadsdeel/GGW-gebied/wijk/buurt en overige indelingen,,
Amsterdam O&S BBGA,BBGA,Basisbestand Gebieden Amsterdam,BVBT_18_65,Volksgezondheid en zorg,WMO: Beschermd Verblijf en Begeleid Thuis (18-65 jaar),Beschermd verblijf & Begeleid thuis (BVBT): Aantal personen van 18 t/m 65 jaar met een zorgvoorziening binnen ‘BVBT’ vanuit de Wmo,0,,1 januari,ZorgNed,Amsterdam: stadsdeel/GGW-gebied/wijk/buurt en overige indelingen,,
Amsterdam O&S BBGA,BBGA,Basisbestand Gebieden Amsterdam,BVBT_66P,Volksgezondheid en zorg,WMO: Beschermd Verblijf en Begeleid Thuis (66+),Beschermd verblijf & Begeleid thuis (BVBT): Aantal personen van 66+ jaar met een zorgvoorziening binnen ‘BVBT’ vanuit de Wmo,0,,1 januari,ZorgNed,Amsterdam: stadsdeel/GGW-gebied/wijk/buurt en overige indelingen,,
Amsterdam O&S BBGA,BBGA,Basisbestand Gebieden Amsterdam,DAGBESTEDING_18_65_P,Volksgezondheid en zorg,WMO: Dagbesteding (% 18-65 jaar),Dagbesteding percentage 18 t/m 65 jaar: Aandeel personen in de leeftijd van 18 jaar of ouder met een zorgvoorziening voor 'dagbesteding' vanuit de Wmo,0 %,,1 januari,ZorgNed,Amsterdam: stadsdeel/GGW-gebied/wijk/buurt en overige indelingen,,
Amsterdam O&S BBGA,BBGA,Basisbestand Gebieden Amsterdam,DAGBESTEDING_66P_P,Volksgezondheid en zorg,WMO: Dagbesteding (% 66+),"Dagbesteding percentage 66+: Aandeel personen in de leeftijd van 18 jaar of ouder met een zorgvoorziening voor 'dagbesteding' vanuit de Wmo
Tussen 2021 en 2023 is sprake van een trendbreuk. Dit komt ten eerste omdat bij de laatste meting ook inwoners van Weesp zijn ondervraagd. Ten tweede bestaat de respondentengroep in 2023 uit inwoners van 25 jaar en ouder. Voor inwoners 16 tot en met 24 jaar is een aparte vragenlijst ontwikkelend, die beter bij hun leefwereld aansluit.",0 %,,1 januari,ZorgNed,Amsterdam: stadsdeel/GGW-gebied/wijk/buurt en overige indelingen,,
Amsterdam O&S BBGA,BBGA,Basisbestand Gebieden Amsterdam,DAGBESTEDING_18_65,Volksgezondheid en zorg,WMO: Dagbesteding (18-65 jaar),Dagbesteding 18 t/m 65 jaar: Aantal personen in de leeftijd van 18 jaar of ouder met een zorgvoorziening voor ‘dagbesteding' vanuit de Wmo,0,,1 januari,ZorgNed,Amsterdam: stadsdeel/GGW-gebied/wijk/buurt en overige indelingen,,
Amsterdam O&S BBGA,BBGA,Basisbestand Gebieden Amsterdam,DAGBESTEDING_66P,Volksgezondheid en zorg,WMO: Dagbesteding (66+),Dagbesteding 66+: Aantal personen in de leeftijd van 18 jaar of ouder met een zorgvoorziening voor ‘dagbesteding' vanuit de Wmo,0,,1 januari,ZorgNed,Amsterdam: stadsdeel/GGW-gebied/wijk/buurt en overige indelingen,,
Amsterdam O&S BBGA,BBGA,Basisbestand Gebieden Amsterdam,HBH_18_65_P,Volksgezondheid en zorg,WMO: Hulp bij het Huishouden (% 18-65 jaar),Hulp bij het huishouden % 18 t/m 65 jaar: Aandeel personen in de leeftijd van 66 jaar of ouder met de zorgvoorziening 'hulp bij het huishouden' vanuit de Wmo,0 %,,1 januari,ZorgNed,Amsterdam: stadsdeel/GGW-gebied/wijk/buurt en overige indelingen,,
Amsterdam O&S BBGA,BBGA,Basisbestand Gebieden Amsterdam,HBH_66P_P,Volksgezondheid en zorg,WMO: Hulp bij het Huishouden (% 66+),Hulp bij het huishouden % 66+: Aandeel personen in de leeftijd van 66 jaar of ouder met de zorgvoorziening 'hulp bij het huishouden' vanuit de Wmo,0 %,,1 januari,ZorgNed,Amsterdam: stadsdeel/GGW-gebied/wijk/buurt en overige indelingen,,
Amsterdam O&S BBGA,BBGA,Basisbestand Gebieden Amsterdam,HBH_18_65,Volksgezondheid en zorg,WMO: Hulp bij het Huishouden (18-65 jaar),Hulp bij het huishouden 18 t/m 65 jaar: Aantal personen in de leeftijd van 66 jaar of ouder met de zorgvoorziening 'hulp bij het huishouden' vanuit de Wmo,0,,1 januari,ZorgNed,Amsterdam: stadsdeel/GGW-gebied/wijk/buurt en overige indelingen,,
Amsterdam O&S BBGA,BBGA,Basisbestand Gebieden Amsterdam,HBH_66P,Volksgezondheid en zorg,WMO: Hulp bij het Huishouden (66+),Hulp bij het huishouden 66+: Aantal personen in de leeftijd van 66 jaar of ouder met de zorgvoorziening 'hulp bij het huishouden' vanuit de Wmo,0,,1 januari,ZorgNed,Amsterdam: stadsdeel/GGW-gebied/wijk/buurt en overige indelingen,,
Amsterdam O&S BBGA,BBGA,Basisbestand Gebieden Amsterdam,WMO_18_65_P,Volksgezondheid en zorg,WMO: Voorzieningengebruik (% 18-65 jaar),Zorgvoorzieningen % 18 t/m 65 jaar: Aandeel 18 tot en met 65-jarigen met minstens 1 zorgvoorziening vanuit de Wmo.,0 %,,1 januari,ZorgNed,Amsterdam: stadsdeel/GGW-gebied/wijk/buurt en overige indelingen,,
Amsterdam O&S BBGA,BBGA,Basisbestand Gebieden Amsterdam,WMO_66P_P,Volksgezondheid en zorg,WMO: Voorzieningengebruik (% 66+),Zorgvoorzieningen percentage 66+: Aandeel personen in de leeftijd van 66 jaar of ouder met minstens 1 gemeentelijke zorgvoorziening vanuit de Wmo,0 %,,1 januari,ZorgNed,Amsterdam: stadsdeel/GGW-gebied/wijk/buurt en overige indelingen,,
Amsterdam O&S BBGA,BBGA,Basisbestand Gebieden Amsterdam,WMO_18_65,Volksgezondheid en zorg,WMO: Voorzieningengebruik (18-65 jaar),Zorgvoorzieningen 18 t/m 65 jaar: Aantal 18 tot en met 65-jarigen met minstens 1 zorgvoorziening vanuit de Wet Maatschappelijke Ondersteuning (Wmo),0,,1 januari,ZorgNed,Amsterdam: stadsdeel/GGW-gebied/wijk/buurt en overige indelingen,,
Amsterdam O&S BBGA,BBGA,Basisbestand Gebieden Amsterdam,WMO_66P,Volksgezondheid en zorg,WMO: Voorzieningengebruik (66+),Zorgvoorzieningen 66+: Aantal personen in de leeftijd van 66 jaar of ouder met minstens 1 gemeentelijke zorgvoorziening vanuit de Wmo,0,,1 januari,ZorgNed,Amsterdam: stadsdeel/GGW-gebied/wijk/buurt en overige indelingen,,
Amsterdam O&S BBGA,BBGA,Basisbestand Gebieden Amsterdam,PGEENINK_1874_P,Werk,Inkomen: geen (% 18-74),Aandeel 18 tot en met 74-jarigen dat geen inkomen heeft en geen studie volgt.,0 %,,jaarcijfer,"bewerking O&S, CBS, SECM",Amsterdam: stadsdeel/GGW-gebied/wijk/buurt en overige indelingen,,
Amsterdam O&S BBGA,BBGA,Basisbestand Gebieden Amsterdam,PONDERNEMER_1874_P,Werk,Inkomen: ondernemer (% 18-74),"Aandeel 18 tot en met 74-jarigen met een hoofdinkomen uit een eigen onderneming op de peildatum. Het gaat om Directeur-grootaandeelhouders, zelfstandige ondernemers en meewerkenden in familiebedrijven.",0 %,,jaarcijfer,"bewerking O&S, CBS, SECM",Amsterdam: stadsdeel/GGW-gebied/wijk/buurt en overige indelingen,,
Amsterdam O&S BBGA,BBGA,Basisbestand Gebieden Amsterdam,PPENSIOEN_1874_P,Werk,Inkomen: pensioen (% 18-74),Aandeel 18 tot en met 74-jarigen dat pensioen ontvangt.,0 %,,jaarcijfer,"bewerking O&S, CBS, SECM",Amsterdam: stadsdeel/GGW-gebied/wijk/buurt en overige indelingen,,
Amsterdam O&S BBGA,BBGA,Basisbestand Gebieden Amsterdam,PSTUDENT_1874_P,Werk,Inkomen: student (% 18-74),"Aandeel 18 tot en met 74-jarigen dat naar school gaat of een studie volgt, ook wanneer deze gecombineerd wordt met werk.",0 %,,jaarcijfer,"bewerking O&S, CBS, SECM",Amsterdam: stadsdeel/GGW-gebied/wijk/buurt en overige indelingen,,
Amsterdam O&S BBGA,BBGA,Basisbestand Gebieden Amsterdam,PUITKERING_1874_P,Werk,Inkomen: uitkering (% 18-74),"Aandeel 18 tot en met 74-jarigen dat een uitkering ontvangt. Het gaat om bijstandsuitkeringen, werkloosheidsuitkeringen, arbeidsongeschiktheidsuitkeringen en overige sociale voorzieningen.",0 %,,jaarcijfer,"bewerking O&S, CBS, SECM",Amsterdam: stadsdeel/GGW-gebied/wijk/buurt en overige indelingen,,
Amsterdam O&S BBGA,BBGA,Basisbestand Gebieden Amsterdam,PWERKNEMER_1874_P,Werk,Inkomen: werknemer (% 18-74),Aandeel 18 tot en met 74-jarigen met een baan als werknemer.,0 %,,jaarcijfer,"bewerking O&S, CBS, SECM",Amsterdam: stadsdeel/GGW-gebied/wijk/buurt en overige indelingen,,
Amsterdam O&S BBGA,BBGA,Basisbestand Gebieden Amsterdam,LVERWACHTINGBUURT_R,Wonen,Buurt: buurtontwikkeling (1-10),"Gemiddeld rapportcijfer dat bewoners geven als antwoord op de vraag: Hoe denkt u dat de buurt waar u woont zich de komende jaren zal ontwikkelen? (1=zeer negatief, 10 =zeer positief).
Er wordt alleen gerapporteerd over gebieden met minstens 20 respondenten.",0,,1 april,"O&S, Wonen in Amsterdam",Amsterdam: stadsdeel/GGW-gebied/wijk/buurt en overige indelingen,,
Amsterdam O&S BBGA,BBGA,Basisbestand Gebieden Amsterdam,LBUURT_R,Wonen,Buurt: tevredenheid met eigen buurt (1-10),"Gemiddeld rapportcijfer dat bewoners geven als antwoord op de vraag: Hoe tevreden bent u met uw buurt? (totaaloordeel) (1=zeer ontevreden, 10=zeer tevreden).
Er wordt alleen gerapporteerd over gebieden met minstens 20 respondenten.",0,,1 april,"O&S, Wonen in Amsterdam",Amsterdam: stadsdeel/GGW-gebied/wijk/buurt en overige indelingen,,
Amsterdam O&S BBGA,BBGA,Basisbestand Gebieden Amsterdam,LTHUISVOELEN_R,Wonen,Buurt: thuisvoelen (1-10),"Gemiddeld rapportcijfer dat bewoners geven als antwoord op de vraag: Voelt u zich thuis in uw buurt? (1= helemaal niet thuis, 10 = zeer thuis).
Er wordt alleen gerapporteerd over gebieden met minstens 20 respondenten.",0,,1 april,"O&S, Wonen in Amsterdam",Amsterdam: stadsdeel/GGW-gebied/wijk/buurt en overige indelingen,,
Amsterdam O&S BBGA,BBGA,Basisbestand Gebieden Amsterdam,WCORHUUR,Wonen,Eigendomsverhouding: corporatiewoningen,"Adressen die op de peildatum zijn geregistreerd in de Basisregistraties Adressen en Gebouwen (BAG) als woning in bezit van een corporatie.
Kleine trendbreuk per 1-1-2021 i.v.m. een nieuwe werkwijze bij het vaststellen van de eigendomsverhouding.",0,,1 januari,"AFWC, BAG, BRK, BRP, HR, O&S, WOZ",Amsterdam: stadsdeel/GGW-gebied/wijk/buurt en overige indelingen,,
Amsterdam O&S BBGA,BBGA,Basisbestand Gebieden Amsterdam,WCORHUUR_P,Wonen,Eigendomsverhouding: corporatiewoningen (%),"Aandeel van de woningvoorraad dat in het bezit is van een woningcorporatie.
Kleine trendbreuk per 1-1-2021 i.v.m. een nieuwe werkwijze bij het vaststellen van de eigendomsverhouding.",0 %,,1 januari,"AFWC, BAG, BRK, BRP, HR, O&S, WOZ",Amsterdam: stadsdeel/GGW-gebied/wijk/buurt en overige indelingen,,
Amsterdam O&S BBGA,BBGA,Basisbestand Gebieden Amsterdam,WKOOP,Wonen,Eigendomsverhouding: koopwoningen,"Adressen die op de peildatum zijn geregistreerd in de Basisregistraties Adressen en Gebouwen (BAG) als woning met een eigendomsverhouding 'eigenaar-bewoner'.
Kleine trendbreuk per 1-1-2021 i.v.m. een nieuwe werkwijze bij het vaststellen van de eigendomsverhouding.",0,,1 januari,"AFWC, BAG, BRK, BRP, HR, O&S, WOZ",Amsterdam: stadsdeel/GGW-gebied/wijk/buurt en overige indelingen,,
Amsterdam O&S BBGA,BBGA,Basisbestand Gebieden Amsterdam,WKOOP_P,Wonen,Eigendomsverhouding: koopwoningen (%),"Adressen die op de peildatum zijn geregistreerd als koopwoning op het totaal aantal adressen die in de Basisregistraties Adressen en Gebouwen (BAG) zijn geregistreerd als woning. Koopwoningen zijn woningen met een eigendomsverhouding 'eigenaar-bewoner'.
Kleine trendbreuk per 1-1-2021 i.v.m. een nieuwe werkwijze bij het vaststellen van de eigendomsverhouding.",0 %,,1 januari,"AFWC, BAG, BRK, BRP, HR, O&S, WOZ",Amsterdam: stadsdeel/GGW-gebied/wijk/buurt en overige indelingen,,
Amsterdam O&S BBGA,BBGA,Basisbestand Gebieden Amsterdam,WPARTHUUR_P,Wonen,Eigendomsverhouding: particuliere huur (%),"Adressen die op de peildatum zijn geregistreerd als particuliere huurwoning op het totaal aantal adressen die in de Basisregistraties Adressen en Gebouwen (BAG) zijn geregistreerd als woning. Particuliere huurwoningen zijn woningen met een eigendomsverhouding anders dan 'eigenaar-bewoner' of 'flatexplotatieeigenaar woningcorporatie'.
Kleine trendbreuk per 1-1-2021 i.v.m. een nieuwe werkwijze bij het vaststellen van de eigendomsverhouding.",0 %,,1 januari,"AFWC, BAG, BRK, BRP, HR, O&S, WOZ",Amsterdam: stadsdeel/GGW-gebied/wijk/buurt en overige indelingen,,
Amsterdam O&S BBGA,BBGA,Basisbestand Gebieden Amsterdam,WPARTHUUR,Wonen,Eigendomsverhouding: particuliere huurwoningen,"Adressen die op de peildatum zijn geregistreerd in de Basisregistraties Adressen en Gebouwen (BAG) als woning met een eigendomsverhouding anders dan 'eigenaar-bewoner' of 'flatexplotatieeigenaar woningcorporatie'.
Kleine trendbreuk per 1-1-2021 i.v.m. een nieuwe werkwijze bij het vaststellen van de eigendomsverhouding.",0,,1 januari,"AFWC, BAG, BRK, BRP, HR, O&S, WOZ",Amsterdam: stadsdeel/GGW-gebied/wijk/buurt en overige indelingen,,
Amsterdam O&S BBGA,BBGA,Basisbestand Gebieden Amsterdam,WHUURHOOG_P,Wonen,Huur: % hoog,"Aandeel woningen met een hoge huur op de totale woningvoorraad. 
2023: > 1.123 euro
2021: > 1.053 euro
2019: > 1.009 euro
2017: > 971 euro
2015: > 971 euro
2013: > 930 euro
2011: > 900 euro
2009: > 870 euro
2007: > 847 euro
2005: > 816 euro
In 2015 is de definitie van de woningvoorraad verruimd met voornamelijk relatief kleine huurwoningen die voorheen buiten de definitie vielen. De cijfers tot 2015 zijn gebaseerd op de oude definitie van de woningvoorraad. De cijfers op wijkniveau zijn gebaseerd op de WIA-buurtindeling. Er wordt alleen gerapporteerd over gebieden met minstens 50 respondenten.",0 %,,1 april,"O&S, Wonen in Amsterdam",Amsterdam: stadsdeel/GGW-gebied/wijk/buurt en overige indelingen,,
Amsterdam O&S BBGA,BBGA,Basisbestand Gebieden Amsterdam,WHUURMIDDEN_P,Wonen,Huur: % midden,"Aandeel woningen met een middeldure huur op de totale woningvoorraad. 
2023: 808 euro - 1.123 euro
2021: 752 euro - 1.053 euro
2019: 720 euro - 1.009 euro
2017: 711 euro - 971 euro
2015: 711 euro - 971 euro
2013: 681 euro - 930 euro
2011: 643 euro - 900 euro
2009: 622 euro - 870 euro
2007: 605 euro - 847 euro 
2005: 583 euro - 816 euro
In 2015 is de definitie van de woningvoorraad aangepast en verruimd met voornamelijk relatief kleine huurwoningen die voorheen buiten de definitie vielen. De cijfers tot en met 2013 zijn gebaseerd op de oude definitie van de woningvoorraad.De cijfers op wijkniveau zijn gebaseerd op de WIA-buurtindeling. Er wordt alleen gerapporteerd over gebieden met minstens 50 respondenten.",0 %,,1 april,"O&S, Wonen in Amsterdam",Amsterdam: stadsdeel/GGW-gebied/wijk/buurt en overige indelingen,,
Amsterdam O&S BBGA,BBGA,Basisbestand Gebieden Amsterdam,WHUURVRIJCORP_P,Wonen,Huur: % midden- en dure huur (corporatie),"Aandeel huurwoningen in de vrije sector in het bezit van een woningcorporatie op de totale woningvoorraad. Vrije sector wil zeggen dat de huur boven de liberalisatiegrens ligt. Met een huur boven de liberalisatiegrens is de hoogte van de huur niet meer gereguleerd en kan men niet meer in aanmerking komen voor huurtoeslag. 
2023: 808 euro
2021: 752 euro
2019: 720 euro
2017: 711 euro
2015: 711 euro
2013: 681 euro
2011: 643 euro
2009: 622 euro
2007: 605 euro
2005: 583 euro
In 2015 is de definitie van de woningvoorraad verruimd met voornamelijk relatief kleine huurwoningen. De cijfers tot 2015 zijn gebaseerd op de oude definitie van de woningvoorraad.De cijfers op wijkniveau zijn gebaseerd op de WIA-buurtindeling. Er wordt alleen gerapporteerd over gebieden met minstens 50 respondenten.",0 %,,1 april,"O&S, Wonen in Amsterdam",Amsterdam: stadsdeel/GGW-gebied/wijk/buurt en overige indelingen,,
Amsterdam O&S BBGA,BBGA,Basisbestand Gebieden Amsterdam,WHUURVRIJPART_P,Wonen,Huur: % midden- en dure huur (particulier),"Aandeel huurwoningen in de vrije sector in het bezit van particulieren op de totale woningvoorraad. Met een huur boven de liberalisatiegrens is de hoogte van de huur niet meer gereguleerd en kan men niet meer in aanmerking komen voor huurtoeslag.
2023: 808 euro
2021: 752 euro
2019: 720 euro
2017: 711 euro
2015: 711 euro
2013: 681 euro
2011: 643 euro
2009: 622 euro
2007: 605 euro
2005: 583 euro
In 2015 is de definitie van de woningvoorraad verruimd met voornamelijk relatief kleine huurwoningen. De cijfers tot 2015 zijn gebaseerd op de oude definitie van de woningvoorraad. De cijfers op wijkniveau zijn gebaseerd op de WIA-buurtindeling. Er wordt alleen gerapporteerd over gebieden met minstens 50 respondenten.",0 %,,1 april,"O&S, Wonen in Amsterdam",Amsterdam: stadsdeel/GGW-gebied/wijk/buurt en overige indelingen,,
Amsterdam O&S BBGA,BBGA,Basisbestand Gebieden Amsterdam,WHUURTSLG_P,Wonen,Huur: % sociaal,"Aandeel sociale huurwoningen op de totale woningvoorraad. Sociale huur wil zeggen dat de huur niet boven de huurtoeslaggrens uitkomt. 
2023: 808 euro
2021: 752 euro
2019: 720 euro
2017: 711 euro
2015: 711 euro
2013: 681 euro
2011: 643 euro
2009: 622 euro
2007: 605 euro
2005: 583 euro
In 2015 is de definitie van de woningvoorraad verruimd met voornamelijk relatief kleine huurwoningen. De cijfers tot en met 2013 zijn gebaseerd op de oude definitie van de woningvoorraad.De cijfers op wijkniveau zijn gebaseerd op de WIA-buurtindeling. Er wordt alleen gerapporteerd over gebieden met minstens 50 respondenten.",0 %,,1 april,"O&S, Wonen in Amsterdam",Amsterdam: stadsdeel/GGW-gebied/wijk/buurt en overige indelingen,,
Amsterdam O&S BBGA,BBGA,Basisbestand Gebieden Amsterdam,WHUURSOCCORP_P,Wonen,Huur: % sociaal (corporatie),"Aandeel sociale huurwoningen in het bezit van een woningcorporatie op de totale woningvoorraad. Sociale huur wil zeggen dat de huur niet boven de huurtoeslaggrens uitkomt. 
2023: 808 euro 
2021: 752 euro
2019: 720 euro
2017: 711 euro
2015: 711 euro
2013: 681 euro
2011: 643 euro
2009: 622 euro
2007: 605 euro
2005: 583 euro
In 2015 is de definitie van de woningvoorraad verruimd met voornamelijk relatief kleine huurwoningen. De cijfers tot en met 2013 zijn gebaseerd op de oude definitie van de woningvoorraad.De cijfers op wijkniveau zijn gebaseerd op de WIA-buurtindeling. Er wordt alleen gerapporteerd over gebieden met minstens 50 respondenten.",0 %,,1 april,"O&S, Wonen in Amsterdam",Amsterdam: stadsdeel/GGW-gebied/wijk/buurt en overige indelingen,,
Amsterdam O&S BBGA,BBGA,Basisbestand Gebieden Amsterdam,WHUURSOCPART_P,Wonen,Huur: % sociaal (particulier),"Aandeel sociale huurwoningen in het bezit van particulieren op de totale woningvoorraad. Sociale huur wil zeggen dat de huur niet boven de huurtoeslaggrens uitkomt. 
2023: 808 euro
2021: 752 euro
2019: 720 euro
2017: 711 euro
2015: 711 euro
2013: 681 euro
2011: 643 euro
2009: 622 euro
2007: 605 euro
2005: 583 euro
In 2015 is de definitie van de woningvoorraad verruimd met voornamelijk relatief kleine huurwoningen. De cijfers tot 2015 zijn gebaseerd op de oude definitie van de woningvoorraad.De cijfers op wijkniveau zijn gebaseerd op de WIA-buurtindeling. Er wordt alleen gerapporteerd over gebieden met minstens 50 respondenten.",0 %,,1 april,"O&S, Wonen in Amsterdam",Amsterdam: stadsdeel/GGW-gebied/wijk/buurt en overige indelingen,,
Amsterdam O&S BBGA,BBGA,Basisbestand Gebieden Amsterdam,WHUURKWAL_P,Wonen,Huur: % tot kwaliteitskortingsgrens,"Aandeel woningen op de totale woningvoorraad met een huur tot de kwaliteitskortingsgrens. De kwaliteitskortingsgrens is een begrip uit de huurtoeslag. Bij een huur boven deze grens ontvangt men minder huurtoeslag vanwege de naar verwachting betere kwaliteit van de woning. Kwaliteitskortingsgrens:2023: 552 euro, 2021: 442 euro, 2019: 424 euro, 2017: 414 euro, 2015: 403 euro.
De cijfers op wijkniveau zijn gebaseerd op de WIA-buurtindeling. Er wordt alleen gerapporteerd over gebieden met minstens 50 respondenten.",0 %,,1 april,"O&S, Wonen in Amsterdam",Amsterdam: stadsdeel/GGW-gebied/wijk/buurt en overige indelingen,,
Amsterdam O&S BBGA,BBGA,Basisbestand Gebieden Amsterdam,WHUUR_GEM,Wonen,Huur: gemiddeld,"Gemiddelde huur per maand.De cijfers op wijkniveau zijn gebaseerd op de WIA-buurtindeling.
Er wordt alleen gerapporteerd over gebieden met minstens 50 respondenten.",0 euro,,1 april,"O&S, Wonen in Amsterdam",Amsterdam: stadsdeel/GGW-gebied/wijk/buurt en overige indelingen,,
Amsterdam O&S BBGA,BBGA,Basisbestand Gebieden Amsterdam,WHUURVRIJ_GEM,Wonen,Huur: gemiddeld midden- en dure huur,"Gemiddelde huur per maand voor woningen in de vrije sector. D.w.z. met een huur boven de liberalisatiegrens waardoor de hoogte van de huur niet meer is gereguleerd en men niet meer in aanmerking kan komen voor huurtoeslag. Liberalisatiegrens: 
2019: 720 euro
2017: 711 euro
2015: 711 euro
2013: 681 euro
2011: 643 euro
2009: 622 euro
2007: 605 euro
2005: 583 euro
De cijfers op wijkniveau zijn gebaseerd op de WIA-buurtindeling. Er wordt alleen gerapporteerd over gebieden met minstens 50 respondenten.",0 euro,,1 april,"O&S, Wonen in Amsterdam",Amsterdam: stadsdeel/GGW-gebied/wijk/buurt en overige indelingen,,
Amsterdam O&S BBGA,BBGA,Basisbestand Gebieden Amsterdam,WTOTAALLASTEN_R,Wonen,Tevredenheid betaalbaarheid totale woonlasten (1-10),"Gemiddeld rapportcijfer dat bewoners geven als antwoord op de vraag: Hoe beoordeelt u de totale woonlasten (kosten voor huur of hypotheek, energie en servicekosten)? Ik kan de woonlasten 1=moeilijk betalen, 10 =makkelijk betalen.
Er wordt alleen gerapporteerd over gebieden met minstens 20 respondenten.",0,,1 april,"O&S, Wonen in Amsterdam",Amsterdam: stadsdeel/GGW-gebied/wijk/buurt en overige indelingen,,
Amsterdam O&S BBGA,BBGA,Basisbestand Gebieden Amsterdam,LBETROKKEN_R,Wonen,Tevredenheid met betrokkenheid buurtbewoners (1-10),"Gemiddeld rapportcijfer dat bewoners geven als antwoord op de vraag: Hoe beoordeelt u de betrokkenheid van de buurtbewoners bij de buurt? (1= geen betrokkenheid, 10= grote betrokkenheid).
Er wordt alleen gerapporteerd over gebieden met minstens 20 respondenten.",0,,1 april,"O&S, Wonen in Amsterdam",Amsterdam: stadsdeel/GGW-gebied/wijk/buurt en overige indelingen,,
Amsterdam O&S BBGA,BBGA,Basisbestand Gebieden Amsterdam,WWONINGCORP_R,Wonen,Tevredenheid met eigen corporatiewoning (1-10),"Gemiddeld rapportcijfer dat bewoners van een corporatiewoning geven als antwoord op de vraag: Wilt u aangeven in welke mate u tevreden bent over uw woning? (totaaloordeel).
Er wordt alleen gerapporteerd over gebieden met minstens 20 respondenten.",0,,1 april,"O&S, Wonen in Amsterdam",Amsterdam: stadsdeel/GGW-gebied/wijk/buurt en overige indelingen,,
Amsterdam O&S BBGA,BBGA,Basisbestand Gebieden Amsterdam,WWONING_R,Wonen,Tevredenheid met eigen woning (1-10),"Gemiddeld rapportcijfer dat bewoners geven als antwoord op de vraag: Wilt u aangeven in welke mate u tevreden bent over uw woning? (totaaloordeel).
Er wordt alleen gerapporteerd over gebieden met minstens 20 respondenten.",0,,1 april,"O&S, Wonen in Amsterdam",Amsterdam: stadsdeel/GGW-gebied/wijk/buurt en overige indelingen,,
Amsterdam O&S BBGA,BBGA,Basisbestand Gebieden Amsterdam,WWONING65_R,Wonen,Tevredenheid met eigen woning (65+) (1-10),"Gemiddeld rapportcijfer dat bewoners van 65 jaar of ouder geven als antwoord op de vraag: Wilt u aangeven in welke mate u tevreden bent over uw woning? (totaaloordeel).
Er wordt alleen gerapporteerd over gebieden met minstens 20 respondenten.",0,,1 april,"O&S, Wonen in Amsterdam",Amsterdam: stadsdeel/GGW-gebied/wijk/buurt en overige indelingen,,
Amsterdam O&S BBGA,BBGA,Basisbestand Gebieden Amsterdam,WONDERHOUDWONING_R,Wonen,Tevredenheid onderhoud eigen woning (1-10),"Gemiddeld rapportcijfer dat bewoners geven als antwoord op de vraag: Hoe beoordeelt u de staat van onderhoud van uw woning?
Er wordt alleen gerapporteerd over gebieden met minstens 20 respondenten.",0,,1 april,"O&S, Wonen in Amsterdam",Amsterdam: stadsdeel/GGW-gebied/wijk/buurt en overige indelingen,,
Amsterdam O&S BBGA,BBGA,Basisbestand Gebieden Amsterdam,ORONDERHOUDWONINGEN_R,Wonen,Tevredenheid onderhoud woningen buurt (1-10),"Gemiddeld rapportcijfer dat bewoners geven als antwoord op de vraag: Hoe beoordeelt u de staat van onderhoud van de woningen in de buurt? (1= ruim onvoldoende, 10 = ruim voldoende).
Er wordt alleen gerapporteerd over gebieden met minstens 20 respondenten.",0,,1 april,"O&S, Wonen in Amsterdam",Amsterdam: stadsdeel/GGW-gebied/wijk/buurt en overige indelingen,,
Amsterdam O&S BBGA,BBGA,Basisbestand Gebieden Amsterdam,WVERHUIS65_P,Wonen,Verhuisgeneigden (% 65+),"Aandeel bewoners van 65 jaar en ouder dat de komende twee jaar wil verhuizen.De cijfers op wijkniveau zijn gebaseerd op de WIA-buurtindeling.
Er wordt alleen gerapporteerd over gebieden met minstens 50 respondenten.",0 %,,1 april,"O&S, Wonen in Amsterdam",Amsterdam: stadsdeel/GGW-gebied/wijk/buurt en overige indelingen,,
Amsterdam O&S BBGA,BBGA,Basisbestand Gebieden Amsterdam,WVERHUIS_P,Wonen,Verhuisgeneigden (%),"Aandeel bewoners dat de komende twee jaar wil verhuizen.De cijfers op wijkniveau zijn gebaseerd op de WIA-buurtindeling.
Er wordt alleen gerapporteerd over gebieden met minstens 50 respondenten.",0 %,,1 april,"O&S, Wonen in Amsterdam",Amsterdam: stadsdeel/GGW-gebied/wijk/buurt en overige indelingen,,
Amsterdam O&S BBGA,BBGA,Basisbestand Gebieden Amsterdam,WGESCHIKTOUD65_P,Wonen,Woning om oud in te worden (% 65+),"Aandeel Amsterdammers van 65 jaar en ouder die denken dat de eigen woning geschikt is om oud in te worden.
De cijfers op wijkniveau zijn gebaseerd op de WIA-buurtindeling. Er wordt alleen gerapporteerd over gebieden met minstens 50 respondenten.",0 %,,1 april,"O&S, Wonen in Amsterdam",Amsterdam: stadsdeel/GGW-gebied/wijk/buurt en overige indelingen,,
Amsterdam O&S BBGA,BBGA,Basisbestand Gebieden Amsterdam,WGESCHIKTOUD_P,Wonen,Woning om oud in te worden (%),"Aandeel Amsterdammers dat denkt dat de eigen woning geschikt is om oud in te worden.
De cijfers op wijkniveau zijn gebaseerd op de WIA-buurtindeling. Er wordt alleen gerapporteerd over gebieden met minstens 50 respondenten.",0 %,,1 april,"O&S, Wonen in Amsterdam",Amsterdam: stadsdeel/GGW-gebied/wijk/buurt en overige indelingen,,
Amsterdam O&S BBGA,BBGA,Basisbestand Gebieden Amsterdam,WBEZET,Wonen,Woningbezetting gemiddeld,Gemiddeld aantal bewoners (exclusief briefadreshoudenden) per woning in het gebied.,0,,1 januari,"BAG, BRP, O&S",Amsterdam: stadsdeel/GGW-gebied/wijk/buurt en overige indelingen,,
Amsterdam O&S BBGA,BBGA,Basisbestand Gebieden Amsterdam,WDICHT,Wonen,Woningdichtheid,"Aantal woningen per vierkante kilometer land.
De oppervlakte is vastgesteld op het peiljaar.",0 /km2,,1 januari,"BAG, O&S",Amsterdam: stadsdeel/GGW-gebied/wijk/buurt en overige indelingen,,
Amsterdam O&S BBGA,BBGA,Basisbestand Gebieden Amsterdam,WBOUWJAAR2011PLUS,Wonen,Woningen bouwjaar na 2011,"Aantal woningen in de woningvoorraad, gebouwd in 2011 of later.",0,,,"BAG, O&S",Amsterdam: stadsdeel/GGW-gebied/wijk/buurt en overige indelingen,,
Amsterdam O&S BBGA,BBGA,Basisbestand Gebieden Amsterdam,WBOUWJAAR1921_1945,Wonen,Woningen bouwjaar tussen 1921 en 1945,"Aantal woningen in de woningvoorraad, gebouwd tussen 1921 en 1945.",0,,,"BAG, O&S",Amsterdam: stadsdeel/GGW-gebied/wijk/buurt en overige indelingen,,
Amsterdam O&S BBGA,BBGA,Basisbestand Gebieden Amsterdam,WBOUWJAAR1946_1970,Wonen,Woningen bouwjaar tussen 1946 en 1970,"Aantal woningen in de woningvoorraad, gebouwd tussen 1946 en 1970.",0,,,"BAG, O&S",Amsterdam: stadsdeel/GGW-gebied/wijk/buurt en overige indelingen,,
Amsterdam O&S BBGA,BBGA,Basisbestand Gebieden Amsterdam,WBOUWJAAR1971_1990,Wonen,Woningen bouwjaar tussen 1971 en 1990,"Aantal woningen in de woningvoorraad, gebouwd tussen 1971 en 1990.",0,,,"BAG, O&S",Amsterdam: stadsdeel/GGW-gebied/wijk/buurt en overige indelingen,,
Amsterdam O&S BBGA,BBGA,Basisbestand Gebieden Amsterdam,WBOUWJAAR1991_2010,Wonen,Woningen bouwjaar tussen 1991 en 2010,"Aantal woningen in de woningvoorraad, gebouwd tussen 1991 en 2010.",0,,,"BAG, O&S",Amsterdam: stadsdeel/GGW-gebied/wijk/buurt en overige indelingen,,
Amsterdam O&S BBGA,BBGA,Basisbestand Gebieden Amsterdam,WBOUWJAARVOOR1921,Wonen,Woningen bouwjaar voor 1921,"Aantal woningen in de woningvoorraad, gebouwd voor 1921.",0,,,"BAG, O&S",Amsterdam: stadsdeel/GGW-gebied/wijk/buurt en overige indelingen,,
Amsterdam O&S BBGA,BBGA,Basisbestand Gebieden Amsterdam,WINSTITUUT,Wonen,Woningen met bedrijfsmatige zorg,"Aantal instituten en tehuizen. Het gaat om instellingen zoals verpleeg-, verzorgings- en kindertehuizen, gezinsvervangende tehuizen, revalidatiecentra en penitentiaire inrichtingen.",0,,1 januari,"BAG, O&S",Amsterdam: stadsdeel/GGW-gebied/wijk/buurt en overige indelingen,,
Amsterdam O&S BBGA,BBGA,Basisbestand Gebieden Amsterdam,WLIFTBG,Wonen,Woningen op begane grond of met lift,Aantal woningen op de begane grond of bereikbaar met een lift.,0,,1 januari,"BAG, O&S",Amsterdam: stadsdeel/GGW-gebied/wijk/buurt en overige indelingen,,
Amsterdam O&S BBGA,BBGA,Basisbestand Gebieden Amsterdam,WLIFTBG_P,Wonen,Woningen op begane grond of met lift (%),Aandeel van de woningvoorraad dat bestaat uit woningen op de begane grond of die bereikbaar zijn per een lift.,0 %,,1 januari,"BAG, O&S",Amsterdam: stadsdeel/GGW-gebied/wijk/buurt en overige indelingen,,
Amsterdam O&S BBGA,BBGA,Basisbestand Gebieden Amsterdam,WLIFTBG75,Wonen,Woningen op begane grond of met lift met bewoner van 75+,Aantal woningen op de begane grond of bereikbaar via een lift bewoond door (onder andere) een 75-plusser.,0,,1 januari,"BAG, O&S",Amsterdam: stadsdeel/GGW-gebied/wijk/buurt en overige indelingen,,
Amsterdam O&S BBGA,BBGA,Basisbestand Gebieden Amsterdam,WLIFTBGHH75_P,Wonen,Woningen op begane grond of met lift met bewoner van 75+ (%),Aandeel van de huishoudens met een 75-plusser met een woning op de begane grond of bereikbaar via een lift.,0 %,,1 januari,"BAG, O&S",Amsterdam: stadsdeel/GGW-gebied/wijk/buurt en overige indelingen,,
Amsterdam O&S BBGA,BBGA,Basisbestand Gebieden Amsterdam,WTYPEEEN,Wonen,Woningen: eengezinswoningen,Eengezinswoningen: Een woning die een zelfstandig pand vormt. Vanaf 1 januari 2021 is de methode voor het bepalen van het woningtype aangepast; in een enkele buurt zou dit invloed kunnen hebben op de statistieken.,0,,1 januari,"BAG, O&S",Amsterdam: stadsdeel/GGW-gebied/wijk/buurt en overige indelingen,,
Amsterdam O&S BBGA,BBGA,Basisbestand Gebieden Amsterdam,WTYPEEEN_P,Wonen,Woningen: eengezinswoningen (%),"Percentage eengezinswoningen: Een woning die een zelfstandig pand vormt.
Vanaf 1 januari 2021 is de methode voor het bepalen van het woningtype aangepast; in een enkele buurt zou dit invloed kunnen hebben op de statistieken.",0 %,,1 januari,"BAG, O&S",Amsterdam: stadsdeel/GGW-gebied/wijk/buurt en overige indelingen,,
Amsterdam O&S BBGA,BBGA,Basisbestand Gebieden Amsterdam,W_KRAP,Wonen,Woningen: krappe woningen,Aantal bewoonde woningen waarvan de oppervlakte minder dan 20 m2 per bewoner beslaat.,0,,1 januari,"BAG, BRP, O&S",Amsterdam: stadsdeel/GGW-gebied/wijk/buurt en overige indelingen,,
Amsterdam O&S BBGA,BBGA,Basisbestand Gebieden Amsterdam,W_KRAP_P,Wonen,Woningen: krappe woningen (%),Aandeel van de bewoonde woningen waarvan de oppervlakte minder dan 20 m2 per bewoner beslaat.,0 %,,1 januari,"BAG, BRP, O&S",Amsterdam: stadsdeel/GGW-gebied/wijk/buurt en overige indelingen,,
Amsterdam O&S BBGA,BBGA,Basisbestand Gebieden Amsterdam,W_KRAP_KIND3PLUS,Wonen,Woningen: krappe woningen met 3 of meer kinderen,"Aantal woningen waar 3 of meer kinderen wonen en waarvan de oppervlakte minder dan 20 m2 per bewoner beslaat.
Waarden van 1, 2, 3 of 4 zijn afgerond naar 5.",0,,,"BAG, BRP, O&S",Amsterdam: stadsdeel/GGW-gebied/wijk/buurt en overige indelingen,,
Amsterdam O&S BBGA,BBGA,Basisbestand Gebieden Amsterdam,W_KRAP_KIND3PLUS_P,Wonen,Woningen: krappe woningen met 3 of meer kinderen (%),"Aandeel van de woningen waar 3 of meer kinderen wonen en waarvan de oppervlakte minder dan 20 m2 per bewoner beslaat.
Percentages hoger dan 90 procent zijn afgerond naar 90 procent.",0 %,,,"BAG, BRP, O&S",Amsterdam: stadsdeel/GGW-gebied/wijk/buurt en overige indelingen,,
Amsterdam O&S BBGA,BBGA,Basisbestand Gebieden Amsterdam,W_KRAP_KIND,Wonen,Woningen: krappe woningen met kinderen,Aantal woningen waar kinderen wonen en waarvan de oppervlakte minder dan 20 m2 per bewoner beslaat.,0,,1 januari,"BAG, BRP, O&S",Amsterdam: stadsdeel/GGW-gebied/wijk/buurt en overige indelingen,,
Amsterdam O&S BBGA,BBGA,Basisbestand Gebieden Amsterdam,W_KRAP_KIND_P,Wonen,Woningen: krappe woningen met kinderen (%),Aandeel van de woningen waar ook kinderen wonen en waarvan de oppervlakte minder dan 20 m2 per bewoner beslaat.,0 %,,1 januari,"BAG, BRP, O&S",Amsterdam: stadsdeel/GGW-gebied/wijk/buurt en overige indelingen,,
Amsterdam O&S BBGA,BBGA,Basisbestand Gebieden Amsterdam,WLIGPLAATS,Wonen,Woningen: ligplaatsen,"Een ligplaats is een plaats in het water al dan niet aangevuld met een op de oever aanwezig terrein of een gedeelte daarvan,die bestemd is voor het permanent afmeren van een voor woon-, bedrijfsmatige of recreatieve doeleinden geschikt drijvend object.",0,,1 januari,"BAG, O&S",Amsterdam: stadsdeel/GGW-gebied/wijk/buurt en overige indelingen,,
Amsterdam O&S BBGA,BBGA,Basisbestand Gebieden Amsterdam,WTYPEMEER,Wonen,Woningen: meergezinswoningen,"Meergezinswoning: Een woning die deel uitmaakt van een pand met meerdere woon- of bedrijfsruimten. Dit omvat flats, galerijwoningen, portiekwoningen, beneden- en bovenwoningen, appartementen en woningen boven bedrijfsruimten.
Vanaf 1 januari 2021 is de methode voor het bepalen van het woningtype aangepast; in een enkele buurt zou dit invloed kunnen hebben op de statistieken.",0,,1 januari,"BAG, O&S",Amsterdam: stadsdeel/GGW-gebied/wijk/buurt en overige indelingen,,
Amsterdam O&S BBGA,BBGA,Basisbestand Gebieden Amsterdam,WTYPEMEER_P,Wonen,Woningen: meergezinswoningen (%),"Percentage meergezinswoningen: Een woning die deel uitmaakt van een pand met meerdere woon- of bedrijfsruimten. Dit omvat flats, galerijwoningen, portiekwoningen, beneden- en bovenwoningen, appartementen en woningen boven bedrijfsruimten.
Vanaf 1 januari 2021 is de methode voor het bepalen van het woningtype aangepast; in een enkele buurt zou dit invloed kunnen hebben op de statistieken.",0 %,,1 januari,"BAG, O&S",Amsterdam: stadsdeel/GGW-gebied/wijk/buurt en overige indelingen,,
Amsterdam O&S BBGA,BBGA,Basisbestand Gebieden Amsterdam,WNULTREDE_P,Wonen,Woningen: nultredewoningen (%),"Aandeel woningen die te bereiken zijn zonder trappen en waarvan alle vertrekken op dezelfde verdieping liggen.
Er wordt alleen gerapporteerd over gebieden met minstens 50 respondenten.",0 %,,,"O&S, Wonen in Amsterdam",Amsterdam: stadsdeel/GGW-gebied/wijk/buurt en overige indelingen,,
Amsterdam O&S BBGA,BBGA,Basisbestand Gebieden Amsterdam,WSENIOREN,Wonen,Woningen: seniorenwoningen,Aantal zelfstandige woningen die bestemd zijn voor senioren.,0,,1 januari,"BAG, O&S",Amsterdam: stadsdeel/GGW-gebied/wijk/buurt en overige indelingen,,
Amsterdam O&S BBGA,BBGA,Basisbestand Gebieden Amsterdam,WSENIOREN_P,Wonen,Woningen: seniorenwoningen (%),Aandeel van de woningvoorraad dat bestaat uit zelfstandige woningen die bestemd zijn voor senioren.,0 %,,1 januari,"BAG, O&S",Amsterdam: stadsdeel/GGW-gebied/wijk/buurt en overige indelingen,,
Amsterdam O&S BBGA,BBGA,Basisbestand Gebieden Amsterdam,WSTANDPLAATS,Wonen,Woningen: standplaatsen,"Een standplaats is een terrein of gedeelte daarvan dat bestemd is voor het permanent plaatsen van een niet direct en niet duurzaam met de aarde verbonden en voor woon -, bedrijfsmatige, of recreatieve doeleinden geschikte ruimte.",0,,1 januari,"BAG, O&S",Amsterdam: stadsdeel/GGW-gebied/wijk/buurt en overige indelingen,,
Amsterdam O&S BBGA,BBGA,Basisbestand Gebieden Amsterdam,WTEGROOT65_P,Wonen,Woningen: woning te groot (% 65+),"Aandeel Amsterdammers van 65 jaar en ouder die hun eigen woning te groot vinden.
Er zijn alleen cijfers beschikbaar over gebieden met minstens 50 respondenten. De cijfers op wijkniveau zijn gebaseerd op de WIA-buurtindeling.",0 %,,1 april,"O&S, Wonen in Amsterdam",Amsterdam: stadsdeel/GGW-gebied/wijk/buurt en overige indelingen,,
Amsterdam O&S BBGA,BBGA,Basisbestand Gebieden Amsterdam,WTEKLEIN_P,Wonen,Woningen: woning te klein (%),"Aandeel huishoudens dat de eigen woning te klein vindt.
Er zijn alleen cijfers beschikbaar over gebieden met minstens 50 respondenten.",0 %,,1 april,"O&S, Wonen in Amsterdam",Amsterdam: stadsdeel/GGW-gebied/wijk/buurt en overige indelingen,,
Amsterdam O&S BBGA,BBGA,Basisbestand Gebieden Amsterdam,WVOORRBAG,Wonen,Woningen: woningvoorraad,"Adressen die op de peildatum zijn geregistreerd in de Basisregistraties Adressen en Gebouwen (BAG) met het gebruiksdoel wonen, exclusief ligplaatsen en standplaatsen.",0,,1 januari,"BAG, O&S",Amsterdam: stadsdeel/GGW-gebied/wijk/buurt en overige indelingen,,
Amsterdam O&S BBGA,BBGA,Basisbestand Gebieden Amsterdam,W_PROG,Wonen,Woningvoorraadprognose,"Prognose uit 2026 voor de omvang van de woningvoorraad op 1 januari.
De woningvoorraad is het aantal adressen dat geregistreerd is in de Basisregistraties Adressen en Gebouwen (BAG) met het gebruiksdoel wonen, exclusief ligplaatsen en standplaatsen.",0,,1 januari,O&S,Amsterdam: stadsdeel/GGW-gebied/wijk/buurt en overige indelingen,,
Amsterdam O&S BBGA,BBGA,Basisbestand Gebieden Amsterdam,WWOZ_GEM,Wonen,Woonlasten: Gemiddelde WOZ-waarde,"Door de gemeente periodiek getaxeerde waarde van onroerende zaken in het kader van de Wet waardering onroerende zaken (WOZ).
De WOZ-waarde wordt vastgesteld op basis van het peiljaar voorafgaand aan de peildatum. De populatie is de woningvoorraad conform de BAG op de peildatum.",0 euro,,1 januari,"BAG, O&S, WOZ",Amsterdam: stadsdeel/GGW-gebied/wijk/buurt en overige indelingen,,
Amsterdam O&S BBGA,BBGA,Basisbestand Gebieden Amsterdam,WHUURQUOTE_P,Wonen,Woonlasten: Netto huurquote,"De netto huurquote is het percentage van het inkomen dat besteed wordt aan kale huur minus de huurtoeslag.
De cijfers op wijkniveau zijn gebaseerd op de WIA-buurtindeling. Er wordt alleen gerapporteerd over gebieden met minstens 50 respondenten.",0 %,,1 april,"O&S, Wonen in Amsterdam",Amsterdam: stadsdeel/GGW-gebied/wijk/buurt en overige indelingen,,
Amsterdam O&S BBGA,BBGA,Basisbestand Gebieden Amsterdam,WHYPQUOTE_P,Wonen,Woonlasten: Netto hypotheekquote,"De netto hypotheekquote is het percentage van het inkomen dat besteed wordt aan hypotheeklasten na belastingaftrek.
De cijfers op wijkniveau zijn gebaseerd op de WIA-buurtindeling. Er wordt alleen gerapporteerd over gebieden met minstens 50 respondenten.",0 %,,1 april,"O&S, Wonen in Amsterdam",Amsterdam: stadsdeel/GGW-gebied/wijk/buurt en overige indelingen,,
Amsterdam O&S BBGA,BBGA,Basisbestand Gebieden Amsterdam,WOPP0040,Wonen,Woonoppervlak 0-40 m2,Verblijfsobject dat op de peildatum geregistreerd is in de Basisregistraties Adressen en Gebouwen (BAG) met een gemiddeld gebruikers oppervlakte (GBO) tot 40 m2.,0,,1 januari,"BAG, O&S",Amsterdam: stadsdeel/GGW-gebied/wijk/buurt en overige indelingen,,
Amsterdam O&S BBGA,BBGA,Basisbestand Gebieden Amsterdam,WOPP0040_P,Wonen,Woonoppervlak 0-40 m2 (%),Aandeel van de woningvoorraad met een gemiddeld gebruiksoppervlakte (GBO) tot 40 m2.,0 %,,1 januari,"BAG, O&S",Amsterdam: stadsdeel/GGW-gebied/wijk/buurt en overige indelingen,,
Amsterdam O&S BBGA,BBGA,Basisbestand Gebieden Amsterdam,WOPP100PLUS,Wonen,Woonoppervlak 100 m2+,Verblijfsobject dat op de peildatum geregistreerd is in de Basisregistraties Adressen en Gebouwen (BAG) met een gemiddeld gebruikers oppervlakte (GBO) van 100m2 of meer.,0,,1 januari,"BAG, O&S",Amsterdam: stadsdeel/GGW-gebied/wijk/buurt en overige indelingen,,
Amsterdam O&S BBGA,BBGA,Basisbestand Gebieden Amsterdam,WOPP100PLUS_P,Wonen,Woonoppervlak 100 m2+ (%),Aandeel van de woningvoorraad met een gemiddeld gebruiksoppervlakte (GBO) groter dan 100 m2,0 %,,1 januari,"BAG, O&S",Amsterdam: stadsdeel/GGW-gebied/wijk/buurt en overige indelingen,,
Amsterdam O&S BBGA,BBGA,Basisbestand Gebieden Amsterdam,WOPP4060,Wonen,Woonoppervlak 40-60 m2,Verblijfsobject dat op de peildatum geregistreerd is in de Basisregistraties Adressen en Gebouwen (BAG) met een gemiddeld gebruikers oppervlakte (GBO) van 40 m2 tot 60 m2.,0,,1 januari,"BAG, O&S",Amsterdam: stadsdeel/GGW-gebied/wijk/buurt en overige indelingen,,
Amsterdam O&S BBGA,BBGA,Basisbestand Gebieden Amsterdam,WOPP4060_P,Wonen,Woonoppervlak 40-60 m2 (%),Aandeel van de woningvoorraad met een gemiddeld gebruiksoppervlakte (GBO) van 40 tot 60 m2,0 %,,1 januari,"BAG, O&S",Amsterdam: stadsdeel/GGW-gebied/wijk/buurt en overige indelingen,,
Amsterdam O&S BBGA,BBGA,Basisbestand Gebieden Amsterdam,WOPP6080,Wonen,Woonoppervlak 60-80 m2,Verblijfsobject dat op de peildatum geregistreerd is in de Basisregistraties Adressen en Gebouwen (BAG) met een gemiddeld gebruikers oppervlakte (GBO) van 60 tot 80 m2.,0,,1 januari,"BAG, O&S",Amsterdam: stadsdeel/GGW-gebied/wijk/buurt en overige indelingen,,
Amsterdam O&S BBGA,BBGA,Basisbestand Gebieden Amsterdam,WOPP6080_P,Wonen,Woonoppervlak 60-80 m2 (%),Aandeel van de woningvoorraad met een gemiddeld gebruiksoppervlakte (GBO) van 60 tot 80 m2.,0 %,,1 januari,"BAG, O&S",Amsterdam: stadsdeel/GGW-gebied/wijk/buurt en overige indelingen,,
Amsterdam O&S BBGA,BBGA,Basisbestand Gebieden Amsterdam,WOPP80100,Wonen,Woonoppervlak 80-100 m2,Verblijfsobject dat op de peildatum geregistreerd is in de Basisregistraties Adressen en Gebouwen (BAG) met een gemiddeld gebruikers oppervlakte (GBO) van 80 tot 100 m2.,0,,1 januari,"BAG, O&S",Amsterdam: stadsdeel/GGW-gebied/wijk/buurt en overige indelingen,,
Amsterdam O&S BBGA,BBGA,Basisbestand Gebieden Amsterdam,WOPP80100_P,Wonen,Woonoppervlak 80-100 m2 (%),Aandeel van de woningvoorraad met een gemiddeld gebruiksoppervlakte (GBO) van 80 tot 100 m2.,0 %,,1 januari,"BAG, O&S",Amsterdam: stadsdeel/GGW-gebied/wijk/buurt en overige indelingen,,
Amsterdam O&S BBGA,BBGA,Basisbestand Gebieden Amsterdam,WOPPONB,Wonen,Woonoppervlak onbekend,Verblijfsobject dat op de peildatum geregistreerd is in de Basisregistraties Adressen en Gebouwen (BAG) en waarvan het gemiddelde gebruikers oppervlakte (GBO) onbekend is.,0,,1 januari,"BAG, O&S",Amsterdam: stadsdeel/GGW-gebied/wijk/buurt en overige indelingen,,
Amsterdam O&S BBGA,BBGA,Basisbestand Gebieden Amsterdam,WOPPONB_P,Wonen,Woonoppervlak onbekend (%),Aandeel van de woningvoorraad waarvan het gemiddelde gebruikers oppervlakte (GBO) onbekend is.,0 %,,1 januari,"BAG, O&S",Amsterdam: stadsdeel/GGW-gebied/wijk/buurt en overige indelingen,,
BZK Leefbaarometer 2024,LBM3-2024,Leefbaarometer scores 2002-2024,lbm,Leefbaarheid,Leefbaarheidsscore,Zie officiële toelichting in het bronarchief en de Leefbaarometer-methodiek.,modelscore,,2002-2024,"Ministerie van BZK, CC0",buurt/wijk/gemeente,,
BZK Leefbaarometer 2024,LBM3-2024,Leefbaarometer scores 2002-2024,afw,Leefbaarheid,Afwijking van het landelijk gemiddelde,Zie officiële toelichting in het bronarchief en de Leefbaarometer-methodiek.,modelscore,,2002-2024,"Ministerie van BZK, CC0",buurt/wijk/gemeente,,
BZK Leefbaarometer 2024,LBM3-2024,Leefbaarometer scores 2002-2024,fys,Leefbaarheid,Dimensie fysieke omgeving,Zie officiële toelichting in het bronarchief en de Leefbaarometer-methodiek.,modelscore,,2002-2024,"Ministerie van BZK, CC0",buurt/wijk/gemeente,,
BZK Leefbaarometer 2024,LBM3-2024,Leefbaarometer scores 2002-2024,onv,Leefbaarheid,Dimensie overlast en onveiligheid,Zie officiële toelichting in het bronarchief en de Leefbaarometer-methodiek.,modelscore,,2002-2024,"Ministerie van BZK, CC0",buurt/wijk/gemeente,,
BZK Leefbaarometer 2024,LBM3-2024,Leefbaarometer scores 2002-2024,soc,Leefbaarheid,Dimensie sociale samenhang,Zie officiële toelichting in het bronarchief en de Leefbaarometer-methodiek.,modelscore,,2002-2024,"Ministerie van BZK, CC0",buurt/wijk/gemeente,,
BZK Leefbaarometer 2024,LBM3-2024,Leefbaarometer scores 2002-2024,vrz,Leefbaarheid,Dimensie voorzieningen,Zie officiële toelichting in het bronarchief en de Leefbaarometer-methodiek.,modelscore,,2002-2024,"Ministerie van BZK, CC0",buurt/wijk/gemeente,,
BZK Leefbaarometer 2024,LBM3-2024,Leefbaarometer scores 2002-2024,won,Leefbaarheid,Dimensie woningvoorraad,Zie officiële toelichting in het bronarchief en de Leefbaarometer-methodiek.,modelscore,,2002-2024,"Ministerie van BZK, CC0",buurt/wijk/gemeente,,
Vektis Gemeentezorgspiegel Wmo,GZS-WMO-2025,"Wmo-cliënten naar maatwerkarrangement en leeftijd, 2019-2024",wmo_01,Wmo-maatwerkarrangementen,Hulp bij het huishouden - totaal,"Aantal unieke Wmo-cliënten; minder dan 10 niet beschikbaar, overige aantallen afgerond op tientallen.",aantal cliënten,0 (afgerond op tientallen),2019-2024,"Vektis C.V.; eigen berekeningen in CBS-microdata-omgeving, project 3132.",buurt/wijk/gemeente/VNG-ZN-regio/land; CBS-indeling 2024,,
Vektis Gemeentezorgspiegel Wmo,GZS-WMO-2025,"Wmo-cliënten naar maatwerkarrangement en leeftijd, 2019-2024",wmo_02,Wmo-maatwerkarrangementen,Hulpmiddelen en diensten - totaal,"Aantal unieke Wmo-cliënten; minder dan 10 niet beschikbaar, overige aantallen afgerond op tientallen.",aantal cliënten,0 (afgerond op tientallen),2019-2024,"Vektis C.V.; eigen berekeningen in CBS-microdata-omgeving, project 3132.",buurt/wijk/gemeente/VNG-ZN-regio/land; CBS-indeling 2024,,
Vektis Gemeentezorgspiegel Wmo,GZS-WMO-2025,"Wmo-cliënten naar maatwerkarrangement en leeftijd, 2019-2024",wmo_03,Wmo-maatwerkarrangementen,Ondersteuning thuis - begeleiding,"Aantal unieke Wmo-cliënten; minder dan 10 niet beschikbaar, overige aantallen afgerond op tientallen.",aantal cliënten,0 (afgerond op tientallen),2019-2024,"Vektis C.V.; eigen berekeningen in CBS-microdata-omgeving, project 3132.",buurt/wijk/gemeente/VNG-ZN-regio/land; CBS-indeling 2024,,
Vektis Gemeentezorgspiegel Wmo,GZS-WMO-2025,"Wmo-cliënten naar maatwerkarrangement en leeftijd, 2019-2024",wmo_04,Wmo-maatwerkarrangementen,Ondersteuning thuis - dagbesteding,"Aantal unieke Wmo-cliënten; minder dan 10 niet beschikbaar, overige aantallen afgerond op tientallen.",aantal cliënten,0 (afgerond op tientallen),2019-2024,"Vektis C.V.; eigen berekeningen in CBS-microdata-omgeving, project 3132.",buurt/wijk/gemeente/VNG-ZN-regio/land; CBS-indeling 2024,,
Vektis Gemeentezorgspiegel Wmo,GZS-WMO-2025,"Wmo-cliënten naar maatwerkarrangement en leeftijd, 2019-2024",wmo_05,Wmo-maatwerkarrangementen,Ondersteuning thuis - totaal,"Aantal unieke Wmo-cliënten; minder dan 10 niet beschikbaar, overige aantallen afgerond op tientallen.",aantal cliënten,0 (afgerond op tientallen),2019-2024,"Vektis C.V.; eigen berekeningen in CBS-microdata-omgeving, project 3132.",buurt/wijk/gemeente/VNG-ZN-regio/land; CBS-indeling 2024,,
Vektis Gemeentezorgspiegel Wmo,GZS-WMO-2025,"Wmo-cliënten naar maatwerkarrangement en leeftijd, 2019-2024",wmo_06,Wmo-maatwerkarrangementen,Overig - overige maatwerkarrangementen,"Aantal unieke Wmo-cliënten; minder dan 10 niet beschikbaar, overige aantallen afgerond op tientallen.",aantal cliënten,0 (afgerond op tientallen),2019-2024,"Vektis C.V.; eigen berekeningen in CBS-microdata-omgeving, project 3132.",buurt/wijk/gemeente/VNG-ZN-regio/land; CBS-indeling 2024,,
Vektis Gemeentezorgspiegel Wmo,GZS-WMO-2025,"Wmo-cliënten naar maatwerkarrangement en leeftijd, 2019-2024",wmo_07,Wmo-maatwerkarrangementen,Overig - totaal,"Aantal unieke Wmo-cliënten; minder dan 10 niet beschikbaar, overige aantallen afgerond op tientallen.",aantal cliënten,0 (afgerond op tientallen),2019-2024,"Vektis C.V.; eigen berekeningen in CBS-microdata-omgeving, project 3132.",buurt/wijk/gemeente/VNG-ZN-regio/land; CBS-indeling 2024,,
Vektis Gemeentezorgspiegel Wmo,GZS-WMO-2025,"Wmo-cliënten naar maatwerkarrangement en leeftijd, 2019-2024",wmo_08,Wmo-maatwerkarrangementen,Totaal zorgdomein - exclusief verblijf en opvang,"Aantal unieke Wmo-cliënten; minder dan 10 niet beschikbaar, overige aantallen afgerond op tientallen.",aantal cliënten,0 (afgerond op tientallen),2019-2024,"Vektis C.V.; eigen berekeningen in CBS-microdata-omgeving, project 3132.",buurt/wijk/gemeente/VNG-ZN-regio/land; CBS-indeling 2024,,
Vektis Gemeentezorgspiegel Wmo,GZS-WMO-2025,"Wmo-cliënten naar maatwerkarrangement en leeftijd, 2019-2024",wmo_09,Wmo-maatwerkarrangementen,Verblijf en opvang - beschermd wonen,"Aantal unieke Wmo-cliënten; minder dan 10 niet beschikbaar, overige aantallen afgerond op tientallen.",aantal cliënten,0 (afgerond op tientallen),2019-2024,"Vektis C.V.; eigen berekeningen in CBS-microdata-omgeving, project 3132.",buurt/wijk/gemeente/VNG-ZN-regio/land; CBS-indeling 2024,,
Vektis Gemeentezorgspiegel Wmo,GZS-WMO-2025,"Wmo-cliënten naar maatwerkarrangement en leeftijd, 2019-2024",wmo_10,Wmo-maatwerkarrangementen,Verblijf en opvang - totaal,"Aantal unieke Wmo-cliënten; minder dan 10 niet beschikbaar, overige aantallen afgerond op tientallen.",aantal cliënten,0 (afgerond op tientallen),2019-2024,"Vektis C.V.; eigen berekeningen in CBS-microdata-omgeving, project 3132.",buurt/wijk/gemeente/VNG-ZN-regio/land; CBS-indeling 2024,,
Gemeente Amsterdam maatschappelijke voorzieningen,AMS-MV,Voorzieningen op de kaart,amsterdam_maatschappelijke_voorzieningen,Aanbod zorg en welzijn,Voorzieningen op de kaart,"Actuele inventaris van gemeentelijke maatschappelijke voorzieningen met domein, categorie, soort, adres en geometrie.",zie bronvelden,,momentopname download 2026-07-10,Gemeente Amsterdam open data / O&S; opgeslagen bronmoment 2026-07-10.,puntlocatie; koppelbaar aan buurt/wijk/GGW-gebied,,
Gemeente Amsterdam sportvoorzieningen,AMS-SPORT,Sportvoorzieningen,amsterdam_sportvoorzieningen,Bewegen en ontmoeting,Sportvoorzieningen,"GeoJSON-lagen voor aanbieders en sportlocaties, waaronder sporthallen, gymzalen, velden, parken, openbare sportplekken, hardlooproutes en zwembaden.",zie bronvelden,,momentopname download 2026-07-10,Gemeente Amsterdam open data / O&S; opgeslagen bronmoment 2026-07-10.,"punt-, lijn- en vlakgeometrie; koppelbaar aan buurt/wijk/GGW-gebied",,
Gemeente Amsterdam schoolgebouwen,AMS-SCHOOL,Schoolgebouwen en kengetallen,amsterdam_schoolgebouwen,"Jeugd, onderwijs en voorzieningenplanning",Schoolgebouwen en kengetallen,"Gekoppelde tabellen voor accommodaties, instellingen, objecten, gebruik en kengetallen zoals leerlingaantallen, prognoses en ruimtebehoefte.",zie bronvelden,,momentopname download 2026-07-10,Gemeente Amsterdam open data / O&S; opgeslagen bronmoment 2026-07-10.,"adres, stadsdeel en wijk; relaties via accommodatie-, instelling- en object-id",,
Gemeente Amsterdam nieuwbouwplannen,AMS-NB,Woningbouwplannen openbaar,amsterdam_nieuwbouwplannen,Demografische ontwikkeling en toekomstige vraag,Woningbouwplannen openbaar,"Openbare woningbouwplannen met planfase, aantallen woningen, segmenten en gebiedscodes; geschikt als vroegsignaal voor nieuwe vraag naar voorzieningen.",zie bronvelden,,momentopname download 2026-07-10,Gemeente Amsterdam open data / O&S; opgeslagen bronmoment 2026-07-10.,punt-/vlakgeometrie en buurt/wijk/GGW-gebied/stadsdeel,,
Gemeente Amsterdam gebiedsindelingen,AMS-GEBIED,Officiële gebiedsgrenzen,amsterdam_gebieden,Geografische referentie,Officiële gebiedsgrenzen,"Officiële actuele GeoJSON-grenzen van buurten, wijken, stadsdelen en de 25 GGW-gebieden; te gebruiken als leidende kaartindeling in de tool.",zie bronvelden,,momentopname download 2026-07-10,Gemeente Amsterdam open data / O&S; opgeslagen bronmoment 2026-07-10.,buurt/wijk/GGW-gebied/stadsdeel,,
Amsterdam O&S focusgebieden,AMS-OIS-FOCUS,Outcomemonitor focusgebieden,amsterdam_ois_focusgebieden,"Welzijn, inclusie en kansengelijkheid",Outcomemonitor focusgebieden,"Indicatoren en tabellen voor Masterplan Zuidoost, Aanpak Noord en Samen Nieuw-West. Alleen gebruiken als referentie en niet als representatief beeld voor Amsterdam-Oost.",zie bronvelden,,juni 2026 (metingen verschillen per indicator),Gemeente Amsterdam open data / O&S; opgeslagen bronmoment 2026-07-10.,focusgebieden en bijbehorende deelgebieden,,
Amsterdam O&S veiligheidsindex,AMS-OIS-VI,Veiligheidsindex,amsterdam_ois_veiligheidsindex,Veiligheid als welzijnscontext,Veiligheidsindex,Index- en vergelijkingsbestanden met geregistreerde criminaliteit en veiligheidsindicatoren op deelgebiedsniveau. Niet interpreteren als directe gezondheids- of zorgvraag.,zie bronvelden,,2026-1; onderliggende jaren variëren per indicator,Gemeente Amsterdam open data / O&S; opgeslagen bronmoment 2026-07-10.,veiligheidsmonitorgebied/deelgebied,,
