{"type": "FeatureCollection", "features": [{"type": "Feature", "properties": {"code": "BU0363AA01", "name": "Planciusbuurt-Noord"}, "geometry": {"type": "MultiPolygon", "coordinates": [[[[4.88574, 52.38817], [4.88407, 52.38567], [4.88303, 52.386], [4.88323, 52.38624], [4.88448, 52.38838], [4.88574, 52.38817]]]]}}, {"type": "Feature", "properties": {"code": "BU0363AA02", "name": "Westelijke eilanden"}, "geometry": {"type": "MultiPolygon", "coordinates": [[[[4.89018, 52.38239], [4.89015, 52.38236], [4.88392, 52.38551], [4.88407, 52.38567], [4.88574, 52.38817], [4.89101, 52.38844], [4.89018, 52.38239]]]]}}, {"type": "Feature", "properties": {"code": "BU0363AA03", "name": "Westerdokseiland"}, "geometry": {"type": "MultiPolygon", "coordinates": [[[[4.89624, 52.38565], [4.89877, 52.38297], [4.8958, 52.38014], [4.89018, 52.38239], [4.89101, 52.38844], [4.89508, 52.38869], [4.89624, 52.38565]]]]}}, {"type": "Feature", "properties": {"code": "BU0363AA04", "name": "Planciusbuurt-Zuid"}, "geometry": {"type": "MultiPolygon", "coordinates": [[[[4.88407, 52.38567], [4.88392, 52.38551], [4.8826, 52.38389], [4.88166, 52.38418], [4.88258, 52.38546], [4.88303, 52.386], [4.88407, 52.38567]]]]}}, {"type": "Feature", "properties": {"code": "BU0363AA05", "name": "Haarlemmerbuurt-West"}, "geometry": {"type": "MultiPolygon", "coordinates": [[[[4.89015, 52.38236], [4.88843, 52.38052], [4.88806, 52.38073], [4.88296, 52.38365], [4.8826, 52.38389], [4.88392, 52.38551], [4.89015, 52.38236]]]]}}, {"type": "Feature", "properties": {"code": "BU0363AA06", "name": "Haarlemmerbuurt-Oost"}, "geometry": {"type": "MultiPolygon", "coordinates": [[[[4.8958, 52.38014], [4.89546, 52.37985], [4.894, 52.37877], [4.88843, 52.38052], [4.89015, 52.38236], [4.89018, 52.38239], [4.8958, 52.38014]]]]}}, {"type": "Feature", "properties": {"code": "BU0363AB01", "name": "Marnixbuurt-Noord"}, "geometry": {"type": "MultiPolygon", "coordinates": [[[[4.8826, 52.38389], [4.88296, 52.38365], [4.88036, 52.37958], [4.87918, 52.3777], [4.87816, 52.3785], [4.87963, 52.38193], [4.88166, 52.38418], [4.8826, 52.38389]]]]}}, {"type": "Feature", "properties": {"code": "BU0363AB02", "name": "Driehoekbuurt"}, "geometry": {"type": "MultiPolygon", "coordinates": [[[[4.88806, 52.38073], [4.88036, 52.37958], [4.88296, 52.38365], [4.88806, 52.38073]]]]}}, {"type": "Feature", "properties": {"code": "BU0363AB03", "name": "Anjeliersbuurt-Noord"}, "geometry": {"type": "MultiPolygon", "coordinates": [[[[4.88843, 52.38052], [4.88712, 52.37909], [4.87918, 52.3777], [4.88036, 52.37958], [4.88806, 52.38073], [4.88843, 52.38052]]]]}}, {"type": "Feature", "properties": {"code": "BU0363AB04", "name": "Zaagpoortbuurt"}, "geometry": {"type": "MultiPolygon", "coordinates": [[[[4.87918, 52.3777], [4.8776, 52.3752], [4.87692, 52.37396], [4.87551, 52.37408], [4.87659, 52.37549], [4.87816, 52.3785], [4.87918, 52.3777]]]]}}, {"type": "Feature", "properties": {"code": "BU0363AB05", "name": "Anjeliersbuurt-Zuid"}, "geometry": {"type": "MultiPolygon", "coordinates": [[[[4.8862, 52.37809], [4.88477, 52.37653], [4.8776, 52.3752], [4.87918, 52.3777], [4.88712, 52.37909], [4.8862, 52.37809]]]]}}, {"type": "Feature", "properties": {"code": "BU0363AB06", "name": "Marnixbuurt-Midden"}, "geometry": {"type": "MultiPolygon", "coordinates": [[[[4.87692, 52.37396], [4.87631, 52.37231], [4.8745, 52.37189], [4.87548, 52.37341], [4.87551, 52.37408], [4.87692, 52.37396]]]]}}, {"type": "Feature", "properties": {"code": "BU0363AB07", "name": "Bloemgrachtbuurt"}, "geometry": {"type": "MultiPolygon", "coordinates": [[[[4.88477, 52.37653], [4.88306, 52.37399], [4.87631, 52.37231], [4.87692, 52.37396], [4.8776, 52.3752], [4.88477, 52.37653]]]]}}, {"type": "Feature", "properties": {"code": "BU0363AB08", "name": "Groenmarktkadebuurt"}, "geometry": {"type": "MultiPolygon", "coordinates": [[[[4.87829, 52.36885], [4.8768, 52.3685], [4.8745, 52.37189], [4.87631, 52.37231], [4.87829, 52.36885]]]]}}, {"type": "Feature", "properties": {"code": "BU0363AB09", "name": "Marnixbuurt-Zuid"}, "geometry": {"type": "MultiPolygon", "coordinates": [[[[4.87907, 52.36774], [4.88091, 52.36549], [4.88071, 52.36543], [4.87922, 52.36492], [4.87751, 52.36677], [4.8768, 52.3685], [4.87829, 52.36885], [4.87907, 52.36774]]]]}}, {"type": "Feature", "properties": {"code": "BU0363AB10", "name": "Elandsgrachtbuurt"}, "geometry": {"type": "MultiPolygon", "coordinates": [[[[4.88261, 52.36893], [4.8826, 52.36875], [4.87907, 52.36774], [4.87829, 52.36885], [4.87631, 52.37231], [4.88306, 52.37399], [4.88261, 52.36893]]]]}}, {"type": "Feature", "properties": {"code": "BU0363AB11", "name": "Passeerdersgrachtbuurt"}, "geometry": {"type": "MultiPolygon", "coordinates": [[[[4.8826, 52.36875], [4.88279, 52.36618], [4.88091, 52.36549], [4.87907, 52.36774], [4.8826, 52.36875]]]]}}, {"type": "Feature", "properties": {"code": "BU0363AC01", "name": "Langestraat e.o."}, "geometry": {"type": "MultiPolygon", "coordinates": [[[[4.894, 52.37877], [4.89208, 52.37703], [4.89131, 52.37632], [4.8862, 52.37809], [4.88712, 52.37909], [4.88843, 52.38052], [4.894, 52.37877]]]]}}, {"type": "Feature", "properties": {"code": "BU0363AC02", "name": "Leliegracht e.o."}, "geometry": {"type": "MultiPolygon", "coordinates": [[[[4.89131, 52.37632], [4.88885, 52.37326], [4.88306, 52.37399], [4.88477, 52.37653], [4.8862, 52.37809], [4.89131, 52.37632]]]]}}, {"type": "Feature", "properties": {"code": "BU0363AC03", "name": "Felix Meritisbuurt"}, "geometry": {"type": "MultiPolygon", "coordinates": [[[[4.88885, 52.37326], [4.88783, 52.36876], [4.88261, 52.36893], [4.88306, 52.37399], [4.88885, 52.37326]]]]}}, {"type": "Feature", "properties": {"code": "BU0363AC04", "name": "Leidsegracht-Noord"}, "geometry": {"type": "MultiPolygon", "coordinates": [[[[4.88783, 52.36876], [4.88805, 52.3685], [4.88279, 52.36618], [4.8826, 52.36875], [4.88261, 52.36893], [4.88783, 52.36876]]]]}}, {"type": "Feature", "properties": {"code": "BU0363AD01", "name": "Stationsplein e.o."}, "geometry": {"type": "MultiPolygon", "coordinates": [[[[4.90005, 52.38215], [4.90209, 52.38119], [4.9064, 52.38004], [4.90325, 52.37659], [4.89969, 52.3773], [4.89771, 52.37868], [4.89546, 52.37985], [4.8958, 52.38014], [4.89877, 52.38297], [4.90005, 52.38215]]]]}}, {"type": "Feature", "properties": {"code": "BU0363AD02", "name": "Hemelrijk"}, "geometry": {"type": "MultiPolygon", "coordinates": [[[[4.89771, 52.37868], [4.89419, 52.37661], [4.89208, 52.37703], [4.894, 52.37877], [4.89546, 52.37985], [4.89771, 52.37868]]]]}}, {"type": "Feature", "properties": {"code": "BU0363AD03", "name": "Nieuwendijk-Noord"}, "geometry": {"type": "MultiPolygon", "coordinates": [[[[4.89969, 52.3773], [4.89707, 52.3755], [4.89647, 52.37576], [4.89358, 52.37622], [4.89419, 52.37661], [4.89771, 52.37868], [4.89969, 52.3773]]]]}}, {"type": "Feature", "properties": {"code": "BU0363AD04", "name": "Spuistraat-Noord"}, "geometry": {"type": "MultiPolygon", "coordinates": [[[[4.89419, 52.37661], [4.89358, 52.37622], [4.89058, 52.37317], [4.88885, 52.37326], [4.89131, 52.37632], [4.89208, 52.37703], [4.89419, 52.37661]]]]}}, {"type": "Feature", "properties": {"code": "BU0363AD05", "name": "Nieuwe Kerk e.o."}, "geometry": {"type": "MultiPolygon", "coordinates": [[[[4.89647, 52.37576], [4.893, 52.37271], [4.89297, 52.37271], [4.8906, 52.37264], [4.89058, 52.37317], [4.89358, 52.37622], [4.89647, 52.37576]]]]}}, {"type": "Feature", "properties": {"code": "BU0363AD06", "name": "Spuistraat-Zuid"}, "geometry": {"type": "MultiPolygon", "coordinates": [[[[4.89058, 52.37317], [4.8906, 52.37264], [4.88918, 52.3687], [4.88853, 52.36813], [4.88805, 52.3685], [4.88783, 52.36876], [4.88885, 52.37326], [4.89058, 52.37317]]]]}}, {"type": "Feature", "properties": {"code": "BU0363AD07", "name": "Begijnhofbuurt"}, "geometry": {"type": "MultiPolygon", "coordinates": [[[[4.89297, 52.37271], [4.89201, 52.36905], [4.88918, 52.3687], [4.8906, 52.37264], [4.89297, 52.37271]]]]}}, {"type": "Feature", "properties": {"code": "BU0363AD08", "name": "Kalverdriehoek"}, "geometry": {"type": "MultiPolygon", "coordinates": [[[[4.89414, 52.36729], [4.89346, 52.36704], [4.88963, 52.36728], [4.88853, 52.36813], [4.88918, 52.3687], [4.89201, 52.36905], [4.89239, 52.36908], [4.89414, 52.36729]]]]}}, {"type": "Feature", "properties": {"code": "BU0363AE01", "name": "Kop Zeedijk"}, "geometry": {"type": "MultiPolygon", "coordinates": [[[[4.90325, 52.37659], [4.90126, 52.37417], [4.8994, 52.37475], [4.89707, 52.3755], [4.89969, 52.3773], [4.90325, 52.37659]]]]}}, {"type": "Feature", "properties": {"code": "BU0363AE02", "name": "Oude Kerk e.o."}, "geometry": {"type": "MultiPolygon", "coordinates": [[[[4.89707, 52.3755], [4.8994, 52.37475], [4.89587, 52.37186], [4.893, 52.37271], [4.89647, 52.37576], [4.89707, 52.3755]]]]}}, {"type": "Feature", "properties": {"code": "BU0363AE03", "name": "Burgwallen-Oost"}, "geometry": {"type": "MultiPolygon", "coordinates": [[[[4.90126, 52.37417], [4.90093, 52.37349], [4.89985, 52.37222], [4.89875, 52.37099], [4.89587, 52.37186], [4.8994, 52.37475], [4.90126, 52.37417]]]]}}, {"type": "Feature", "properties": {"code": "BU0363AE04", "name": "Nes e.o."}, "geometry": {"type": "MultiPolygon", "coordinates": [[[[4.893, 52.37271], [4.89587, 52.37186], [4.89426, 52.36923], [4.89239, 52.36908], [4.89201, 52.36905], [4.89297, 52.37271], [4.893, 52.37271]]]]}}, {"type": "Feature", "properties": {"code": "BU0363AE05", "name": "BG-terrein e.o."}, "geometry": {"type": "MultiPolygon", "coordinates": [[[[4.89875, 52.37099], [4.89526, 52.36737], [4.89414, 52.36729], [4.89239, 52.36908], [4.89426, 52.36923], [4.89587, 52.37186], [4.89875, 52.37099]]]]}}, {"type": "Feature", "properties": {"code": "BU0363AF01", "name": "Oosterdokseiland"}, "geometry": {"type": "MultiPolygon", "coordinates": [[[[4.91059, 52.37991], [4.91115, 52.37764], [4.91137, 52.37494], [4.90957, 52.37397], [4.90428, 52.37622], [4.90325, 52.37659], [4.9064, 52.38004], [4.91059, 52.37991]]]]}}, {"type": "Feature", "properties": {"code": "BU0363AF02", "name": "Lastage"}, "geometry": {"type": "MultiPolygon", "coordinates": [[[[4.90428, 52.37622], [4.90317, 52.37417], [4.90636, 52.37208], [4.90481, 52.37141], [4.90093, 52.37349], [4.90126, 52.37417], [4.90325, 52.37659], [4.90428, 52.37622]]]]}}, {"type": "Feature", "properties": {"code": "BU0363AF03", "name": "Scheepvaarthuisbuurt"}, "geometry": {"type": "MultiPolygon", "coordinates": [[[[4.90957, 52.37397], [4.90636, 52.37208], [4.90317, 52.37417], [4.90428, 52.37622], [4.90957, 52.37397]]]]}}, {"type": "Feature", "properties": {"code": "BU0363AF04", "name": "Rapenburg"}, "geometry": {"type": "MultiPolygon", "coordinates": [[[[4.91306, 52.37452], [4.91341, 52.37147], [4.91112, 52.36997], [4.90915, 52.37038], [4.90636, 52.37208], [4.90957, 52.37397], [4.91137, 52.37494], [4.91272, 52.37506], [4.91306, 52.37452]]]]}}, {"type": "Feature", "properties": {"code": "BU0363AF05", "name": "Nieuwmarkt"}, "geometry": {"type": "MultiPolygon", "coordinates": [[[[4.90481, 52.37141], [4.90111, 52.36962], [4.89985, 52.37222], [4.90093, 52.37349], [4.90481, 52.37141]]]]}}, {"type": "Feature", "properties": {"code": "BU0363AF06", "name": "Uilenburg"}, "geometry": {"type": "MultiPolygon", "coordinates": [[[[4.90915, 52.37038], [4.90396, 52.36845], [4.90111, 52.36962], [4.90481, 52.37141], [4.90636, 52.37208], [4.90915, 52.37038]]]]}}, {"type": "Feature", "properties": {"code": "BU0363AF07", "name": "Valkenburg"}, "geometry": {"type": "MultiPolygon", "coordinates": [[[[4.91112, 52.36997], [4.91068, 52.3697], [4.9071, 52.36734], [4.90396, 52.36845], [4.90915, 52.37038], [4.91112, 52.36997]]]]}}, {"type": "Feature", "properties": {"code": "BU0363AF08", "name": "Zuiderkerkbuurt"}, "geometry": {"type": "MultiPolygon", "coordinates": [[[[4.90111, 52.36962], [4.89824, 52.36732], [4.89526, 52.36737], [4.89875, 52.37099], [4.89985, 52.37222], [4.90111, 52.36962]]]]}}, {"type": "Feature", "properties": {"code": "BU0363AF09", "name": "Waterloopleinbuurt"}, "geometry": {"type": "MultiPolygon", "coordinates": [[[[4.90396, 52.36845], [4.9071, 52.36734], [4.90611, 52.36676], [4.90121, 52.36578], [4.89824, 52.36732], [4.90111, 52.36962], [4.90396, 52.36845]]]]}}, {"type": "Feature", "properties": {"code": "BU0363AG01", "name": "Leidsegracht-Zuid"}, "geometry": {"type": "MultiPolygon", "coordinates": [[[[4.88853, 52.36813], [4.88963, 52.36728], [4.88826, 52.36678], [4.88446, 52.36502], [4.88279, 52.36618], [4.88805, 52.3685], [4.88853, 52.36813]]]]}}, {"type": "Feature", "properties": {"code": "BU0363AG02", "name": "Geelvinckbuurt"}, "geometry": {"type": "MultiPolygon", "coordinates": [[[[4.89346, 52.36704], [4.89281, 52.36518], [4.89052, 52.3655], [4.88826, 52.36678], [4.88963, 52.36728], [4.89346, 52.36704]]]]}}, {"type": "Feature", "properties": {"code": "BU0363AG03", "name": "Rembrandtplein e.o."}, "geometry": {"type": "MultiPolygon", "coordinates": [[[[4.89824, 52.36732], [4.90121, 52.36578], [4.89587, 52.36475], [4.89281, 52.36518], [4.89346, 52.36704], [4.89414, 52.36729], [4.89526, 52.36737], [4.89824, 52.36732]]]]}}, {"type": "Feature", "properties": {"code": "BU0363AG04", "name": "Spiegelbuurt"}, "geometry": {"type": "MultiPolygon", "coordinates": [[[[4.89052, 52.3655], [4.88803, 52.36269], [4.88787, 52.36277], [4.88446, 52.36502], [4.88826, 52.36678], [4.89052, 52.3655]]]]}}, {"type": "Feature", "properties": {"code": "BU0363AG05", "name": "Vijzelstraatbuurt"}, "geometry": {"type": "MultiPolygon", "coordinates": [[[[4.89281, 52.36518], [4.89587, 52.36475], [4.89608, 52.36162], [4.88803, 52.36269], [4.89052, 52.3655], [4.89281, 52.36518]]]]}}, {"type": "Feature", "properties": {"code": "BU0363AG06", "name": "Amstelveldbuurt"}, "geometry": {"type": "MultiPolygon", "coordinates": [[[[4.90276, 52.3628], [4.89608, 52.36162], [4.89587, 52.36475], [4.90121, 52.36578], [4.90276, 52.3628]]]]}}, {"type": "Feature", "properties": {"code": "BU0363AH01", "name": "Leidsebuurt-Noordwest"}, "geometry": {"type": "MultiPolygon", "coordinates": [[[[4.88446, 52.36502], [4.88297, 52.36424], [4.88071, 52.36543], [4.88091, 52.36549], [4.88279, 52.36618], [4.88446, 52.36502]]]]}}, {"type": "Feature", "properties": {"code": "BU0363AH02", "name": "Leidsebuurt-Noordoost"}, "geometry": {"type": "MultiPolygon", "coordinates": [[[[4.88787, 52.36277], [4.88682, 52.36161], [4.88258, 52.3639], [4.88297, 52.36424], [4.88446, 52.36502], [4.88787, 52.36277]]]]}}, {"type": "Feature", "properties": {"code": "BU0363AH03", "name": "Weteringbuurt"}, "geometry": {"type": "MultiPolygon", "coordinates": [[[[4.88803, 52.36269], [4.89608, 52.36162], [4.89617, 52.36025], [4.89618, 52.35969], [4.89001, 52.36009], [4.88698, 52.36154], [4.88682, 52.36161], [4.88787, 52.36277], [4.88803, 52.36269]]]]}}, {"type": "Feature", "properties": {"code": "BU0363AH04", "name": "Utrechtsebuurt-Zuid"}, "geometry": {"type": "MultiPolygon", "coordinates": [[[[4.90334, 52.36165], [4.89617, 52.36025], [4.89608, 52.36162], [4.90276, 52.3628], [4.90334, 52.36165]]]]}}, {"type": "Feature", "properties": {"code": "BU0363AH05", "name": "Leidsebuurt-Zuidwest"}, "geometry": {"type": "MultiPolygon", "coordinates": [[[[4.88297, 52.36424], [4.88258, 52.3639], [4.88123, 52.36327], [4.87931, 52.36434], [4.87922, 52.36492], [4.88071, 52.36543], [4.88297, 52.36424]]]]}}, {"type": "Feature", "properties": {"code": "BU0363AH06", "name": "Leidsebuurt-Zuidoost"}, "geometry": {"type": "MultiPolygon", "coordinates": [[[[4.88682, 52.36161], [4.88698, 52.36154], [4.88629, 52.36078], [4.88538, 52.36123], [4.88239, 52.36196], [4.88209, 52.36205], [4.88123, 52.36327], [4.88258, 52.3639], [4.88682, 52.36161]]]]}}, {"type": "Feature", "properties": {"code": "BU0363AH07", "name": "Den Texbuurt"}, "geometry": {"type": "MultiPolygon", "coordinates": [[[[4.89001, 52.36009], [4.89618, 52.35969], [4.89617, 52.35805], [4.89087, 52.35837], [4.88738, 52.36023], [4.88629, 52.36078], [4.88698, 52.36154], [4.89001, 52.36009]]]]}}, {"type": "Feature", "properties": {"code": "BU0363AH08", "name": "Frederikspleinbuurt"}, "geometry": {"type": "MultiPolygon", "coordinates": [[[[4.90341, 52.36153], [4.90463, 52.35921], [4.89924, 52.3581], [4.89825, 52.35795], [4.89617, 52.35805], [4.89618, 52.35969], [4.89617, 52.36025], [4.90334, 52.36165], [4.90341, 52.36153]]]]}}, {"type": "Feature", "properties": {"code": "BU0363AJ01", "name": "Weesperbuurt"}, "geometry": {"type": "MultiPolygon", "coordinates": [[[[4.91438, 52.36394], [4.90341, 52.36153], [4.90334, 52.36165], [4.90276, 52.3628], [4.90121, 52.36578], [4.90611, 52.36676], [4.91438, 52.36394]]]]}}, {"type": "Feature", "properties": {"code": "BU0363AJ02", "name": "Plantage"}, "geometry": {"type": "MultiPolygon", "coordinates": [[[[4.92162, 52.36557], [4.92055, 52.36482], [4.91677, 52.36342], [4.91438, 52.36394], [4.90611, 52.36676], [4.9071, 52.36734], [4.91068, 52.3697], [4.92162, 52.36557]]]]}}, {"type": "Feature", "properties": {"code": "BU0363AJ03", "name": "Sarphatistrook"}, "geometry": {"type": "MultiPolygon", "coordinates": [[[[4.91677, 52.36342], [4.91748, 52.36213], [4.91507, 52.36179], [4.90832, 52.36059], [4.90463, 52.35921], [4.90341, 52.36153], [4.91438, 52.36394], [4.91677, 52.36342]]]]}}, {"type": "Feature", "properties": {"code": "BU0363AJ04", "name": "Alexanderplein e.o."}, "geometry": {"type": "MultiPolygon", "coordinates": [[[[4.92231, 52.36376], [4.91748, 52.36213], [4.91677, 52.36342], [4.92055, 52.36482], [4.92231, 52.36376]]]]}}, {"type": "Feature", "properties": {"code": "BU0363AK01", "name": "Marine-Etablissement"}, "geometry": {"type": "MultiPolygon", "coordinates": [[[[4.91115, 52.37764], [4.91355, 52.37677], [4.92141, 52.3756], [4.92087, 52.3741], [4.91445, 52.37091], [4.91341, 52.37147], [4.91306, 52.37452], [4.91272, 52.37506], [4.91137, 52.37494], [4.91115, 52.37764]]]]}}, {"type": "Feature", "properties": {"code": "BU0363AK02", "name": "Kattenburg"}, "geometry": {"type": "MultiPolygon", "coordinates": [[[[4.92493, 52.3748], [4.91701, 52.36992], [4.91445, 52.37091], [4.92087, 52.3741], [4.92141, 52.3756], [4.92493, 52.3748]]]]}}, {"type": "Feature", "properties": {"code": "BU0363AK03", "name": "Wittenburg"}, "geometry": {"type": "MultiPolygon", "coordinates": [[[[4.92769, 52.37391], [4.9279, 52.37385], [4.92019, 52.36875], [4.91701, 52.36992], [4.92493, 52.3748], [4.92769, 52.37391]]]]}}, {"type": "Feature", "properties": {"code": "BU0363AK04", "name": "Oostenburg"}, "geometry": {"type": "MultiPolygon", "coordinates": [[[[4.93197, 52.37216], [4.92429, 52.36744], [4.92019, 52.36875], [4.9279, 52.37385], [4.93197, 52.37216]]]]}}, {"type": "Feature", "properties": {"code": "BU0363AK05", "name": "Czaar Peterbuurt"}, "geometry": {"type": "MultiPolygon", "coordinates": [[[[4.93294, 52.37055], [4.9267, 52.3671], [4.92529, 52.36722], [4.92429, 52.36744], [4.93197, 52.37216], [4.93294, 52.37055]]]]}}, {"type": "Feature", "properties": {"code": "BU0363AK06", "name": "Het Funen"}, "geometry": {"type": "MultiPolygon", "coordinates": [[[[4.93294, 52.37055], [4.93198, 52.36723], [4.93158, 52.36657], [4.92713, 52.36646], [4.9267, 52.3671], [4.93294, 52.37055]]]]}}, {"type": "Feature", "properties": {"code": "BU0363AK07", "name": "Kadijken"}, "geometry": {"type": "MultiPolygon", "coordinates": [[[[4.91445, 52.37091], [4.91701, 52.36992], [4.92019, 52.36875], [4.92429, 52.36744], [4.92529, 52.36722], [4.92162, 52.36557], [4.91068, 52.3697], [4.91112, 52.36997], [4.91341, 52.37147], [4.91445, 52.37091]]]]}}, {"type": "Feature", "properties": {"code": "BU0363AK08", "name": "Kazernebuurt"}, "geometry": {"type": "MultiPolygon", "coordinates": [[[[4.9267, 52.3671], [4.92713, 52.36646], [4.92231, 52.36376], [4.92055, 52.36482], [4.92162, 52.36557], [4.92529, 52.36722], [4.9267, 52.3671]]]]}}, {"type": "Feature", "properties": {"code": "BU0363BA01", "name": "Afrikahaven"}, "geometry": {"type": "MultiPolygon", "coordinates": [[[[4.75008, 52.42964], [4.7532, 52.42924], [4.75251, 52.42723], [4.76027, 52.40118], [4.75981, 52.40021], [4.75936, 52.39891], [4.75828, 52.3992], [4.75748, 52.39688], [4.72876, 52.40071], [4.73857, 52.42922], [4.73921, 52.43106], [4.75008, 52.42964]]]]}}, {"type": "Feature", "properties": {"code": "BU0363BA02", "name": "Amerikahaven"}, "geometry": {"type": "MultiPolygon", "coordinates": [[[[4.76476, 52.42778], [4.76754, 52.4285], [4.78348, 52.42641], [4.80994, 52.42302], [4.80405, 52.41171], [4.80246, 52.40183], [4.80138, 52.39973], [4.79914, 52.40028], [4.79271, 52.39914], [4.775, 52.39912], [4.77298, 52.39482], [4.77063, 52.39737], [4.77124, 52.39839], [4.75981, 52.40021], [4.76027, 52.40118], [4.75251, 52.42723], [4.7532, 52.42924], [4.76476, 52.42778]]]]}}, {"type": "Feature", "properties": {"code": "BU0363BA03", "name": "Westhaven-Noord"}, "geometry": {"type": "MultiPolygon", "coordinates": [[[[4.82661, 52.42092], [4.82772, 52.42078], [4.82573, 52.41512], [4.82628, 52.41289], [4.8294, 52.41015], [4.83892, 52.40595], [4.8364, 52.40367], [4.83613, 52.39543], [4.83566, 52.39378], [4.82909, 52.39377], [4.82893, 52.39489], [4.80965, 52.3948], [4.80598, 52.39444], [4.80138, 52.39973], [4.80246, 52.40183], [4.80405, 52.41171], [4.80994, 52.42302], [4.82661, 52.42092]]]]}}, {"type": "Feature", "properties": {"code": "BU0363BA04", "name": "Petroleumhaven"}, "geometry": {"type": "MultiPolygon", "coordinates": [[[[4.84264, 52.4188], [4.85608, 52.41666], [4.85571, 52.41632], [4.86362, 52.4139], [4.85556, 52.40628], [4.84934, 52.40111], [4.83892, 52.40595], [4.8294, 52.41015], [4.82628, 52.41289], [4.82573, 52.41512], [4.82772, 52.42078], [4.84264, 52.4188]]]]}}, {"type": "Feature", "properties": {"code": "BU0363BA05", "name": "Vervoerscentrum"}, "geometry": {"type": "MultiPolygon", "coordinates": [[[[4.84934, 52.40111], [4.84582, 52.39802], [4.84431, 52.3953], [4.84066, 52.39421], [4.84176, 52.39508], [4.83885, 52.39617], [4.83789, 52.39543], [4.83613, 52.39543], [4.8364, 52.40367], [4.83892, 52.40595], [4.84934, 52.40111]]]]}}, {"type": "Feature", "properties": {"code": "BU0363BA06", "name": "Westhaven-Zuid"}, "geometry": {"type": "MultiPolygon", "coordinates": [[[[4.82893, 52.39489], [4.82909, 52.39377], [4.83566, 52.39378], [4.83386, 52.39194], [4.81878, 52.39189], [4.81435, 52.39231], [4.80965, 52.3948], [4.82893, 52.39489]]]]}}, {"type": "Feature", "properties": {"code": "BU0363BB01", "name": "Coenhaven"}, "geometry": {"type": "MultiPolygon", "coordinates": [[[[4.87343, 52.40838], [4.87777, 52.40525], [4.86938, 52.40119], [4.86821, 52.40063], [4.85556, 52.40628], [4.86362, 52.4139], [4.87343, 52.40838]]]]}}, {"type": "Feature", "properties": {"code": "BU0363BB02", "name": "Vlothaven"}, "geometry": {"type": "MultiPolygon", "coordinates": [[[[4.86821, 52.40063], [4.8594, 52.39637], [4.85508, 52.3983], [4.84934, 52.40111], [4.85556, 52.40628], [4.86821, 52.40063]]]]}}, {"type": "Feature", "properties": {"code": "BU0363BB03", "name": "Minervahaven-Noordoost"}, "geometry": {"type": "MultiPolygon", "coordinates": [[[[4.8827, 52.4017], [4.88338, 52.4012], [4.87779, 52.39831], [4.87189, 52.39683], [4.86938, 52.40119], [4.87777, 52.40525], [4.8827, 52.4017]]]]}}, {"type": "Feature", "properties": {"code": "BU0363BB04", "name": "Minervahaven-Noordwest"}, "geometry": {"type": "MultiPolygon", "coordinates": [[[[4.87189, 52.39683], [4.86568, 52.39375], [4.8594, 52.39637], [4.86821, 52.40063], [4.86938, 52.40119], [4.87189, 52.39683]]]]}}, {"type": "Feature", "properties": {"code": "BU0363BB05", "name": "Minervahaven-Zuidwest"}, "geometry": {"type": "MultiPolygon", "coordinates": [[[[4.87517, 52.39456], [4.87281, 52.39477], [4.86721, 52.39334], [4.86601, 52.39361], [4.86568, 52.39375], [4.87189, 52.39683], [4.87517, 52.39456]]]]}}, {"type": "Feature", "properties": {"code": "BU0363BB06", "name": "Minervahaven-Zuidoost"}, "geometry": {"type": "MultiPolygon", "coordinates": [[[[4.88585, 52.39938], [4.87657, 52.39461], [4.87517, 52.39456], [4.87189, 52.39683], [4.87779, 52.39831], [4.88338, 52.4012], [4.88585, 52.39938]]]]}}, {"type": "Feature", "properties": {"code": "BU0363BB07", "name": "Alfa-driehoek"}, "geometry": {"type": "MultiPolygon", "coordinates": [[[[4.85508, 52.3983], [4.8552, 52.39551], [4.84431, 52.3953], [4.84582, 52.39802], [4.84934, 52.40111], [4.85508, 52.3983]]]]}}, {"type": "Feature", "properties": {"code": "BU0363BB08", "name": "Hemknoop-Noord"}, "geometry": {"type": "MultiPolygon", "coordinates": [[[[4.8594, 52.39637], [4.86568, 52.39375], [4.86601, 52.39361], [4.86554, 52.39315], [4.86422, 52.39287], [4.86095, 52.39478], [4.8569, 52.3954], [4.8552, 52.39551], [4.85508, 52.3983], [4.8594, 52.39637]]]]}}, {"type": "Feature", "properties": {"code": "BU0363EA01", "name": "Isolatorbuurt"}, "geometry": {"type": "MultiPolygon", "coordinates": [[[[4.8552, 52.39551], [4.8569, 52.3954], [4.85749, 52.39218], [4.84421, 52.39181], [4.84431, 52.3953], [4.8552, 52.39551]]]]}}, {"type": "Feature", "properties": {"code": "BU0363EA02", "name": "Contactbuurt"}, "geometry": {"type": "MultiPolygon", "coordinates": [[[[4.85916, 52.38893], [4.84468, 52.38892], [4.84421, 52.39181], [4.85749, 52.39218], [4.85916, 52.38893]]]]}}, {"type": "Feature", "properties": {"code": "BU0363EA03", "name": "Woon- en Groengebied Sloterdijk"}, "geometry": {"type": "MultiPolygon", "coordinates": [[[[4.85916, 52.38893], [4.86496, 52.38897], [4.86491, 52.38806], [4.86318, 52.38803], [4.86396, 52.38611], [4.8642, 52.38545], [4.86067, 52.38539], [4.85667, 52.38532], [4.8475, 52.38516], [4.84481, 52.38511], [4.84468, 52.38892], [4.85916, 52.38893]]]]}}, {"type": "Feature", "properties": {"code": "BU0363EB01", "name": "Hemknoop-Zuid"}, "geometry": {"type": "MultiPolygon", "coordinates": [[[[4.86095, 52.39478], [4.86422, 52.39287], [4.86413, 52.39285], [4.85749, 52.39218], [4.8569, 52.3954], [4.86095, 52.39478]]]]}}, {"type": "Feature", "properties": {"code": "BU0363EB02", "name": "Overbraker Binnenpolder"}, "geometry": {"type": "MultiPolygon", "coordinates": [[[[4.86822, 52.38987], [4.87213, 52.38835], [4.86396, 52.38611], [4.86318, 52.38803], [4.86491, 52.38806], [4.86496, 52.38897], [4.85916, 52.38893], [4.85749, 52.39218], [4.86413, 52.39285], [4.86822, 52.38987]]]]}}, {"type": "Feature", "properties": {"code": "BU0363EB03", "name": "Zaanstraat emplacement"}, "geometry": {"type": "MultiPolygon", "coordinates": [[[[4.86631, 52.39312], [4.8726, 52.39043], [4.87454, 52.38956], [4.87876, 52.38771], [4.87782, 52.38731], [4.87213, 52.38835], [4.86822, 52.38987], [4.86413, 52.39285], [4.86422, 52.39287], [4.86554, 52.39315], [4.86631, 52.39312]]]]}}, {"type": "Feature", "properties": {"code": "BU0363EB04", "name": "Spaarndammerbuurt-Noordwest"}, "geometry": {"type": "MultiPolygon", "coordinates": [[[[4.87631, 52.39281], [4.87746, 52.39222], [4.8726, 52.39043], [4.86631, 52.39312], [4.87631, 52.39281]]]]}}, {"type": "Feature", "properties": {"code": "BU0363EB05", "name": "Spaarndammerbuurt-Midden"}, "geometry": {"type": "MultiPolygon", "coordinates": [[[[4.8782, 52.39166], [4.87836, 52.39071], [4.87454, 52.38956], [4.8726, 52.39043], [4.87746, 52.39222], [4.8782, 52.39166]]]]}}, {"type": "Feature", "properties": {"code": "BU0363EB06", "name": "Spaarndammerbuurt-Zuidwest"}, "geometry": {"type": "MultiPolygon", "coordinates": [[[[4.8797, 52.38903], [4.88151, 52.38679], [4.87876, 52.38771], [4.87454, 52.38956], [4.87836, 52.39071], [4.8797, 52.38903]]]]}}, {"type": "Feature", "properties": {"code": "BU0363EB07", "name": "Spaarndammerbuurt-Noordoost"}, "geometry": {"type": "MultiPolygon", "coordinates": [[[[4.88552, 52.39047], [4.88448, 52.38838], [4.8797, 52.38903], [4.87836, 52.39071], [4.8782, 52.39166], [4.88552, 52.39047]]]]}}, {"type": "Feature", "properties": {"code": "BU0363EB08", "name": "Zeeheldenbuurt"}, "geometry": {"type": "MultiPolygon", "coordinates": [[[[4.89136, 52.39003], [4.89193, 52.38909], [4.89101, 52.38844], [4.88574, 52.38817], [4.88448, 52.38838], [4.88552, 52.39047], [4.88566, 52.39076], [4.89136, 52.39003]]]]}}, {"type": "Feature", "properties": {"code": "BU0363EB09", "name": "Westergasfabriek"}, "geometry": {"type": "MultiPolygon", "coordinates": [[[[4.87782, 52.38731], [4.87876, 52.38771], [4.88151, 52.38679], [4.88323, 52.38624], [4.88303, 52.386], [4.88258, 52.38546], [4.88124, 52.38571], [4.87499, 52.38564], [4.87149, 52.38558], [4.86941, 52.38554], [4.86687, 52.3855], [4.8642, 52.38545], [4.86396, 52.38611], [4.87213, 52.38835], [4.87782, 52.38731]]]]}}, {"type": "Feature", "properties": {"code": "BU0363EB10", "name": "Spaarndammerbuurt-Zuidoost"}, "geometry": {"type": "MultiPolygon", "coordinates": [[[[4.88448, 52.38838], [4.88323, 52.38624], [4.88151, 52.38679], [4.8797, 52.38903], [4.88448, 52.38838]]]]}}, {"type": "Feature", "properties": {"code": "BU0363EC01", "name": "Houthavens-West"}, "geometry": {"type": "MultiPolygon", "coordinates": [[[[4.89155, 52.39511], [4.88783, 52.39364], [4.88566, 52.39076], [4.88552, 52.39047], [4.8782, 52.39166], [4.87746, 52.39222], [4.87631, 52.39281], [4.86631, 52.39312], [4.86554, 52.39315], [4.86601, 52.39361], [4.86721, 52.39334], [4.87281, 52.39477], [4.87517, 52.39456], [4.87657, 52.39461], [4.88585, 52.39938], [4.89155, 52.39511]]]]}}, {"type": "Feature", "properties": {"code": "BU0363EC02", "name": "Houthavens-Oost"}, "geometry": {"type": "MultiPolygon", "coordinates": [[[[4.89321, 52.39356], [4.89467, 52.38994], [4.89508, 52.38869], [4.89101, 52.38844], [4.89193, 52.38909], [4.89136, 52.39003], [4.88566, 52.39076], [4.88783, 52.39364], [4.89155, 52.39511], [4.89321, 52.39356]]]]}}, {"type": "Feature", "properties": {"code": "BU0363ED01", "name": "Kolenkitbuurt-Noord"}, "geometry": {"type": "MultiPolygon", "coordinates": [[[[4.84457, 52.3851], [4.84406, 52.3779], [4.83772, 52.37886], [4.83903, 52.38201], [4.83925, 52.38502], [4.84457, 52.3851]]]]}}, {"type": "Feature", "properties": {"code": "BU0363ED02", "name": "Kolenkitbuurt-Zuid"}, "geometry": {"type": "MultiPolygon", "coordinates": [[[[4.84406, 52.3779], [4.843, 52.37536], [4.83669, 52.37635], [4.83772, 52.37886], [4.84406, 52.3779]]]]}}, {"type": "Feature", "properties": {"code": "BU0363ED03", "name": "Laan van Spartaan"}, "geometry": {"type": "MultiPolygon", "coordinates": [[[[4.843, 52.37536], [4.84213, 52.37224], [4.83533, 52.37315], [4.83669, 52.37635], [4.843, 52.37536]]]]}}, {"type": "Feature", "properties": {"code": "BU0363ED04", "name": "Robert Scottbuurt-West"}, "geometry": {"type": "MultiPolygon", "coordinates": [[[[4.84741, 52.37547], [4.84678, 52.37241], [4.84303, 52.37221], [4.84213, 52.37224], [4.843, 52.37536], [4.84406, 52.3779], [4.84608, 52.37795], [4.84741, 52.37547]]]]}}, {"type": "Feature", "properties": {"code": "BU0363EE01", "name": "Bosleeuw"}, "geometry": {"type": "MultiPolygon", "coordinates": [[[[4.8475, 52.38516], [4.84766, 52.38416], [4.8546, 52.38071], [4.85361, 52.38007], [4.84608, 52.37795], [4.84406, 52.3779], [4.84457, 52.3851], [4.84481, 52.38511], [4.8475, 52.38516]]]]}}, {"type": "Feature", "properties": {"code": "BU0363EE02", "name": "Gibraltarbuurt"}, "geometry": {"type": "MultiPolygon", "coordinates": [[[[4.85705, 52.38253], [4.8546, 52.38071], [4.84766, 52.38416], [4.8475, 52.38516], [4.85667, 52.38532], [4.85705, 52.38253]]]]}}, {"type": "Feature", "properties": {"code": "BU0363EE03", "name": "Bedrijventerrein Landlust"}, "geometry": {"type": "MultiPolygon", "coordinates": [[[[4.86211, 52.38171], [4.86262, 52.38039], [4.8615, 52.38012], [4.85705, 52.38253], [4.85667, 52.38532], [4.86067, 52.38539], [4.86211, 52.38171]]]]}}, {"type": "Feature", "properties": {"code": "BU0363EE04", "name": "Landlust-Noord"}, "geometry": {"type": "MultiPolygon", "coordinates": [[[[4.8615, 52.38012], [4.85677, 52.37908], [4.8546, 52.38071], [4.85705, 52.38253], [4.8615, 52.38012]]]]}}, {"type": "Feature", "properties": {"code": "BU0363EE05", "name": "Erasmusparkbuurt-Oost"}, "geometry": {"type": "MultiPolygon", "coordinates": [[[[4.85677, 52.37908], [4.85856, 52.37465], [4.85556, 52.37436], [4.85466, 52.3766], [4.8568, 52.37685], [4.85636, 52.37816], [4.85361, 52.38007], [4.8546, 52.38071], [4.85677, 52.37908]]]]}}, {"type": "Feature", "properties": {"code": "BU0363EE06", "name": "Landlust-Zuid"}, "geometry": {"type": "MultiPolygon", "coordinates": [[[[4.86443, 52.37541], [4.86286, 52.3752], [4.85856, 52.37465], [4.85677, 52.37908], [4.8615, 52.38012], [4.86262, 52.38039], [4.86443, 52.37541]]]]}}, {"type": "Feature", "properties": {"code": "BU0363EF01", "name": "Robert Scottbuurt-Oost"}, "geometry": {"type": "MultiPolygon", "coordinates": [[[[4.84999, 52.37294], [4.84887, 52.37274], [4.84678, 52.37241], [4.84741, 52.37547], [4.84999, 52.37294]]]]}}, {"type": "Feature", "properties": {"code": "BU0363EF02", "name": "Erasmusparkbuurt-West"}, "geometry": {"type": "MultiPolygon", "coordinates": [[[[4.85636, 52.37816], [4.8568, 52.37685], [4.85466, 52.3766], [4.85556, 52.37436], [4.85241, 52.3734], [4.84999, 52.37294], [4.84741, 52.37547], [4.84608, 52.37795], [4.85361, 52.38007], [4.85636, 52.37816]]]]}}, {"type": "Feature", "properties": {"code": "BU0363EG01", "name": "Bedrijvencentrum Westerkwartier"}, "geometry": {"type": "MultiPolygon", "coordinates": [[[[4.86803, 52.38208], [4.86781, 52.38201], [4.86616, 52.38178], [4.86379, 52.38237], [4.86211, 52.38171], [4.86067, 52.38539], [4.8642, 52.38545], [4.86687, 52.3855], [4.86803, 52.38208]]]]}}, {"type": "Feature", "properties": {"code": "BU0363EG02", "name": "GWL-terrein"}, "geometry": {"type": "MultiPolygon", "coordinates": [[[[4.87067, 52.38253], [4.86803, 52.38208], [4.86687, 52.3855], [4.86941, 52.38554], [4.87067, 52.38253]]]]}}, {"type": "Feature", "properties": {"code": "BU0363EG03", "name": "Markthallen"}, "geometry": {"type": "MultiPolygon", "coordinates": [[[[4.86616, 52.38178], [4.86781, 52.38201], [4.86831, 52.38046], [4.87016, 52.37587], [4.86981, 52.37541], [4.86443, 52.37541], [4.86262, 52.38039], [4.86211, 52.38171], [4.86379, 52.38237], [4.86616, 52.38178]]]]}}, {"type": "Feature", "properties": {"code": "BU0363EG04", "name": "Marcanti"}, "geometry": {"type": "MultiPolygon", "coordinates": [[[[4.86981, 52.37541], [4.86723, 52.37254], [4.86443, 52.37541], [4.86981, 52.37541]]]]}}, {"type": "Feature", "properties": {"code": "BU0363EH01", "name": "Westerstaatsman"}, "geometry": {"type": "MultiPolygon", "coordinates": [[[[4.87305, 52.38122], [4.86831, 52.38046], [4.86781, 52.38201], [4.86803, 52.38208], [4.87067, 52.38253], [4.86941, 52.38554], [4.87149, 52.38558], [4.87305, 52.38122]]]]}}, {"type": "Feature", "properties": {"code": "BU0363EH02", "name": "Fannius Scholtenbuurt"}, "geometry": {"type": "MultiPolygon", "coordinates": [[[[4.87705, 52.38318], [4.87374, 52.38098], [4.87305, 52.38122], [4.87149, 52.38558], [4.87499, 52.38564], [4.87705, 52.38318]]]]}}, {"type": "Feature", "properties": {"code": "BU0363EH03", "name": "Staatsliedenbuurt-Noordoost"}, "geometry": {"type": "MultiPolygon", "coordinates": [[[[4.88124, 52.38571], [4.87705, 52.38318], [4.87499, 52.38564], [4.88124, 52.38571]]]]}}, {"type": "Feature", "properties": {"code": "BU0363EH04", "name": "De Wittenbuurt-Noord"}, "geometry": {"type": "MultiPolygon", "coordinates": [[[[4.88258, 52.38546], [4.88166, 52.38418], [4.87963, 52.38193], [4.87909, 52.38179], [4.87705, 52.38318], [4.88124, 52.38571], [4.88258, 52.38546]]]]}}, {"type": "Feature", "properties": {"code": "BU0363EH05", "name": "De Wittenbuurt-Zuid"}, "geometry": {"type": "MultiPolygon", "coordinates": [[[[4.87909, 52.38179], [4.87399, 52.38057], [4.87374, 52.38098], [4.87705, 52.38318], [4.87909, 52.38179]]]]}}, {"type": "Feature", "properties": {"code": "BU0363EH06", "name": "Buyskade e.o."}, "geometry": {"type": "MultiPolygon", "coordinates": [[[[4.87374, 52.38098], [4.87399, 52.38057], [4.87237, 52.37836], [4.87016, 52.37587], [4.86831, 52.38046], [4.87305, 52.38122], [4.87374, 52.38098]]]]}}, {"type": "Feature", "properties": {"code": "BU0363EJ01", "name": "Frederik Hendrikbuurt-Noord"}, "geometry": {"type": "MultiPolygon", "coordinates": [[[[4.87816, 52.3785], [4.87659, 52.37549], [4.8721, 52.37655], [4.87237, 52.37836], [4.87399, 52.38057], [4.87909, 52.38179], [4.87963, 52.38193], [4.87816, 52.3785]]]]}}, {"type": "Feature", "properties": {"code": "BU0363EJ02", "name": "Frederik Hendrikbuurt-Zuidwest"}, "geometry": {"type": "MultiPolygon", "coordinates": [[[[4.8721, 52.37655], [4.86964, 52.37224], [4.8674, 52.3718], [4.86635, 52.37159], [4.86723, 52.37254], [4.86981, 52.37541], [4.87016, 52.37587], [4.87237, 52.37836], [4.8721, 52.37655]]]]}}, {"type": "Feature", "properties": {"code": "BU0363EJ03", "name": "Frederik Hendrikbuurt-Zuidoost"}, "geometry": {"type": "MultiPolygon", "coordinates": [[[[4.87659, 52.37549], [4.87551, 52.37408], [4.87548, 52.37341], [4.86964, 52.37224], [4.8721, 52.37655], [4.87659, 52.37549]]]]}}, {"type": "Feature", "properties": {"code": "BU0363EK01", "name": "Mercatorpark"}, "geometry": {"type": "MultiPolygon", "coordinates": [[[[4.84835, 52.36971], [4.84256, 52.36959], [4.84303, 52.37221], [4.84678, 52.37241], [4.84835, 52.36971]]]]}}, {"type": "Feature", "properties": {"code": "BU0363EK02", "name": "Orteliusbuurt-Noord"}, "geometry": {"type": "MultiPolygon", "coordinates": [[[[4.85026, 52.37004], [4.84835, 52.36971], [4.84678, 52.37241], [4.84887, 52.37274], [4.85026, 52.37004]]]]}}, {"type": "Feature", "properties": {"code": "BU0363EK03", "name": "Jan Maijenbuurt"}, "geometry": {"type": "MultiPolygon", "coordinates": [[[[4.85369, 52.37063], [4.85026, 52.37004], [4.84887, 52.37274], [4.84999, 52.37294], [4.85241, 52.3734], [4.85369, 52.37063]]]]}}, {"type": "Feature", "properties": {"code": "BU0363EK04", "name": "John Franklinbuurt"}, "geometry": {"type": "MultiPolygon", "coordinates": [[[[4.85655, 52.37112], [4.85369, 52.37063], [4.85241, 52.3734], [4.85556, 52.37436], [4.85655, 52.37112]]]]}}, {"type": "Feature", "properties": {"code": "BU0363EL01", "name": "Pieter van der Doesbuurt"}, "geometry": {"type": "MultiPolygon", "coordinates": [[[[4.8596, 52.37151], [4.85889, 52.37144], [4.85655, 52.37112], [4.85556, 52.37436], [4.85856, 52.37465], [4.8596, 52.37151]]]]}}, {"type": "Feature", "properties": {"code": "BU0363EL02", "name": "Trompbuurt"}, "geometry": {"type": "MultiPolygon", "coordinates": [[[[4.86365, 52.37067], [4.8596, 52.37151], [4.85856, 52.37465], [4.86286, 52.3752], [4.86365, 52.37067]]]]}}, {"type": "Feature", "properties": {"code": "BU0363EL03", "name": "Geuzenhofbuurt"}, "geometry": {"type": "MultiPolygon", "coordinates": [[[[4.86723, 52.37254], [4.86635, 52.37159], [4.86502, 52.37014], [4.86365, 52.37067], [4.86286, 52.3752], [4.86443, 52.37541], [4.86723, 52.37254]]]]}}, {"type": "Feature", "properties": {"code": "BU0363EM01", "name": "Orteliusbuurt-Midden"}, "geometry": {"type": "MultiPolygon", "coordinates": [[[[4.85248, 52.36719], [4.8497, 52.3667], [4.84835, 52.36971], [4.85026, 52.37004], [4.85248, 52.36719]]]]}}, {"type": "Feature", "properties": {"code": "BU0363EM02", "name": "Balboaplein e.o."}, "geometry": {"type": "MultiPolygon", "coordinates": [[[[4.85736, 52.36846], [4.85248, 52.36719], [4.85026, 52.37004], [4.85369, 52.37063], [4.85655, 52.37112], [4.85736, 52.36846]]]]}}, {"type": "Feature", "properties": {"code": "BU0363EM03", "name": "Orteliusbuurt-Zuid"}, "geometry": {"type": "MultiPolygon", "coordinates": [[[[4.85318, 52.36355], [4.84945, 52.36336], [4.84918, 52.36422], [4.8497, 52.3667], [4.85248, 52.36719], [4.85318, 52.36355]]]]}}, {"type": "Feature", "properties": {"code": "BU0363EM04", "name": "Columbusplein e.o."}, "geometry": {"type": "MultiPolygon", "coordinates": [[[[4.85825, 52.36421], [4.85318, 52.36355], [4.85248, 52.36719], [4.85736, 52.36846], [4.85825, 52.36421]]]]}}, {"type": "Feature", "properties": {"code": "BU0363EN01", "name": "Filips van Almondekwartier"}, "geometry": {"type": "MultiPolygon", "coordinates": [[[[4.85899, 52.36866], [4.85736, 52.36846], [4.85655, 52.37112], [4.85889, 52.37144], [4.85899, 52.36866]]]]}}, {"type": "Feature", "properties": {"code": "BU0363EN02", "name": "Kortenaerkwartier"}, "geometry": {"type": "MultiPolygon", "coordinates": [[[[4.86365, 52.37067], [4.86502, 52.37014], [4.86328, 52.36824], [4.85899, 52.36866], [4.85889, 52.37144], [4.8596, 52.37151], [4.86365, 52.37067]]]]}}, {"type": "Feature", "properties": {"code": "BU0363EN03", "name": "Van Brakelkwartier"}, "geometry": {"type": "MultiPolygon", "coordinates": [[[[4.86006, 52.3646], [4.85923, 52.36367], [4.85825, 52.36421], [4.85736, 52.36846], [4.85899, 52.36866], [4.86006, 52.3646]]]]}}, {"type": "Feature", "properties": {"code": "BU0363EN04", "name": "De Wester Quartier"}, "geometry": {"type": "MultiPolygon", "coordinates": [[[[4.86328, 52.36824], [4.86225, 52.36712], [4.86006, 52.3646], [4.85899, 52.36866], [4.86328, 52.36824]]]]}}, {"type": "Feature", "properties": {"code": "BU0363EP01", "name": "Bellamybuurt-Noord"}, "geometry": {"type": "MultiPolygon", "coordinates": [[[[4.86958, 52.3686], [4.86225, 52.36712], [4.86328, 52.36824], [4.86502, 52.37014], [4.86635, 52.37159], [4.8674, 52.3718], [4.86958, 52.3686]]]]}}, {"type": "Feature", "properties": {"code": "BU0363EP02", "name": "Bellamybuurt-Zuid"}, "geometry": {"type": "MultiPolygon", "coordinates": [[[[4.8708, 52.36685], [4.86268, 52.36481], [4.86006, 52.3646], [4.86225, 52.36712], [4.86958, 52.3686], [4.8708, 52.36685]]]]}}, {"type": "Feature", "properties": {"code": "BU0363EQ01", "name": "Da Costabuurt-Noord"}, "geometry": {"type": "MultiPolygon", "coordinates": [[[[4.8745, 52.37189], [4.8768, 52.3685], [4.8708, 52.36685], [4.86958, 52.3686], [4.8674, 52.3718], [4.86964, 52.37224], [4.87548, 52.37341], [4.8745, 52.37189]]]]}}, {"type": "Feature", "properties": {"code": "BU0363ER01", "name": "Postjeskade e.o."}, "geometry": {"type": "MultiPolygon", "coordinates": [[[[4.85389, 52.35802], [4.85028, 52.35792], [4.84889, 52.35791], [4.84888, 52.35804], [4.84945, 52.36336], [4.85318, 52.36355], [4.85389, 52.35802]]]]}}, {"type": "Feature", "properties": {"code": "BU0363ER02", "name": "Paramariboplein e.o."}, "geometry": {"type": "MultiPolygon", "coordinates": [[[[4.85825, 52.36421], [4.85923, 52.36367], [4.85745, 52.36155], [4.85486, 52.35786], [4.85478, 52.35775], [4.85389, 52.35802], [4.85318, 52.36355], [4.85825, 52.36421]]]]}}, {"type": "Feature", "properties": {"code": "BU0363ES01", "name": "Lootsbuurt"}, "geometry": {"type": "MultiPolygon", "coordinates": [[[[4.86378, 52.36307], [4.85745, 52.36155], [4.85923, 52.36367], [4.86006, 52.3646], [4.86268, 52.36481], [4.86378, 52.36307]]]]}}, {"type": "Feature", "properties": {"code": "BU0363ES02", "name": "Borgerbuurt"}, "geometry": {"type": "MultiPolygon", "coordinates": [[[[4.87198, 52.36515], [4.86671, 52.36378], [4.86378, 52.36307], [4.86268, 52.36481], [4.8708, 52.36685], [4.87198, 52.36515]]]]}}, {"type": "Feature", "properties": {"code": "BU0363ES03", "name": "Da Costabuurt-Zuid"}, "geometry": {"type": "MultiPolygon", "coordinates": [[[[4.87751, 52.36677], [4.87335, 52.36555], [4.87198, 52.36515], [4.8708, 52.36685], [4.8768, 52.3685], [4.87751, 52.36677]]]]}}, {"type": "Feature", "properties": {"code": "BU0363ET01", "name": "Cremerbuurt-West"}, "geometry": {"type": "MultiPolygon", "coordinates": [[[[4.86553, 52.36029], [4.86469, 52.3601], [4.85486, 52.35786], [4.85745, 52.36155], [4.86378, 52.36307], [4.86553, 52.36029]]]]}}, {"type": "Feature", "properties": {"code": "BU0363ET02", "name": "Vondelparkbuurt-West"}, "geometry": {"type": "MultiPolygon", "coordinates": [[[[4.86545, 52.35901], [4.85508, 52.35641], [4.85412, 52.35652], [4.85478, 52.35775], [4.85486, 52.35786], [4.86469, 52.3601], [4.86545, 52.35901]]]]}}, {"type": "Feature", "properties": {"code": "BU0363EU01", "name": "Cremerbuurt-Oost"}, "geometry": {"type": "MultiPolygon", "coordinates": [[[[4.86791, 52.36083], [4.86553, 52.36029], [4.86378, 52.36307], [4.86671, 52.36378], [4.86791, 52.36083]]]]}}, {"type": "Feature", "properties": {"code": "BU0363EU02", "name": "WG-terrein"}, "geometry": {"type": "MultiPolygon", "coordinates": [[[[4.87529, 52.36275], [4.87362, 52.36232], [4.86791, 52.36083], [4.86671, 52.36378], [4.87198, 52.36515], [4.87335, 52.36555], [4.87529, 52.36275]]]]}}, {"type": "Feature", "properties": {"code": "BU0363EU03", "name": "Helmersbuurt-Oost"}, "geometry": {"type": "MultiPolygon", "coordinates": [[[[4.87922, 52.36492], [4.87931, 52.36434], [4.87529, 52.36275], [4.87335, 52.36555], [4.87751, 52.36677], [4.87922, 52.36492]]]]}}, {"type": "Feature", "properties": {"code": "BU0363EV01", "name": "Vondelparkbuurt-Midden"}, "geometry": {"type": "MultiPolygon", "coordinates": [[[[4.87393, 52.361], [4.86553, 52.35885], [4.86545, 52.35901], [4.86469, 52.3601], [4.86553, 52.36029], [4.86791, 52.36083], [4.87362, 52.36232], [4.87393, 52.361]]]]}}, {"type": "Feature", "properties": {"code": "BU0363EV02", "name": "Vondelparkbuurt-Oost"}, "geometry": {"type": "MultiPolygon", "coordinates": [[[[4.88123, 52.36327], [4.88209, 52.36205], [4.87745, 52.36078], [4.87393, 52.361], [4.87362, 52.36232], [4.87529, 52.36275], [4.87931, 52.36434], [4.88123, 52.36327]]]]}}, {"type": "Feature", "properties": {"code": "BU0363FA01", "name": "Sloterdijk De Heining"}, "geometry": {"type": "MultiPolygon", "coordinates": [[[[4.77124, 52.39839], [4.77063, 52.39737], [4.77298, 52.39482], [4.76954, 52.38916], [4.76892, 52.38838], [4.76608, 52.38796], [4.7583, 52.38795], [4.75786, 52.39659], [4.75748, 52.39688], [4.75828, 52.3992], [4.75936, 52.39891], [4.75981, 52.40021], [4.77124, 52.39839]]]]}}, {"type": "Feature", "properties": {"code": "BU0363FA02", "name": "Sloterdijk Poort-Noord"}, "geometry": {"type": "MultiPolygon", "coordinates": [[[[4.80138, 52.39973], [4.80598, 52.39444], [4.8013, 52.3934], [4.77958, 52.39322], [4.77471, 52.39205], [4.77, 52.38915], [4.76954, 52.38916], [4.77298, 52.39482], [4.775, 52.39912], [4.79271, 52.39914], [4.79914, 52.40028], [4.80138, 52.39973]]]]}}, {"type": "Feature", "properties": {"code": "BU0363FA03", "name": "Sloterdijk Poort-Zuid"}, "geometry": {"type": "MultiPolygon", "coordinates": [[[[4.80965, 52.3948], [4.81435, 52.39231], [4.81878, 52.39189], [4.81872, 52.38904], [4.80173, 52.38915], [4.77, 52.38915], [4.77471, 52.39205], [4.77958, 52.39322], [4.8013, 52.3934], [4.80598, 52.39444], [4.80965, 52.3948]]]]}}, {"type": "Feature", "properties": {"code": "BU0363FA04", "name": "Sloterdijk Rhônepark"}, "geometry": {"type": "MultiPolygon", "coordinates": [[[[4.83386, 52.39194], [4.83389, 52.38994], [4.82692, 52.38907], [4.81925, 52.38904], [4.81872, 52.38904], [4.81878, 52.39189], [4.83386, 52.39194]]]]}}, {"type": "Feature", "properties": {"code": "BU0363FA05", "name": "Sloterdijk Donauhoek"}, "geometry": {"type": "MultiPolygon", "coordinates": [[[[4.84176, 52.39508], [4.84066, 52.39421], [4.83629, 52.39092], [4.83389, 52.38994], [4.83386, 52.39194], [4.83566, 52.39378], [4.83613, 52.39543], [4.83789, 52.39543], [4.83885, 52.39617], [4.84176, 52.39508]]]]}}, {"type": "Feature", "properties": {"code": "BU0363FA06", "name": "Bretten-West"}, "geometry": {"type": "MultiPolygon", "coordinates": [[[[4.77, 52.38915], [4.80173, 52.38915], [4.80194, 52.38453], [4.79422, 52.38444], [4.78734, 52.38438], [4.75895, 52.38412], [4.75851, 52.38719], [4.75831, 52.3879], [4.7583, 52.38795], [4.76608, 52.38796], [4.76892, 52.38838], [4.76954, 52.38916], [4.77, 52.38915]]]]}}, {"type": "Feature", "properties": {"code": "BU0363FA07", "name": "Bretten-Oost"}, "geometry": {"type": "MultiPolygon", "coordinates": [[[[4.81872, 52.38904], [4.81925, 52.38904], [4.81926, 52.38748], [4.83159, 52.38741], [4.83152, 52.38488], [4.82717, 52.38483], [4.81873, 52.38473], [4.812, 52.38465], [4.80708, 52.3846], [4.80194, 52.38453], [4.80173, 52.38915], [4.81872, 52.38904]]]]}}, {"type": "Feature", "properties": {"code": "BU0363FA08", "name": "Sloterdijk Stationskwartier"}, "geometry": {"type": "MultiPolygon", "coordinates": [[[[4.84421, 52.39181], [4.84468, 52.38892], [4.84481, 52.38511], [4.84457, 52.3851], [4.83925, 52.38502], [4.83152, 52.38488], [4.83159, 52.38741], [4.81926, 52.38748], [4.81925, 52.38904], [4.82692, 52.38907], [4.83389, 52.38994], [4.83629, 52.39092], [4.84066, 52.39421], [4.84431, 52.3953], [4.84421, 52.39181]]]]}}, {"type": "Feature", "properties": {"code": "BU0363FB01", "name": "Osdorper Binnenpolder"}, "geometry": {"type": "MultiPolygon", "coordinates": [[[[4.78753, 52.37816], [4.79394, 52.37824], [4.79149, 52.37598], [4.79213, 52.37484], [4.78922, 52.376], [4.78093, 52.36964], [4.76372, 52.37956], [4.76017, 52.38139], [4.75908, 52.38094], [4.75895, 52.38412], [4.78734, 52.38438], [4.78753, 52.37816]]]]}}, {"type": "Feature", "properties": {"code": "BU0363FB02", "name": "De Eendracht"}, "geometry": {"type": "MultiPolygon", "coordinates": [[[[4.79443, 52.38011], [4.79394, 52.37824], [4.78753, 52.37816], [4.78734, 52.38438], [4.79422, 52.38444], [4.79443, 52.38011]]]]}}, {"type": "Feature", "properties": {"code": "BU0363FB03", "name": "Ruys de Beerenbrouckbuurt"}, "geometry": {"type": "MultiPolygon", "coordinates": [[[[4.80815, 52.38034], [4.80173, 52.38023], [4.79792, 52.38016], [4.79443, 52.38011], [4.79422, 52.38444], [4.80194, 52.38453], [4.80708, 52.3846], [4.80815, 52.38034]]]]}}, {"type": "Feature", "properties": {"code": "BU0363FB04", "name": "Eendrachtspark"}, "geometry": {"type": "MultiPolygon", "coordinates": [[[[4.81216, 52.38056], [4.80938, 52.38037], [4.80815, 52.38034], [4.80708, 52.3846], [4.812, 52.38465], [4.81216, 52.38056]]]]}}, {"type": "Feature", "properties": {"code": "BU0363FB05", "name": "Van Tijenbuurt"}, "geometry": {"type": "MultiPolygon", "coordinates": [[[[4.79748, 52.37563], [4.80145, 52.37524], [4.80128, 52.37306], [4.79299, 52.37379], [4.79213, 52.37484], [4.79149, 52.37598], [4.79394, 52.37824], [4.79443, 52.38011], [4.79792, 52.38016], [4.79748, 52.37563]]]]}}, {"type": "Feature", "properties": {"code": "BU0363FB06", "name": "Dudokbuurt"}, "geometry": {"type": "MultiPolygon", "coordinates": [[[[4.8019, 52.37697], [4.80145, 52.37524], [4.79748, 52.37563], [4.79792, 52.38016], [4.80173, 52.38023], [4.8019, 52.37697]]]]}}, {"type": "Feature", "properties": {"code": "BU0363FB07", "name": "Bakemabuurt"}, "geometry": {"type": "MultiPolygon", "coordinates": [[[[4.8094, 52.37939], [4.80871, 52.37672], [4.8086, 52.37629], [4.8019, 52.37697], [4.80173, 52.38023], [4.80815, 52.38034], [4.80938, 52.38037], [4.8094, 52.37939]]]]}}, {"type": "Feature", "properties": {"code": "BU0363FB08", "name": "Wegener Sleeswijkbuurt"}, "geometry": {"type": "MultiPolygon", "coordinates": [[[[4.8086, 52.37629], [4.80758, 52.37244], [4.80527, 52.37267], [4.80128, 52.37306], [4.80145, 52.37524], [4.8019, 52.37697], [4.8086, 52.37629]]]]}}, {"type": "Feature", "properties": {"code": "BU0363FC01", "name": "Jan de Louterbuurt"}, "geometry": {"type": "MultiPolygon", "coordinates": [[[[4.81897, 52.38214], [4.8214, 52.38138], [4.82064, 52.37955], [4.82013, 52.37833], [4.81255, 52.37949], [4.8094, 52.37939], [4.80938, 52.38037], [4.81216, 52.38056], [4.812, 52.38465], [4.81873, 52.38473], [4.81897, 52.38214]]]]}}, {"type": "Feature", "properties": {"code": "BU0363FC02", "name": "Lodewijk van Deysselbuurt"}, "geometry": {"type": "MultiPolygon", "coordinates": [[[[4.82013, 52.37833], [4.81903, 52.37571], [4.80871, 52.37672], [4.8094, 52.37939], [4.81255, 52.37949], [4.82013, 52.37833]]]]}}, {"type": "Feature", "properties": {"code": "BU0363FC03", "name": "Confuciusbuurt"}, "geometry": {"type": "MultiPolygon", "coordinates": [[[[4.81903, 52.37571], [4.81736, 52.37197], [4.80758, 52.37244], [4.8086, 52.37629], [4.80871, 52.37672], [4.81903, 52.37571]]]]}}, {"type": "Feature", "properties": {"code": "BU0363FD01", "name": "Arondeusbuurt"}, "geometry": {"type": "MultiPolygon", "coordinates": [[[[4.82724, 52.38294], [4.82682, 52.38054], [4.8214, 52.38138], [4.81897, 52.38214], [4.81873, 52.38473], [4.82717, 52.38483], [4.82724, 52.38294]]]]}}, {"type": "Feature", "properties": {"code": "BU0363FD02", "name": "Coronelbuurt"}, "geometry": {"type": "MultiPolygon", "coordinates": [[[[4.83903, 52.38201], [4.8325, 52.38301], [4.82724, 52.38294], [4.82717, 52.38483], [4.83152, 52.38488], [4.83925, 52.38502], [4.83903, 52.38201]]]]}}, {"type": "Feature", "properties": {"code": "BU0363FD03", "name": "Meerwaldtbuurt"}, "geometry": {"type": "MultiPolygon", "coordinates": [[[[4.8325, 52.38301], [4.83903, 52.38201], [4.83772, 52.37886], [4.82682, 52.38054], [4.82724, 52.38294], [4.8325, 52.38301]]]]}}, {"type": "Feature", "properties": {"code": "BU0363FD04", "name": "Dobbebuurt"}, "geometry": {"type": "MultiPolygon", "coordinates": [[[[4.82682, 52.38054], [4.83772, 52.37886], [4.83669, 52.37635], [4.82423, 52.3783], [4.82064, 52.37955], [4.8214, 52.38138], [4.82682, 52.38054]]]]}}, {"type": "Feature", "properties": {"code": "BU0363FE01", "name": "Dichtersbuurt"}, "geometry": {"type": "MultiPolygon", "coordinates": [[[[4.82423, 52.3783], [4.82321, 52.37505], [4.81903, 52.37571], [4.82013, 52.37833], [4.82064, 52.37955], [4.82423, 52.3783]]]]}}, {"type": "Feature", "properties": {"code": "BU0363FE02", "name": "Louis Couperusbuurt"}, "geometry": {"type": "MultiPolygon", "coordinates": [[[[4.83669, 52.37635], [4.83533, 52.37315], [4.82321, 52.37505], [4.82423, 52.3783], [4.83669, 52.37635]]]]}}, {"type": "Feature", "properties": {"code": "BU0363FE03", "name": "Noordoever Sloterplas"}, "geometry": {"type": "MultiPolygon", "coordinates": [[[[4.82321, 52.37505], [4.83533, 52.37315], [4.83441, 52.37038], [4.82932, 52.37056], [4.82715, 52.37213], [4.82565, 52.37088], [4.82186, 52.37059], [4.81675, 52.37121], [4.81736, 52.37197], [4.81903, 52.37571], [4.82321, 52.37505]]]]}}, {"type": "Feature", "properties": {"code": "BU0363FE04", "name": "Sloterpark"}, "geometry": {"type": "MultiPolygon", "coordinates": [[[[4.80758, 52.37244], [4.81736, 52.37197], [4.81675, 52.37121], [4.82186, 52.37059], [4.82565, 52.37088], [4.81718, 52.36389], [4.81218, 52.35972], [4.81128, 52.36146], [4.80753, 52.36692], [4.80527, 52.37267], [4.80758, 52.37244]]]]}}, {"type": "Feature", "properties": {"code": "BU0363FF01", "name": "Osdorper Bovenpolder"}, "geometry": {"type": "MultiPolygon", "coordinates": [[[[4.76017, 52.38139], [4.76372, 52.37956], [4.78093, 52.36964], [4.78922, 52.376], [4.79213, 52.37484], [4.79299, 52.37379], [4.79368, 52.36748], [4.79532, 52.36444], [4.78665, 52.36272], [4.78165, 52.36051], [4.78036, 52.36103], [4.78044, 52.36379], [4.77879, 52.36549], [4.76799, 52.36653], [4.75847, 52.37109], [4.75838, 52.37402], [4.75672, 52.37784], [4.75726, 52.37798], [4.75912, 52.37933], [4.75908, 52.38094], [4.76017, 52.38139]]]]}}, {"type": "Feature", "properties": {"code": "BU0363FF02", "name": "Ookmeer"}, "geometry": {"type": "MultiPolygon", "coordinates": [[[[4.80128, 52.37306], [4.80527, 52.37267], [4.80753, 52.36692], [4.802, 52.3658], [4.79532, 52.36444], [4.79368, 52.36748], [4.79299, 52.37379], [4.80128, 52.37306]]]]}}, {"type": "Feature", "properties": {"code": "BU0363FF03", "name": "Bedrijvenpark Lutkemeer"}, "geometry": {"type": "MultiPolygon", "coordinates": [[[[4.76799, 52.36653], [4.77879, 52.36549], [4.78044, 52.36379], [4.78036, 52.36103], [4.78165, 52.36051], [4.78082, 52.35974], [4.77728, 52.35722], [4.77248, 52.35482], [4.76739, 52.35127], [4.75568, 52.35615], [4.75484, 52.35791], [4.75588, 52.36181], [4.75784, 52.36872], [4.75847, 52.37109], [4.76799, 52.36653]]]]}}, {"type": "Feature", "properties": {"code": "BU0363FG01", "name": "Middelveldsche Akerpolder"}, "geometry": {"type": "MultiPolygon", "coordinates": [[[[4.77728, 52.35722], [4.77698, 52.35676], [4.78797, 52.35264], [4.7852, 52.34974], [4.77248, 52.35482], [4.77728, 52.35722]]]]}}, {"type": "Feature", "properties": {"code": "BU0363FG02", "name": "De Aker-West"}, "geometry": {"type": "MultiPolygon", "coordinates": [[[[4.7852, 52.34974], [4.7808, 52.34585], [4.7733, 52.34892], [4.76739, 52.35127], [4.77248, 52.35482], [4.7852, 52.34974]]]]}}, {"type": "Feature", "properties": {"code": "BU0363FG03", "name": "De Aker-Oost"}, "geometry": {"type": "MultiPolygon", "coordinates": [[[[4.79189, 52.35304], [4.79557, 52.34625], [4.7911, 52.3415], [4.7808, 52.34585], [4.7852, 52.34974], [4.78797, 52.35264], [4.79181, 52.35319], [4.79189, 52.35304]]]]}}, {"type": "Feature", "properties": {"code": "BU0363FH01", "name": "Bedrijvencentrum Osdorp"}, "geometry": {"type": "MultiPolygon", "coordinates": [[[[4.78811, 52.36005], [4.78282, 52.35899], [4.78082, 52.35974], [4.78165, 52.36051], [4.78665, 52.36272], [4.78811, 52.36005]]]]}}, {"type": "Feature", "properties": {"code": "BU0363FH02", "name": "Dijkgraafpleinbuurt"}, "geometry": {"type": "MultiPolygon", "coordinates": [[[[4.78829, 52.35974], [4.7902, 52.35621], [4.79181, 52.35319], [4.78797, 52.35264], [4.77698, 52.35676], [4.77728, 52.35722], [4.78082, 52.35974], [4.78282, 52.35899], [4.78811, 52.36005], [4.78829, 52.35974]]]]}}, {"type": "Feature", "properties": {"code": "BU0363FJ01", "name": "Reimerswaal"}, "geometry": {"type": "MultiPolygon", "coordinates": [[[[4.79691, 52.36149], [4.78829, 52.35974], [4.78811, 52.36005], [4.78665, 52.36272], [4.79532, 52.36444], [4.79691, 52.36149]]]]}}, {"type": "Feature", "properties": {"code": "BU0363FJ02", "name": "Botteskerkbuurt"}, "geometry": {"type": "MultiPolygon", "coordinates": [[[[4.79815, 52.35918], [4.79925, 52.35803], [4.7902, 52.35621], [4.78829, 52.35974], [4.79691, 52.36149], [4.79815, 52.35918]]]]}}, {"type": "Feature", "properties": {"code": "BU0363FJ03", "name": "Zuidwestkwadrant-Noord"}, "geometry": {"type": "MultiPolygon", "coordinates": [[[[4.80079, 52.35518], [4.80097, 52.35485], [4.79189, 52.35304], [4.79181, 52.35319], [4.7902, 52.35621], [4.79925, 52.35803], [4.80079, 52.35518]]]]}}, {"type": "Feature", "properties": {"code": "BU0363FJ04", "name": "Zuidwestkwadrant-Zuid"}, "geometry": {"type": "MultiPolygon", "coordinates": [[[[4.80224, 52.3525], [4.8036, 52.34997], [4.79774, 52.34835], [4.79557, 52.34625], [4.79189, 52.35304], [4.80097, 52.35485], [4.80224, 52.3525]]]]}}, {"type": "Feature", "properties": {"code": "BU0363FK01", "name": "Wildeman"}, "geometry": {"type": "MultiPolygon", "coordinates": [[[[4.80363, 52.36271], [4.80557, 52.36294], [4.80672, 52.36091], [4.79815, 52.35918], [4.79691, 52.36149], [4.79532, 52.36444], [4.802, 52.3658], [4.80363, 52.36271]]]]}}, {"type": "Feature", "properties": {"code": "BU0363FK02", "name": "Meer en Oever"}, "geometry": {"type": "MultiPolygon", "coordinates": [[[[4.81128, 52.36146], [4.80672, 52.36091], [4.80557, 52.36294], [4.80363, 52.36271], [4.802, 52.3658], [4.80753, 52.36692], [4.81128, 52.36146]]]]}}, {"type": "Feature", "properties": {"code": "BU0363FK03", "name": "Osdorpplein e.o."}, "geometry": {"type": "MultiPolygon", "coordinates": [[[[4.81218, 52.35972], [4.81305, 52.35803], [4.80079, 52.35518], [4.79925, 52.35803], [4.79815, 52.35918], [4.80672, 52.36091], [4.81128, 52.36146], [4.81218, 52.35972]]]]}}, {"type": "Feature", "properties": {"code": "BU0363FK04", "name": "Calandlaan/Lelylaan"}, "geometry": {"type": "MultiPolygon", "coordinates": [[[[4.81857, 52.35771], [4.81858, 52.35752], [4.80998, 52.35582], [4.80937, 52.354], [4.80224, 52.3525], [4.80097, 52.35485], [4.80079, 52.35518], [4.81305, 52.35803], [4.81857, 52.35771]]]]}}, {"type": "Feature", "properties": {"code": "BU0363FK05", "name": "Osdorp-Zuidoost"}, "geometry": {"type": "MultiPolygon", "coordinates": [[[[4.81806, 52.35617], [4.82043, 52.35174], [4.81223, 52.35163], [4.80815, 52.35089], [4.8036, 52.34997], [4.80224, 52.3525], [4.80937, 52.354], [4.80998, 52.35582], [4.81858, 52.35752], [4.81806, 52.35617]]]]}}, {"type": "Feature", "properties": {"code": "BU0363FL01", "name": "Oostoever Sloterplas"}, "geometry": {"type": "MultiPolygon", "coordinates": [[[[4.82932, 52.37056], [4.83441, 52.37038], [4.83435, 52.3701], [4.83387, 52.36406], [4.82704, 52.36398], [4.81718, 52.36389], [4.82565, 52.37088], [4.82715, 52.37213], [4.82932, 52.37056]]]]}}, {"type": "Feature", "properties": {"code": "BU0363FL02", "name": "Emanuel van Meterenbuurt"}, "geometry": {"type": "MultiPolygon", "coordinates": [[[[4.82725, 52.35762], [4.81857, 52.35771], [4.81305, 52.35803], [4.81218, 52.35972], [4.81718, 52.36389], [4.82704, 52.36398], [4.82725, 52.35762]]]]}}, {"type": "Feature", "properties": {"code": "BU0363FL03", "name": "Jacob Geelbuurt"}, "geometry": {"type": "MultiPolygon", "coordinates": [[[[4.83407, 52.35927], [4.83419, 52.35789], [4.82725, 52.35762], [4.82704, 52.36398], [4.83387, 52.36406], [4.83407, 52.35927]]]]}}, {"type": "Feature", "properties": {"code": "BU0363FM01", "name": "Lucas/Andreasziekenhuis e.o."}, "geometry": {"type": "MultiPolygon", "coordinates": [[[[4.84213, 52.37224], [4.84303, 52.37221], [4.84256, 52.36959], [4.84216, 52.36931], [4.83435, 52.3701], [4.83441, 52.37038], [4.83533, 52.37315], [4.84213, 52.37224]]]]}}, {"type": "Feature", "properties": {"code": "BU0363FM02", "name": "Overtoomse Veld-Noord"}, "geometry": {"type": "MultiPolygon", "coordinates": [[[[4.84216, 52.36931], [4.84231, 52.36414], [4.83387, 52.36406], [4.83435, 52.3701], [4.84216, 52.36931]]]]}}, {"type": "Feature", "properties": {"code": "BU0363FM03", "name": "Rembrandtpark-Noord"}, "geometry": {"type": "MultiPolygon", "coordinates": [[[[4.84835, 52.36971], [4.8497, 52.3667], [4.84918, 52.36422], [4.84231, 52.36414], [4.84216, 52.36931], [4.84256, 52.36959], [4.84835, 52.36971]]]]}}, {"type": "Feature", "properties": {"code": "BU0363FM04", "name": "Overtoomse Veld-Zuid"}, "geometry": {"type": "MultiPolygon", "coordinates": [[[[4.84245, 52.35935], [4.83407, 52.35927], [4.83387, 52.36406], [4.84231, 52.36414], [4.84245, 52.35935]]]]}}, {"type": "Feature", "properties": {"code": "BU0363FM05", "name": "Rembrandtpark-Zuid"}, "geometry": {"type": "MultiPolygon", "coordinates": [[[[4.84945, 52.36336], [4.84888, 52.35804], [4.84249, 52.35798], [4.84245, 52.35935], [4.84231, 52.36414], [4.84918, 52.36422], [4.84945, 52.36336]]]]}}, {"type": "Feature", "properties": {"code": "BU0363FM06", "name": "Johan Jongkindbuurt"}, "geometry": {"type": "MultiPolygon", "coordinates": [[[[4.84249, 52.35798], [4.83419, 52.35789], [4.83407, 52.35927], [4.84245, 52.35935], [4.84249, 52.35798]]]]}}, {"type": "Feature", "properties": {"code": "BU0363FN01", "name": "Louis Crispijnbuurt"}, "geometry": {"type": "MultiPolygon", "coordinates": [[[[4.82725, 52.35762], [4.82742, 52.35181], [4.82117, 52.35174], [4.82043, 52.35174], [4.81806, 52.35617], [4.81858, 52.35752], [4.81857, 52.35771], [4.82725, 52.35762]]]]}}, {"type": "Feature", "properties": {"code": "BU0363FN02", "name": "Jacques Veltmanbuurt"}, "geometry": {"type": "MultiPolygon", "coordinates": [[[[4.83415, 52.35605], [4.8342, 52.35189], [4.82742, 52.35181], [4.82725, 52.35762], [4.83419, 52.35789], [4.83415, 52.35605]]]]}}, {"type": "Feature", "properties": {"code": "BU0363FN03", "name": "Medisch Centrum Slotervaart"}, "geometry": {"type": "MultiPolygon", "coordinates": [[[[4.82757, 52.34559], [4.82759, 52.34515], [4.82294, 52.34484], [4.8221, 52.34653], [4.82117, 52.35174], [4.82742, 52.35181], [4.82757, 52.34559]]]]}}, {"type": "Feature", "properties": {"code": "BU0363FN04", "name": "Staalmanbuurt"}, "geometry": {"type": "MultiPolygon", "coordinates": [[[[4.8344, 52.34578], [4.83441, 52.34563], [4.82757, 52.34559], [4.82742, 52.35181], [4.8342, 52.35189], [4.8344, 52.34578]]]]}}, {"type": "Feature", "properties": {"code": "BU0363FP01", "name": "Schipluidenbuurt"}, "geometry": {"type": "MultiPolygon", "coordinates": [[[[4.84254, 52.35614], [4.83415, 52.35605], [4.83419, 52.35789], [4.84249, 52.35798], [4.84254, 52.35614]]]]}}, {"type": "Feature", "properties": {"code": "BU0363FP02", "name": "Koningin Wilhelminaplein"}, "geometry": {"type": "MultiPolygon", "coordinates": [[[[4.84263, 52.35208], [4.8342, 52.35189], [4.83415, 52.35605], [4.84254, 52.35614], [4.84263, 52.35208]]]]}}, {"type": "Feature", "properties": {"code": "BU0363FP03", "name": "Andreasterrein"}, "geometry": {"type": "MultiPolygon", "coordinates": [[[[4.84889, 52.35791], [4.84893, 52.3555], [4.84473, 52.35548], [4.84479, 52.35209], [4.84263, 52.35208], [4.84254, 52.35614], [4.84249, 52.35798], [4.84888, 52.35804], [4.84889, 52.35791]]]]}}, {"type": "Feature", "properties": {"code": "BU0363FP04", "name": "Delflandpleinbuurt-West"}, "geometry": {"type": "MultiPolygon", "coordinates": [[[[4.84098, 52.34602], [4.8344, 52.34578], [4.8342, 52.35189], [4.84263, 52.35208], [4.84098, 52.34602]]]]}}, {"type": "Feature", "properties": {"code": "BU0363FP05", "name": "Delflandpleinbuurt-Oost"}, "geometry": {"type": "MultiPolygon", "coordinates": [[[[4.84555, 52.35158], [4.84564, 52.34688], [4.84565, 52.34632], [4.84194, 52.34598], [4.84098, 52.34602], [4.84263, 52.35208], [4.84479, 52.35209], [4.84555, 52.35158]]]]}}, {"type": "Feature", "properties": {"code": "BU0363FP06", "name": "Riekerhaven"}, "geometry": {"type": "MultiPolygon", "coordinates": [[[[4.84098, 52.34602], [4.84194, 52.34598], [4.84224, 52.33944], [4.84406, 52.33825], [4.84697, 52.33814], [4.84703, 52.33769], [4.8402, 52.33771], [4.83749, 52.33882], [4.83548, 52.34059], [4.83441, 52.34563], [4.8344, 52.34578], [4.84098, 52.34602]]]]}}, {"type": "Feature", "properties": {"code": "BU0363FQ01", "name": "Dorp Sloten"}, "geometry": {"type": "MultiPolygon", "coordinates": [[[[4.79993, 52.34495], [4.79931, 52.34357], [4.80164, 52.34313], [4.80136, 52.34196], [4.80062, 52.33736], [4.80156, 52.33654], [4.7988, 52.3348], [4.79822, 52.33504], [4.79733, 52.3356], [4.7911, 52.3415], [4.79557, 52.34625], [4.79774, 52.34835], [4.79993, 52.34495]]]]}}, {"type": "Feature", "properties": {"code": "BU0363FQ02", "name": "Nieuw-Sloten-Noordwest"}, "geometry": {"type": "MultiPolygon", "coordinates": [[[[4.81069, 52.34627], [4.80633, 52.3454], [4.79993, 52.34495], [4.79774, 52.34835], [4.8036, 52.34997], [4.80815, 52.35089], [4.81069, 52.34627]]]]}}, {"type": "Feature", "properties": {"code": "BU0363FQ03", "name": "Nieuw-Sloten-Noordoost"}, "geometry": {"type": "MultiPolygon", "coordinates": [[[[4.82117, 52.35174], [4.8221, 52.34653], [4.81606, 52.3464], [4.81069, 52.34627], [4.80815, 52.35089], [4.81223, 52.35163], [4.82043, 52.35174], [4.82117, 52.35174]]]]}}, {"type": "Feature", "properties": {"code": "BU0363FQ04", "name": "Nieuw-Sloten-Zuidwest"}, "geometry": {"type": "MultiPolygon", "coordinates": [[[[4.81142, 52.34499], [4.81151, 52.34234], [4.80136, 52.34196], [4.80164, 52.34313], [4.79931, 52.34357], [4.79993, 52.34495], [4.80633, 52.3454], [4.81142, 52.34499]]]]}}, {"type": "Feature", "properties": {"code": "BU0363FQ05", "name": "Belgiëplein e.o."}, "geometry": {"type": "MultiPolygon", "coordinates": [[[[4.81142, 52.34499], [4.80633, 52.3454], [4.81069, 52.34627], [4.81606, 52.3464], [4.81142, 52.34499]]]]}}, {"type": "Feature", "properties": {"code": "BU0363FQ06", "name": "Nieuw-Sloten-Zuidoost"}, "geometry": {"type": "MultiPolygon", "coordinates": [[[[4.82294, 52.34484], [4.82082, 52.3433], [4.8183, 52.34259], [4.81151, 52.34234], [4.81142, 52.34499], [4.81606, 52.3464], [4.8221, 52.34653], [4.82294, 52.34484]]]]}}, {"type": "Feature", "properties": {"code": "BU0363FQ07", "name": "Sloterweg e.o."}, "geometry": {"type": "MultiPolygon", "coordinates": [[[[4.82082, 52.3433], [4.82087, 52.34205], [4.81992, 52.33852], [4.81503, 52.33831], [4.81129, 52.33748], [4.80305, 52.33303], [4.7988, 52.3348], [4.80156, 52.33654], [4.80062, 52.33736], [4.80136, 52.34196], [4.81151, 52.34234], [4.8183, 52.34259], [4.82082, 52.3433]]]]}}, {"type": "Feature", "properties": {"code": "BU0363FQ08", "name": "Park Haagseweg"}, "geometry": {"type": "MultiPolygon", "coordinates": [[[[4.82771, 52.34261], [4.82087, 52.34205], [4.82082, 52.3433], [4.82294, 52.34484], [4.82759, 52.34515], [4.82771, 52.34261]]]]}}, {"type": "Feature", "properties": {"code": "BU0363FQ09", "name": "Riekerpolder"}, "geometry": {"type": "MultiPolygon", "coordinates": [[[[4.83548, 52.34059], [4.83749, 52.33882], [4.8402, 52.33771], [4.83436, 52.33839], [4.81992, 52.33852], [4.82087, 52.34205], [4.82771, 52.34261], [4.82759, 52.34515], [4.82757, 52.34559], [4.83441, 52.34563], [4.83548, 52.34059]]]]}}, {"type": "Feature", "properties": {"code": "BU0363FQ10", "name": "Nieuwe Meer"}, "geometry": {"type": "MultiPolygon", "coordinates": [[[[4.81992, 52.33852], [4.83436, 52.33839], [4.8402, 52.33771], [4.84703, 52.33769], [4.84622, 52.33413], [4.83555, 52.331], [4.82213, 52.33082], [4.81712, 52.32693], [4.8164, 52.32741], [4.80305, 52.33303], [4.81129, 52.33748], [4.81503, 52.33831], [4.81992, 52.33852]]]]}}, {"type": "Feature", "properties": {"code": "BU0363KA01", "name": "Westlandgrachtbuurt"}, "geometry": {"type": "MultiPolygon", "coordinates": [[[[4.85028, 52.35792], [4.85034, 52.35487], [4.85039, 52.35161], [4.84944, 52.3516], [4.84555, 52.35158], [4.84479, 52.35209], [4.84473, 52.35548], [4.84893, 52.3555], [4.84889, 52.35791], [4.85028, 52.35792]]]]}}, {"type": "Feature", "properties": {"code": "BU0363KA02", "name": "Surinamepleinbuurt"}, "geometry": {"type": "MultiPolygon", "coordinates": [[[[4.85389, 52.35802], [4.85478, 52.35775], [4.85412, 52.35652], [4.85355, 52.35477], [4.85034, 52.35487], [4.85028, 52.35792], [4.85389, 52.35802]]]]}}, {"type": "Feature", "properties": {"code": "BU0363KA03", "name": "Legmeerpleinbuurt"}, "geometry": {"type": "MultiPolygon", "coordinates": [[[[4.85355, 52.35477], [4.85236, 52.35095], [4.85039, 52.35161], [4.85034, 52.35487], [4.85355, 52.35477]]]]}}, {"type": "Feature", "properties": {"code": "BU0363KA04", "name": "Aalsmeerwegbuurt-West"}, "geometry": {"type": "MultiPolygon", "coordinates": [[[[4.84927, 52.34966], [4.84646, 52.3468], [4.84564, 52.34688], [4.84555, 52.35158], [4.84944, 52.3516], [4.84927, 52.34966]]]]}}, {"type": "Feature", "properties": {"code": "BU0363KA05", "name": "Aalsmeerwegbuurt-Oost"}, "geometry": {"type": "MultiPolygon", "coordinates": [[[[4.85236, 52.35095], [4.85137, 52.34805], [4.84869, 52.34699], [4.84829, 52.34544], [4.84685, 52.34543], [4.84565, 52.34632], [4.84564, 52.34688], [4.84646, 52.3468], [4.84927, 52.34966], [4.84944, 52.3516], [4.85039, 52.35161], [4.85236, 52.35095]]]]}}, {"type": "Feature", "properties": {"code": "BU0363KA06", "name": "Bedrijventerrein Schinkel"}, "geometry": {"type": "MultiPolygon", "coordinates": [[[[4.85137, 52.34805], [4.84818, 52.34277], [4.84697, 52.33814], [4.84406, 52.33825], [4.84224, 52.33944], [4.84194, 52.34598], [4.84565, 52.34632], [4.84685, 52.34543], [4.84829, 52.34544], [4.84869, 52.34699], [4.85137, 52.34805]]]]}}, {"type": "Feature", "properties": {"code": "BU0363KB01", "name": "Schinkelbuurt-Noord"}, "geometry": {"type": "MultiPolygon", "coordinates": [[[[4.85508, 52.35641], [4.85584, 52.35462], [4.8566, 52.35152], [4.85236, 52.35095], [4.85355, 52.35477], [4.85412, 52.35652], [4.85508, 52.35641]]]]}}, {"type": "Feature", "properties": {"code": "BU0363KB02", "name": "Schinkelbuurt-Zuid"}, "geometry": {"type": "MultiPolygon", "coordinates": [[[[4.85741, 52.34983], [4.85757, 52.34742], [4.85242, 52.34642], [4.85146, 52.34526], [4.85202, 52.3434], [4.84818, 52.34277], [4.85137, 52.34805], [4.85236, 52.35095], [4.8566, 52.35152], [4.85741, 52.34983]]]]}}, {"type": "Feature", "properties": {"code": "BU0363KC01", "name": "Vondelpark-West"}, "geometry": {"type": "MultiPolygon", "coordinates": [[[[4.86553, 52.35885], [4.86713, 52.3561], [4.86719, 52.35602], [4.86669, 52.35482], [4.86111, 52.35536], [4.85829, 52.35449], [4.85584, 52.35462], [4.85508, 52.35641], [4.86545, 52.35901], [4.86553, 52.35885]]]]}}, {"type": "Feature", "properties": {"code": "BU0363KC02", "name": "Willemsparkbuurt-Noord"}, "geometry": {"type": "MultiPolygon", "coordinates": [[[[4.86797, 52.35527], [4.86349, 52.35325], [4.8566, 52.35152], [4.85584, 52.35462], [4.85829, 52.35449], [4.86111, 52.35536], [4.86669, 52.35482], [4.86719, 52.35602], [4.86797, 52.35527]]]]}}, {"type": "Feature", "properties": {"code": "BU0363KC03", "name": "Valeriusbuurt-West"}, "geometry": {"type": "MultiPolygon", "coordinates": [[[[4.86607, 52.3509], [4.8653, 52.35069], [4.86158, 52.34973], [4.85741, 52.34983], [4.8566, 52.35152], [4.86349, 52.35325], [4.86607, 52.3509]]]]}}, {"type": "Feature", "properties": {"code": "BU0363KC04", "name": "Valeriusbuurt-Oost"}, "geometry": {"type": "MultiPolygon", "coordinates": [[[[4.86994, 52.35309], [4.87056, 52.35207], [4.86607, 52.3509], [4.86349, 52.35325], [4.86797, 52.35527], [4.86994, 52.35309]]]]}}, {"type": "Feature", "properties": {"code": "BU0363KD01", "name": "Vondelpark-Oost"}, "geometry": {"type": "MultiPolygon", "coordinates": [[[[4.88239, 52.36196], [4.87715, 52.3601], [4.87387, 52.35814], [4.86713, 52.3561], [4.86553, 52.35885], [4.87393, 52.361], [4.87745, 52.36078], [4.88209, 52.36205], [4.88239, 52.36196]]]]}}, {"type": "Feature", "properties": {"code": "BU0363KD02", "name": "Cornelis Schuytbuurt"}, "geometry": {"type": "MultiPolygon", "coordinates": [[[[4.87624, 52.3548], [4.86994, 52.35309], [4.86797, 52.35527], [4.86719, 52.35602], [4.86713, 52.3561], [4.87387, 52.35814], [4.87624, 52.3548]]]]}}, {"type": "Feature", "properties": {"code": "BU0363KD03", "name": "Concertgebouwbuurt"}, "geometry": {"type": "MultiPolygon", "coordinates": [[[[4.87856, 52.35815], [4.87999, 52.35614], [4.87624, 52.3548], [4.87387, 52.35814], [4.87715, 52.3601], [4.87856, 52.35815]]]]}}, {"type": "Feature", "properties": {"code": "BU0363KD04", "name": "P.C. Hooftbuurt"}, "geometry": {"type": "MultiPolygon", "coordinates": [[[[4.88538, 52.36123], [4.8834, 52.35945], [4.87856, 52.35815], [4.87715, 52.3601], [4.88239, 52.36196], [4.88538, 52.36123]]]]}}, {"type": "Feature", "properties": {"code": "BU0363KD05", "name": "Museumplein"}, "geometry": {"type": "MultiPolygon", "coordinates": [[[[4.88629, 52.36078], [4.88738, 52.36023], [4.88672, 52.35873], [4.88479, 52.35898], [4.88137, 52.35609], [4.87999, 52.35614], [4.87856, 52.35815], [4.8834, 52.35945], [4.88538, 52.36123], [4.88629, 52.36078]]]]}}, {"type": "Feature", "properties": {"code": "BU0363KD06", "name": "Banpleinbuurt"}, "geometry": {"type": "MultiPolygon", "coordinates": [[[[4.87749, 52.35147], [4.87056, 52.35207], [4.86994, 52.35309], [4.87624, 52.3548], [4.87749, 52.35147]]]]}}, {"type": "Feature", "properties": {"code": "BU0363KD07", "name": "Hondecoeterbuurt"}, "geometry": {"type": "MultiPolygon", "coordinates": [[[[4.88171, 52.35369], [4.88245, 52.35289], [4.87905, 52.35119], [4.87749, 52.35147], [4.87624, 52.3548], [4.87999, 52.35614], [4.88171, 52.35369]]]]}}, {"type": "Feature", "properties": {"code": "BU0363KD08", "name": "Johannes Vermeerbuurt"}, "geometry": {"type": "MultiPolygon", "coordinates": [[[[4.88672, 52.35873], [4.88669, 52.35529], [4.88675, 52.35462], [4.88171, 52.35369], [4.87999, 52.35614], [4.88137, 52.35609], [4.88479, 52.35898], [4.88672, 52.35873]]]]}}, {"type": "Feature", "properties": {"code": "BU0363KD09", "name": "Duivelseiland"}, "geometry": {"type": "MultiPolygon", "coordinates": [[[[4.88648, 52.35223], [4.88245, 52.35289], [4.88171, 52.35369], [4.88675, 52.35462], [4.88648, 52.35223]]]]}}, {"type": "Feature", "properties": {"code": "BU0363KD10", "name": "Harmoniehofbuurt"}, "geometry": {"type": "MultiPolygon", "coordinates": [[[[4.88648, 52.35223], [4.88628, 52.34847], [4.88478, 52.34955], [4.87905, 52.35119], [4.88245, 52.35289], [4.88648, 52.35223]]]]}}, {"type": "Feature", "properties": {"code": "BU0363KE01", "name": "Frans Halsbuurt"}, "geometry": {"type": "MultiPolygon", "coordinates": [[[[4.89087, 52.35837], [4.89041, 52.35543], [4.88669, 52.35529], [4.88672, 52.35873], [4.88738, 52.36023], [4.89087, 52.35837]]]]}}, {"type": "Feature", "properties": {"code": "BU0363KE02", "name": "Gerard Doubuurt"}, "geometry": {"type": "MultiPolygon", "coordinates": [[[[4.89617, 52.35805], [4.89825, 52.35795], [4.89851, 52.35736], [4.89041, 52.35543], [4.89087, 52.35837], [4.89617, 52.35805]]]]}}, {"type": "Feature", "properties": {"code": "BU0363KE03", "name": "Hercules Seghersbuurt"}, "geometry": {"type": "MultiPolygon", "coordinates": [[[[4.89113, 52.35279], [4.88648, 52.35223], [4.88675, 52.35462], [4.88669, 52.35529], [4.89041, 52.35543], [4.89113, 52.35279]]]]}}, {"type": "Feature", "properties": {"code": "BU0363KE04", "name": "Sarphatiparkbuurt"}, "geometry": {"type": "MultiPolygon", "coordinates": [[[[4.90124, 52.35483], [4.89455, 52.35325], [4.89113, 52.35279], [4.89041, 52.35543], [4.89851, 52.35736], [4.89825, 52.35795], [4.89924, 52.3581], [4.90124, 52.35483]]]]}}, {"type": "Feature", "properties": {"code": "BU0363KE05", "name": "Hemonybuurt"}, "geometry": {"type": "MultiPolygon", "coordinates": [[[[4.90605, 52.35617], [4.90124, 52.35483], [4.89924, 52.3581], [4.90463, 52.35921], [4.90605, 52.35617]]]]}}, {"type": "Feature", "properties": {"code": "BU0363KF01", "name": "Cornelis Troostbuurt"}, "geometry": {"type": "MultiPolygon", "coordinates": [[[[4.89128, 52.34823], [4.88628, 52.34847], [4.88648, 52.35223], [4.89113, 52.35279], [4.89128, 52.34823]]]]}}, {"type": "Feature", "properties": {"code": "BU0363KF02", "name": "Lizzy Ansinghbuurt"}, "geometry": {"type": "MultiPolygon", "coordinates": [[[[4.89474, 52.35132], [4.89526, 52.34801], [4.89128, 52.34823], [4.89113, 52.35279], [4.89455, 52.35325], [4.89474, 52.35132]]]]}}, {"type": "Feature", "properties": {"code": "BU0363KF03", "name": "Van der Helstpleinbuurt"}, "geometry": {"type": "MultiPolygon", "coordinates": [[[[4.90303, 52.35217], [4.89758, 52.35172], [4.89474, 52.35132], [4.89455, 52.35325], [4.90124, 52.35483], [4.90303, 52.35217]]]]}}, {"type": "Feature", "properties": {"code": "BU0363KF04", "name": "Willibrordusbuurt"}, "geometry": {"type": "MultiPolygon", "coordinates": [[[[4.90655, 52.35538], [4.90836, 52.35339], [4.90303, 52.35217], [4.90124, 52.35483], [4.90605, 52.35617], [4.90655, 52.35538]]]]}}, {"type": "Feature", "properties": {"code": "BU0363KG01", "name": "BurgemeesterTellegenbuurt-West"}, "geometry": {"type": "MultiPolygon", "coordinates": [[[[4.8998, 52.34846], [4.89526, 52.34801], [4.89474, 52.35132], [4.89758, 52.35172], [4.8998, 52.34846]]]]}}, {"type": "Feature", "properties": {"code": "BU0363KG02", "name": "Burgemeester Tellegenbuurt-Oost"}, "geometry": {"type": "MultiPolygon", "coordinates": [[[[4.90419, 52.34907], [4.8998, 52.34846], [4.89758, 52.35172], [4.90303, 52.35217], [4.90419, 52.34907]]]]}}, {"type": "Feature", "properties": {"code": "BU0363KG03", "name": "Diamantbuurt"}, "geometry": {"type": "MultiPolygon", "coordinates": [[[[4.91106, 52.35003], [4.90419, 52.34907], [4.90303, 52.35217], [4.90836, 52.35339], [4.91106, 52.35003]]]]}}, {"type": "Feature", "properties": {"code": "BU0363KH01", "name": "Bertelmanpleinbuurt"}, "geometry": {"type": "MultiPolygon", "coordinates": [[[[4.86158, 52.34973], [4.86012, 52.34874], [4.85757, 52.34742], [4.85741, 52.34983], [4.86158, 52.34973]]]]}}, {"type": "Feature", "properties": {"code": "BU0363KH02", "name": "Olympisch Stadion e.o."}, "geometry": {"type": "MultiPolygon", "coordinates": [[[[4.85804, 52.34523], [4.85805, 52.34236], [4.85729, 52.34225], [4.85285, 52.34165], [4.85202, 52.3434], [4.85146, 52.34526], [4.85242, 52.34642], [4.85757, 52.34742], [4.85804, 52.34523]]]]}}, {"type": "Feature", "properties": {"code": "BU0363KH03", "name": "Marathonbuurt-West"}, "geometry": {"type": "MultiPolygon", "coordinates": [[[[4.86567, 52.34626], [4.85804, 52.34523], [4.85757, 52.34742], [4.86012, 52.34874], [4.86567, 52.34626]]]]}}, {"type": "Feature", "properties": {"code": "BU0363KH04", "name": "Marathonbuurt-Oost"}, "geometry": {"type": "MultiPolygon", "coordinates": [[[[4.86677, 52.35039], [4.86739, 52.34868], [4.86816, 52.34656], [4.86708, 52.34645], [4.86567, 52.34626], [4.86012, 52.34874], [4.86158, 52.34973], [4.8653, 52.35069], [4.86677, 52.35039]]]]}}, {"type": "Feature", "properties": {"code": "BU0363KH05", "name": "Van Tuyllbuurt"}, "geometry": {"type": "MultiPolygon", "coordinates": [[[[4.86797, 52.34398], [4.8648, 52.34316], [4.85805, 52.34236], [4.85804, 52.34523], [4.86567, 52.34626], [4.86708, 52.34645], [4.86797, 52.34398]]]]}}, {"type": "Feature", "properties": {"code": "BU0363KH06", "name": "IJsbaanpad e.o."}, "geometry": {"type": "MultiPolygon", "coordinates": [[[[4.85285, 52.34165], [4.85729, 52.34225], [4.85709, 52.3389], [4.85077, 52.33865], [4.84697, 52.33814], [4.84818, 52.34277], [4.85202, 52.3434], [4.85285, 52.34165]]]]}}, {"type": "Feature", "properties": {"code": "BU0363KJ01", "name": "Hiltonbuurt"}, "geometry": {"type": "MultiPolygon", "coordinates": [[[[4.87749, 52.35147], [4.87905, 52.35119], [4.87873, 52.35053], [4.86677, 52.35039], [4.8653, 52.35069], [4.86607, 52.3509], [4.87056, 52.35207], [4.87749, 52.35147]]]]}}, {"type": "Feature", "properties": {"code": "BU0363KJ02", "name": "Minervabuurt-Noord"}, "geometry": {"type": "MultiPolygon", "coordinates": [[[[4.87873, 52.35053], [4.87724, 52.34905], [4.86739, 52.34868], [4.86677, 52.35039], [4.87873, 52.35053]]]]}}, {"type": "Feature", "properties": {"code": "BU0363KJ03", "name": "Minervabuurt-Midden"}, "geometry": {"type": "MultiPolygon", "coordinates": [[[[4.87687, 52.3469], [4.86816, 52.34656], [4.86739, 52.34868], [4.87724, 52.34905], [4.87687, 52.3469]]]]}}, {"type": "Feature", "properties": {"code": "BU0363KJ04", "name": "Minervabuurt-Zuid"}, "geometry": {"type": "MultiPolygon", "coordinates": [[[[4.8766, 52.34462], [4.86797, 52.34398], [4.86708, 52.34645], [4.86816, 52.34656], [4.87687, 52.3469], [4.8766, 52.34462]]]]}}, {"type": "Feature", "properties": {"code": "BU0363KJ05", "name": "Beethovenbuurt"}, "geometry": {"type": "MultiPolygon", "coordinates": [[[[4.88478, 52.34955], [4.87964, 52.347], [4.87687, 52.3469], [4.87724, 52.34905], [4.87873, 52.35053], [4.87905, 52.35119], [4.88478, 52.34955]]]]}}, {"type": "Feature", "properties": {"code": "BU0363KJ06", "name": "Diepenbrockbuurt"}, "geometry": {"type": "MultiPolygon", "coordinates": [[[[4.88628, 52.34847], [4.88574, 52.3445], [4.88572, 52.34438], [4.8784, 52.34468], [4.8766, 52.34462], [4.87687, 52.3469], [4.87964, 52.347], [4.88478, 52.34955], [4.88628, 52.34847]]]]}}, {"type": "Feature", "properties": {"code": "BU0363KK01", "name": "Wielingenbuurt"}, "geometry": {"type": "MultiPolygon", "coordinates": [[[[4.89128, 52.34823], [4.89068, 52.34425], [4.88574, 52.3445], [4.88628, 52.34847], [4.89128, 52.34823]]]]}}, {"type": "Feature", "properties": {"code": "BU0363KK02", "name": "Scheldebuurt-West"}, "geometry": {"type": "MultiPolygon", "coordinates": [[[[4.89526, 52.34801], [4.89512, 52.34694], [4.89549, 52.34416], [4.89718, 52.34238], [4.89743, 52.34061], [4.89443, 52.34075], [4.89228, 52.34084], [4.89068, 52.34425], [4.89128, 52.34823], [4.89526, 52.34801]]]]}}, {"type": "Feature", "properties": {"code": "BU0363KK03", "name": "Scheldebuurt-Midden"}, "geometry": {"type": "MultiPolygon", "coordinates": [[[[4.89999, 52.3467], [4.90206, 52.34286], [4.89718, 52.34238], [4.89549, 52.34416], [4.89512, 52.34694], [4.89999, 52.3467]]]]}}, {"type": "Feature", "properties": {"code": "BU0363KK04", "name": "Scheldebuurt-Oost"}, "geometry": {"type": "MultiPolygon", "coordinates": [[[[4.90523, 52.34629], [4.90654, 52.34279], [4.90206, 52.34286], [4.89999, 52.3467], [4.90523, 52.34629]]]]}}, {"type": "Feature", "properties": {"code": "BU0363KK05", "name": "Veluwebuurt"}, "geometry": {"type": "MultiPolygon", "coordinates": [[[[4.89743, 52.34061], [4.90176, 52.34038], [4.89914, 52.33817], [4.89415, 52.3384], [4.89443, 52.34075], [4.89743, 52.34061]]]]}}, {"type": "Feature", "properties": {"code": "BU0363KK06", "name": "Kop Zuidas"}, "geometry": {"type": "MultiPolygon", "coordinates": [[[[4.89443, 52.34075], [4.89415, 52.3384], [4.89914, 52.33817], [4.89274, 52.33458], [4.89013, 52.33617], [4.89188, 52.33762], [4.89228, 52.34084], [4.89443, 52.34075]]]]}}, {"type": "Feature", "properties": {"code": "BU0363KL01", "name": "IJselbuurt-West"}, "geometry": {"type": "MultiPolygon", "coordinates": [[[[4.90523, 52.34629], [4.89999, 52.3467], [4.89512, 52.34694], [4.89526, 52.34801], [4.8998, 52.34846], [4.90419, 52.34907], [4.90523, 52.34629]]]]}}, {"type": "Feature", "properties": {"code": "BU0363KL02", "name": "IJselbuurt-Oost"}, "geometry": {"type": "MultiPolygon", "coordinates": [[[[4.91223, 52.34811], [4.9127, 52.34734], [4.90523, 52.34629], [4.90419, 52.34907], [4.91106, 52.35003], [4.91223, 52.34811]]]]}}, {"type": "Feature", "properties": {"code": "BU0363KM01", "name": "Kromme Mijdrechtbuurt"}, "geometry": {"type": "MultiPolygon", "coordinates": [[[[4.91319, 52.3456], [4.91413, 52.34353], [4.90868, 52.34431], [4.90878, 52.34311], [4.90654, 52.34279], [4.90523, 52.34629], [4.9127, 52.34734], [4.91319, 52.3456]]]]}}, {"type": "Feature", "properties": {"code": "BU0363KM02", "name": "Rijnbuurt-West"}, "geometry": {"type": "MultiPolygon", "coordinates": [[[[4.90206, 52.34286], [4.90176, 52.34038], [4.89743, 52.34061], [4.89718, 52.34238], [4.90206, 52.34286]]]]}}, {"type": "Feature", "properties": {"code": "BU0363KM03", "name": "Rijnbuurt-Midden"}, "geometry": {"type": "MultiPolygon", "coordinates": [[[[4.90654, 52.34279], [4.90942, 52.33877], [4.90748, 52.33796], [4.90679, 52.33596], [4.89914, 52.33817], [4.90176, 52.34038], [4.90206, 52.34286], [4.90654, 52.34279]]]]}}, {"type": "Feature", "properties": {"code": "BU0363KM04", "name": "Rijnbuurt-Oost"}, "geometry": {"type": "MultiPolygon", "coordinates": [[[[4.91413, 52.34353], [4.91496, 52.34186], [4.91179, 52.33946], [4.90942, 52.33877], [4.90654, 52.34279], [4.90878, 52.34311], [4.90868, 52.34431], [4.91413, 52.34353]]]]}}, {"type": "Feature", "properties": {"code": "BU0363KM05", "name": "Zorgvlied"}, "geometry": {"type": "MultiPolygon", "coordinates": [[[[4.90679, 52.33596], [4.90425, 52.33357], [4.9002, 52.33338], [4.89875, 52.33279], [4.89274, 52.33458], [4.89914, 52.33817], [4.90679, 52.33596]]]]}}, {"type": "Feature", "properties": {"code": "BU0363KN01", "name": "Prinses Irenebuurt"}, "geometry": {"type": "MultiPolygon", "coordinates": [[[[4.87831, 52.34179], [4.86498, 52.34139], [4.8648, 52.34316], [4.86797, 52.34398], [4.8766, 52.34462], [4.8784, 52.34468], [4.87831, 52.34179]]]]}}, {"type": "Feature", "properties": {"code": "BU0363KN02", "name": "Beatrixpark"}, "geometry": {"type": "MultiPolygon", "coordinates": [[[[4.88572, 52.34438], [4.8854, 52.342], [4.87831, 52.34179], [4.8784, 52.34468], [4.88572, 52.34438]]]]}}, {"type": "Feature", "properties": {"code": "BU0363KP01", "name": "Zuidas-Noord"}, "geometry": {"type": "MultiPolygon", "coordinates": [[[[4.86498, 52.34139], [4.87831, 52.34179], [4.8854, 52.342], [4.88462, 52.33811], [4.87664, 52.33837], [4.86868, 52.33811], [4.85759, 52.337], [4.85709, 52.3389], [4.85729, 52.34225], [4.85805, 52.34236], [4.8648, 52.34316], [4.86498, 52.34139]]]]}}, {"type": "Feature", "properties": {"code": "BU0363KP02", "name": "RAI"}, "geometry": {"type": "MultiPolygon", "coordinates": [[[[4.89068, 52.34425], [4.89228, 52.34084], [4.89188, 52.33762], [4.89013, 52.33617], [4.88462, 52.33811], [4.8854, 52.342], [4.88572, 52.34438], [4.88574, 52.3445], [4.89068, 52.34425]]]]}}, {"type": "Feature", "properties": {"code": "BU0363KP03", "name": "VU-kwartier"}, "geometry": {"type": "MultiPolygon", "coordinates": [[[[4.86883, 52.33499], [4.86884, 52.3321], [4.85744, 52.3323], [4.85742, 52.33361], [4.85759, 52.337], [4.86868, 52.33811], [4.86883, 52.33499]]]]}}, {"type": "Feature", "properties": {"code": "BU0363KP04", "name": "Zuidas-Zuid"}, "geometry": {"type": "MultiPolygon", "coordinates": [[[[4.87664, 52.33837], [4.87865, 52.33509], [4.86883, 52.33499], [4.86868, 52.33811], [4.87664, 52.33837]]]]}}, {"type": "Feature", "properties": {"code": "BU0363KP05", "name": "Vivaldi"}, "geometry": {"type": "MultiPolygon", "coordinates": [[[[4.88462, 52.33811], [4.89013, 52.33617], [4.88998, 52.33469], [4.87865, 52.33509], [4.87664, 52.33837], [4.88462, 52.33811]]]]}}, {"type": "Feature", "properties": {"code": "BU0363KQ01", "name": "Amsterdamse Bos"}, "geometry": {"type": "MultiPolygon", "coordinates": [[[[4.85117, 52.33696], [4.85503, 52.33362], [4.85619, 52.33029], [4.85594, 52.33026], [4.84799, 52.33057], [4.84762, 52.33007], [4.84511, 52.32973], [4.84396, 52.33022], [4.84048, 52.32958], [4.83948, 52.32915], [4.8394, 52.32736], [4.82518, 52.32573], [4.81875, 52.32556], [4.81712, 52.32693], [4.82213, 52.33082], [4.83555, 52.331], [4.84622, 52.33413], [4.84703, 52.33769], [4.84697, 52.33814], [4.85077, 52.33865], [4.85117, 52.33696]]]]}}, {"type": "Feature", "properties": {"code": "BU0363KQ02", "name": "Zuiderhof"}, "geometry": {"type": "MultiPolygon", "coordinates": [[[[4.85759, 52.337], [4.85742, 52.33361], [4.85503, 52.33362], [4.85117, 52.33696], [4.85077, 52.33865], [4.85709, 52.3389], [4.85759, 52.337]]]]}}, {"type": "Feature", "properties": {"code": "BU0363KQ03", "name": "Buitenveldert-West-Midden"}, "geometry": {"type": "MultiPolygon", "coordinates": [[[[4.85742, 52.33361], [4.85744, 52.3323], [4.86884, 52.3321], [4.86886, 52.32914], [4.86182, 52.32913], [4.86181, 52.33033], [4.85619, 52.33029], [4.85503, 52.33362], [4.85742, 52.33361]]]]}}, {"type": "Feature", "properties": {"code": "BU0363KQ04", "name": "Gelderlandpleinbuurt"}, "geometry": {"type": "MultiPolygon", "coordinates": [[[[4.87945, 52.33312], [4.87947, 52.32938], [4.86886, 52.32914], [4.86884, 52.3321], [4.86883, 52.33499], [4.87865, 52.33509], [4.87945, 52.33312]]]]}}, {"type": "Feature", "properties": {"code": "BU0363KQ05", "name": "Buitenveldert-Zuidwest"}, "geometry": {"type": "MultiPolygon", "coordinates": [[[[4.86886, 52.32914], [4.86914, 52.32193], [4.86914, 52.32193], [4.86149, 52.3218], [4.85764, 52.32174], [4.8576, 52.32142], [4.85675, 52.32141], [4.85647, 52.32177], [4.85633, 52.32176], [4.85639, 52.32493], [4.85652, 52.32941], [4.85594, 52.33026], [4.85619, 52.33029], [4.86181, 52.33033], [4.86182, 52.32913], [4.86886, 52.32914]]]]}}, {"type": "Feature", "properties": {"code": "BU0363KQ06", "name": "Buitenveldert-Zuid-Midden"}, "geometry": {"type": "MultiPolygon", "coordinates": [[[[4.87811, 52.32209], [4.86935, 52.32194], [4.86914, 52.32193], [4.86886, 52.32914], [4.87947, 52.32938], [4.87794, 52.32479], [4.87811, 52.32209]]]]}}, {"type": "Feature", "properties": {"code": "BU0363KR01", "name": "De Klenckebuurt"}, "geometry": {"type": "MultiPolygon", "coordinates": [[[[4.88998, 52.33469], [4.88998, 52.33314], [4.87945, 52.33312], [4.87865, 52.33509], [4.88998, 52.33469]]]]}}, {"type": "Feature", "properties": {"code": "BU0363KR02", "name": "Buitenveldert-Oost-Midden"}, "geometry": {"type": "MultiPolygon", "coordinates": [[[[4.88998, 52.33314], [4.88998, 52.3294], [4.87947, 52.32938], [4.87945, 52.33312], [4.88998, 52.33314]]]]}}, {"type": "Feature", "properties": {"code": "BU0363KR03", "name": "Buitenveldert-Zuidoost"}, "geometry": {"type": "MultiPolygon", "coordinates": [[[[4.88998, 52.3294], [4.89012, 52.32496], [4.8912, 52.32473], [4.89301, 52.32237], [4.88218, 52.32216], [4.87812, 52.32209], [4.87811, 52.32209], [4.87794, 52.32479], [4.87947, 52.32938], [4.88998, 52.3294]]]]}}, {"type": "Feature", "properties": {"code": "BU0363KR04", "name": "Amstelpark"}, "geometry": {"type": "MultiPolygon", "coordinates": [[[[4.89274, 52.33458], [4.89875, 52.33279], [4.89825, 52.32897], [4.89525, 52.3242], [4.89629, 52.32242], [4.89516, 52.32241], [4.89492, 52.32242], [4.89301, 52.32237], [4.8912, 52.32473], [4.89012, 52.32496], [4.88998, 52.3294], [4.88998, 52.33314], [4.88998, 52.33469], [4.89013, 52.33617], [4.89274, 52.33458]]]]}}, {"type": "Feature", "properties": {"code": "BU0363MA01", "name": "Java-eiland"}, "geometry": {"type": "MultiPolygon", "coordinates": [[[[4.93698, 52.37777], [4.9387, 52.37524], [4.92905, 52.37692], [4.911, 52.37993], [4.91985, 52.38081], [4.93735, 52.38241], [4.93698, 52.37777]]]]}}, {"type": "Feature", "properties": {"code": "BU0363MA02", "name": "KNSM-eiland"}, "geometry": {"type": "MultiPolygon", "coordinates": [[[[4.95498, 52.37648], [4.9387, 52.37524], [4.93698, 52.37777], [4.93735, 52.38241], [4.94318, 52.38251], [4.95242, 52.38257], [4.95498, 52.37648]]]]}}, {"type": "Feature", "properties": {"code": "BU0363MA03", "name": "Oostelijke Handelskade"}, "geometry": {"type": "MultiPolygon", "coordinates": [[[[4.92905, 52.37692], [4.92769, 52.37391], [4.92493, 52.3748], [4.92141, 52.3756], [4.91355, 52.37677], [4.91115, 52.37764], [4.91059, 52.37991], [4.911, 52.37993], [4.92905, 52.37692]]]]}}, {"type": "Feature", "properties": {"code": "BU0363MA04", "name": "Rietlanden"}, "geometry": {"type": "MultiPolygon", "coordinates": [[[[4.9387, 52.37524], [4.93982, 52.37428], [4.93844, 52.37351], [4.93847, 52.37185], [4.93849, 52.37114], [4.93294, 52.37055], [4.93197, 52.37216], [4.9279, 52.37385], [4.92769, 52.37391], [4.92905, 52.37692], [4.9387, 52.37524]]]]}}, {"type": "Feature", "properties": {"code": "BU0363MA05", "name": "Sporenburg"}, "geometry": {"type": "MultiPolygon", "coordinates": [[[[4.95575, 52.37334], [4.95451, 52.37343], [4.93847, 52.37185], [4.93844, 52.37351], [4.93982, 52.37428], [4.9387, 52.37524], [4.95498, 52.37648], [4.95575, 52.37334]]]]}}, {"type": "Feature", "properties": {"code": "BU0363MA06", "name": "Borneo"}, "geometry": {"type": "MultiPolygon", "coordinates": [[[[4.95451, 52.37343], [4.95144, 52.37054], [4.94558, 52.37021], [4.93851, 52.36992], [4.93849, 52.37114], [4.93847, 52.37185], [4.95451, 52.37343]]]]}}, {"type": "Feature", "properties": {"code": "BU0363MA07", "name": "Entrepot-Noordwest"}, "geometry": {"type": "MultiPolygon", "coordinates": [[[[4.93851, 52.36992], [4.93854, 52.36855], [4.93419, 52.36724], [4.93198, 52.36723], [4.93294, 52.37055], [4.93849, 52.37114], [4.93851, 52.36992]]]]}}, {"type": "Feature", "properties": {"code": "BU0363MA08", "name": "Bedrijvengebied Veelaan"}, "geometry": {"type": "MultiPolygon", "coordinates": [[[[4.93854, 52.36855], [4.93947, 52.36728], [4.93419, 52.36724], [4.93854, 52.36855]]]]}}, {"type": "Feature", "properties": {"code": "BU0363MA09", "name": "Architectenbuurt"}, "geometry": {"type": "MultiPolygon", "coordinates": [[[[4.94612, 52.36736], [4.93947, 52.36728], [4.93854, 52.36855], [4.93851, 52.36992], [4.94558, 52.37021], [4.94612, 52.36736]]]]}}, {"type": "Feature", "properties": {"code": "BU0363MA10", "name": "Cruquiusbuurt"}, "geometry": {"type": "MultiPolygon", "coordinates": [[[[4.95575, 52.37334], [4.95657, 52.36846], [4.95187, 52.36741], [4.94612, 52.36736], [4.94558, 52.37021], [4.95144, 52.37054], [4.95451, 52.37343], [4.95575, 52.37334]]]]}}, {"type": "Feature", "properties": {"code": "BU0363MA11", "name": "Bedrijvengebied Zeeburgerkade"}, "geometry": {"type": "MultiPolygon", "coordinates": [[[[4.94614, 52.36667], [4.93946, 52.36665], [4.93209, 52.36657], [4.93158, 52.36657], [4.93198, 52.36723], [4.93419, 52.36724], [4.93947, 52.36728], [4.94612, 52.36736], [4.95187, 52.36741], [4.94614, 52.36667]]]]}}, {"type": "Feature", "properties": {"code": "BU0363MB01", "name": "Weesperzijde-Noord"}, "geometry": {"type": "MultiPolygon", "coordinates": [[[[4.91087, 52.3564], [4.90655, 52.35538], [4.90605, 52.35617], [4.90463, 52.35921], [4.90832, 52.36059], [4.91087, 52.3564]]]]}}, {"type": "Feature", "properties": {"code": "BU0363MB02", "name": "Weesperzijde-Midden/Zuid"}, "geometry": {"type": "MultiPolygon", "coordinates": [[[[4.91132, 52.35563], [4.91471, 52.35109], [4.91649, 52.35002], [4.91541, 52.34954], [4.91223, 52.34811], [4.91106, 52.35003], [4.90836, 52.35339], [4.90655, 52.35538], [4.91087, 52.3564], [4.91132, 52.35563]]]]}}, {"type": "Feature", "properties": {"code": "BU0363MB03", "name": "Parooldriehoek"}, "geometry": {"type": "MultiPolygon", "coordinates": [[[[4.91575, 52.35432], [4.91471, 52.35109], [4.91132, 52.35563], [4.91575, 52.35432]]]]}}, {"type": "Feature", "properties": {"code": "BU0363MC01", "name": "Oosterparkbuurt-Noordwest"}, "geometry": {"type": "MultiPolygon", "coordinates": [[[[4.91744, 52.35804], [4.91087, 52.3564], [4.90832, 52.36059], [4.91507, 52.36179], [4.91744, 52.35804]]]]}}, {"type": "Feature", "properties": {"code": "BU0363MC02", "name": "Oosterpark"}, "geometry": {"type": "MultiPolygon", "coordinates": [[[[4.92398, 52.36193], [4.92529, 52.36003], [4.91744, 52.35804], [4.91507, 52.36179], [4.91748, 52.36213], [4.92231, 52.36376], [4.92398, 52.36193]]]]}}, {"type": "Feature", "properties": {"code": "BU0363MC03", "name": "Oosterparkbuurt-Zuidwest"}, "geometry": {"type": "MultiPolygon", "coordinates": [[[[4.91918, 52.35565], [4.91575, 52.35432], [4.91132, 52.35563], [4.91087, 52.3564], [4.91744, 52.35804], [4.91918, 52.35565]]]]}}, {"type": "Feature", "properties": {"code": "BU0363MC04", "name": "Oosterparkbuurt-Zuidoost"}, "geometry": {"type": "MultiPolygon", "coordinates": [[[[4.92669, 52.35787], [4.91918, 52.35565], [4.91744, 52.35804], [4.92529, 52.36003], [4.92669, 52.35787]]]]}}, {"type": "Feature", "properties": {"code": "BU0363MD01", "name": "Transvaalbuurt-West"}, "geometry": {"type": "MultiPolygon", "coordinates": [[[[4.92161, 52.35233], [4.91649, 52.35002], [4.91471, 52.35109], [4.91575, 52.35432], [4.91918, 52.35565], [4.92161, 52.35233]]]]}}, {"type": "Feature", "properties": {"code": "BU0363MD02", "name": "Transvaalbuurt-Oost"}, "geometry": {"type": "MultiPolygon", "coordinates": [[[[4.92823, 52.35534], [4.92161, 52.35233], [4.91918, 52.35565], [4.92669, 52.35787], [4.92823, 52.35534]]]]}}, {"type": "Feature", "properties": {"code": "BU0363ME01", "name": "Dapperbuurt-Noord"}, "geometry": {"type": "MultiPolygon", "coordinates": [[[[4.93122, 52.36338], [4.92398, 52.36193], [4.92231, 52.36376], [4.92713, 52.36646], [4.93158, 52.36657], [4.93209, 52.36657], [4.93122, 52.36338]]]]}}, {"type": "Feature", "properties": {"code": "BU0363ME02", "name": "Dapperbuurt-Zuid"}, "geometry": {"type": "MultiPolygon", "coordinates": [[[[4.9314, 52.36322], [4.92989, 52.35978], [4.92669, 52.35787], [4.92529, 52.36003], [4.92398, 52.36193], [4.93122, 52.36338], [4.9314, 52.36322]]]]}}, {"type": "Feature", "properties": {"code": "BU0363ME03", "name": "Oostpoort"}, "geometry": {"type": "MultiPolygon", "coordinates": [[[[4.93211, 52.3612], [4.93743, 52.35774], [4.93714, 52.35769], [4.92823, 52.35534], [4.92669, 52.35787], [4.92989, 52.35978], [4.9314, 52.36322], [4.93211, 52.3612]]]]}}, {"type": "Feature", "properties": {"code": "BU0363MF01", "name": "Timorpleinbuurt-Noord"}, "geometry": {"type": "MultiPolygon", "coordinates": [[[[4.93954, 52.36378], [4.93122, 52.36338], [4.93209, 52.36657], [4.93946, 52.36665], [4.93954, 52.36378]]]]}}, {"type": "Feature", "properties": {"code": "BU0363MF02", "name": "Timorpleinbuurt-Zuid"}, "geometry": {"type": "MultiPolygon", "coordinates": [[[[4.93974, 52.36164], [4.93211, 52.3612], [4.9314, 52.36322], [4.93122, 52.36338], [4.93954, 52.36378], [4.93974, 52.36164]]]]}}, {"type": "Feature", "properties": {"code": "BU0363MF03", "name": "Ambonpleinbuurt"}, "geometry": {"type": "MultiPolygon", "coordinates": [[[[4.94094, 52.35841], [4.93743, 52.35774], [4.93211, 52.3612], [4.93974, 52.36164], [4.94094, 52.35841]]]]}}, {"type": "Feature", "properties": {"code": "BU0363MG01", "name": "Makassarpleinbuurt"}, "geometry": {"type": "MultiPolygon", "coordinates": [[[[4.9485, 52.36526], [4.94592, 52.36251], [4.93974, 52.36164], [4.93954, 52.36378], [4.93946, 52.36665], [4.94614, 52.36667], [4.9485, 52.36526]]]]}}, {"type": "Feature", "properties": {"code": "BU0363MG02", "name": "Zeeburgerdijk-Oost"}, "geometry": {"type": "MultiPolygon", "coordinates": [[[[4.9573, 52.3659], [4.9485, 52.36526], [4.94614, 52.36667], [4.95187, 52.36741], [4.95657, 52.36846], [4.9573, 52.3659]]]]}}, {"type": "Feature", "properties": {"code": "BU0363MG03", "name": "Sumatraplantsoenbuurt"}, "geometry": {"type": "MultiPolygon", "coordinates": [[[[4.94468, 52.35826], [4.94094, 52.35841], [4.93974, 52.36164], [4.94592, 52.36251], [4.94468, 52.35826]]]]}}, {"type": "Feature", "properties": {"code": "BU0363MG04", "name": "Flevopark"}, "geometry": {"type": "MultiPolygon", "coordinates": [[[[4.9613, 52.35913], [4.95649, 52.35779], [4.94468, 52.35826], [4.94592, 52.36251], [4.9485, 52.36526], [4.9573, 52.3659], [4.9613, 52.35913]]]]}}, {"type": "Feature", "properties": {"code": "BU0363MH01", "name": "Sluisbuurt"}, "geometry": {"type": "MultiPolygon", "coordinates": [[[[4.95841, 52.38247], [4.96061, 52.38166], [4.96115, 52.38141], [4.96108, 52.38133], [4.9614, 52.38117], [4.96137, 52.38115], [4.96088, 52.38135], [4.96074, 52.38123], [4.96085, 52.38118], [4.96084, 52.38116], [4.9603, 52.38139], [4.9602, 52.38131], [4.96037, 52.38123], [4.95997, 52.38097], [4.95959, 52.38093], [4.95899, 52.38107], [4.95886, 52.38096], [4.95914, 52.38084], [4.95876, 52.38061], [4.96187, 52.37978], [4.96174, 52.37961], [4.95883, 52.38038], [4.9587, 52.38016], [4.96163, 52.37939], [4.96139, 52.37906], [4.96115, 52.37913], [4.96125, 52.37928], [4.95996, 52.37964], [4.95986, 52.37947], [4.96478, 52.37684], [4.9637, 52.37601], [4.96302, 52.37523], [4.96235, 52.37205], [4.95575, 52.37334], [4.95498, 52.37648], [4.95242, 52.38257], [4.95841, 52.38247]]]]}}, {"type": "Feature", "properties": {"code": "BU0363MH02", "name": "Sportheldenbuurt"}, "geometry": {"type": "MultiPolygon", "coordinates": [[[[4.96478, 52.37684], [4.97225, 52.37292], [4.96797, 52.3698], [4.96235, 52.37205], [4.96302, 52.37523], [4.9637, 52.37601], [4.96478, 52.37684]]]]}}, {"type": "Feature", "properties": {"code": "BU0363MH03", "name": "Oostpunt Zeeburgereiland"}, "geometry": {"type": "MultiPolygon", "coordinates": [[[[4.97436, 52.37411], [4.97407, 52.37194], [4.98032, 52.36905], [4.97873, 52.36873], [4.97366, 52.36857], [4.97329, 52.36756], [4.97686, 52.36527], [4.97664, 52.36514], [4.96797, 52.3698], [4.97225, 52.37292], [4.97363, 52.37218], [4.97394, 52.37434], [4.97436, 52.37411]]]]}}, {"type": "Feature", "properties": {"code": "BU0363MH04", "name": "Baaibuurt-West"}, "geometry": {"type": "MultiPolygon", "coordinates": [[[[4.9623, 52.36857], [4.95801, 52.36843], [4.95818, 52.36687], [4.95969, 52.36714], [4.95956, 52.36646], [4.95822, 52.36617], [4.95826, 52.36601], [4.9573, 52.3659], [4.95657, 52.36846], [4.95575, 52.37334], [4.96235, 52.37205], [4.9623, 52.36857]]]]}}, {"type": "Feature", "properties": {"code": "BU0363MH05", "name": "Baaibuurt-Oost"}, "geometry": {"type": "MultiPolygon", "coordinates": [[[[4.96797, 52.3698], [4.97664, 52.36514], [4.97639, 52.365], [4.97436, 52.36581], [4.97165, 52.3649], [4.97036, 52.36328], [4.96974, 52.36353], [4.97021, 52.36488], [4.96843, 52.36673], [4.96989, 52.36821], [4.96916, 52.36862], [4.9623, 52.36857], [4.96235, 52.37205], [4.96797, 52.3698]]]]}}, {"type": "Feature", "properties": {"code": "BU0363MH06", "name": "Bovendiep/Diemerpark"}, "geometry": {"type": "MultiPolygon", "coordinates": [[[[4.96108, 52.36599], [4.9623, 52.3647], [4.96227, 52.3642], [4.96132, 52.36368], [4.96835, 52.36095], [4.96974, 52.36353], [4.97036, 52.36328], [4.96895, 52.36085], [4.9741, 52.36069], [4.97415, 52.35805], [4.97517, 52.35721], [4.98438, 52.35811], [4.98574, 52.35763], [4.98513, 52.35537], [4.99143, 52.35242], [4.9944, 52.35003], [4.99579, 52.34981], [4.997, 52.34869], [4.99839, 52.34635], [5.00254, 52.34412], [5.00581, 52.34356], [5.01064, 52.3441], [5.0123, 52.34385], [5.01226, 52.3438], [5.00907, 52.34189], [5.00416, 52.34258], [4.99932, 52.34154], [4.99834, 52.34201], [4.98991, 52.34646], [4.9838, 52.34971], [4.98036, 52.35154], [4.97671, 52.35349], [4.97248, 52.35546], [4.96959, 52.3561], [4.96454, 52.35747], [4.9613, 52.35913], [4.9573, 52.3659], [4.95826, 52.36601], [4.95831, 52.36581], [4.96108, 52.36599]]]]}}, {"type": "Feature", "properties": {"code": "BU0363MJ01", "name": "Steigereiland-Zuid"}, "geometry": {"type": "MultiPolygon", "coordinates": [[[[4.98641, 52.35997], [4.9861, 52.35979], [4.98471, 52.36033], [4.98046, 52.35857], [4.97943, 52.35948], [4.97973, 52.35964], [4.97842, 52.36082], [4.97717, 52.36031], [4.9762, 52.36109], [4.97539, 52.36077], [4.97421, 52.36183], [4.97769, 52.36426], [4.97639, 52.365], [4.97664, 52.36514], [4.98641, 52.35997]]]]}}, {"type": "Feature", "properties": {"code": "BU0363MJ02", "name": "Steigereiland-Noord"}, "geometry": {"type": "MultiPolygon", "coordinates": [[[[4.99078, 52.36377], [4.99062, 52.36365], [4.99024, 52.36379], [4.98908, 52.36296], [4.98939, 52.36279], [4.98661, 52.36082], [4.9858, 52.36124], [4.9854, 52.36092], [4.9863, 52.36043], [4.98617, 52.36032], [4.98663, 52.36008], [4.98641, 52.35997], [4.97664, 52.36514], [4.97686, 52.36527], [4.98092, 52.3633], [4.98355, 52.36439], [4.98352, 52.36473], [4.98386, 52.36475], [4.98393, 52.36454], [4.98474, 52.36488], [4.98422, 52.36522], [4.98469, 52.36567], [4.99078, 52.36377]]]]}}, {"type": "Feature", "properties": {"code": "BU0363MJ03", "name": "Rieteilanden-West"}, "geometry": {"type": "MultiPolygon", "coordinates": [[[[4.99188, 52.35702], [5.00074, 52.3523], [4.99908, 52.35114], [4.99901, 52.35117], [4.99756, 52.35031], [4.99188, 52.35288], [4.98931, 52.35472], [4.9902, 52.35493], [4.98672, 52.35664], [4.98652, 52.358], [4.98737, 52.35816], [4.98903, 52.3573], [4.98943, 52.35738], [4.9899, 52.35713], [4.99003, 52.35721], [4.98813, 52.35824], [4.9882, 52.35864], [4.9861, 52.35979], [4.98641, 52.35997], [4.99188, 52.35702]]]]}}, {"type": "Feature", "properties": {"code": "BU0363MJ04", "name": "Joris Ivenspleinbuurt"}, "geometry": {"type": "MultiPolygon", "coordinates": [[[[4.99715, 52.35936], [4.99188, 52.35702], [4.98641, 52.35997], [4.98663, 52.36008], [4.98708, 52.35986], [4.98739, 52.35997], [4.9877, 52.35979], [4.99208, 52.36166], [4.99715, 52.35936]]]]}}, {"type": "Feature", "properties": {"code": "BU0363MJ05", "name": "Ed Pelsterparkbuurt"}, "geometry": {"type": "MultiPolygon", "coordinates": [[[[5.00624, 52.35455], [5.00535, 52.35376], [5.00388, 52.35451], [5.00074, 52.3523], [4.99188, 52.35702], [4.99715, 52.35936], [5.00576, 52.35481], [5.00613, 52.35506], [5.00659, 52.35482], [5.00624, 52.35455]]]]}}, {"type": "Feature", "properties": {"code": "BU0363MK01", "name": "Buiteneiland"}, "geometry": {"type": "MultiPolygon", "coordinates": [[[[5.01453, 52.36797], [5.01275, 52.36729], [5.002, 52.36628], [5.00155, 52.36682], [5.01453, 52.36797]]]]}}, {"type": "Feature", "properties": {"code": "BU0363MK02", "name": "Pampusbuurt-West"}, "geometry": {"type": "MultiPolygon", "coordinates": [[[[5.01988, 52.3559], [5.01571, 52.35457], [5.01525, 52.35509], [5.01982, 52.35633], [5.01988, 52.3559]]]]}}, {"type": "Feature", "properties": {"code": "BU0363MK03", "name": "Pampusbuurt-Oost"}, "geometry": {"type": "MultiPolygon", "coordinates": [[[[5.02051, 52.3561], [5.01988, 52.3559], [5.01982, 52.35633], [5.02042, 52.35647], [5.02051, 52.3561]]]]}}, {"type": "Feature", "properties": {"code": "BU0363MK04", "name": "Centrumeiland"}, "geometry": {"type": "MultiPolygon", "coordinates": [[[[5.01525, 52.35509], [5.01571, 52.35457], [5.0165, 52.35368], [5.0191, 52.35038], [5.01881, 52.34989], [5.01515, 52.34861], [5.01551, 52.34795], [5.01515, 52.34783], [5.01529, 52.34763], [5.01512, 52.34743], [5.01478, 52.34784], [5.01433, 52.34781], [5.00997, 52.35274], [5.00952, 52.35326], [5.01355, 52.35455], [5.01378, 52.35513], [5.01403, 52.35518], [5.0144, 52.35482], [5.01525, 52.35509]]]]}}, {"type": "Feature", "properties": {"code": "BU0363MK05", "name": "Muidenbuurt-West"}, "geometry": {"type": "MultiPolygon", "coordinates": [[[[5.02125, 52.3541], [5.0206, 52.35387], [5.01826, 52.35378], [5.01718, 52.35401], [5.0165, 52.35368], [5.01571, 52.35457], [5.01988, 52.3559], [5.02051, 52.3561], [5.02113, 52.35547], [5.02125, 52.3541]]]]}}, {"type": "Feature", "properties": {"code": "BU0363ML01", "name": "Havenkwartier IJburg"}, "geometry": {"type": "MultiPolygon", "coordinates": [[[[5.00624, 52.35455], [5.00952, 52.35326], [5.00997, 52.35274], [5.00349, 52.35084], [5.00074, 52.3523], [5.00388, 52.35451], [5.00535, 52.35376], [5.00624, 52.35455]]]]}}, {"type": "Feature", "properties": {"code": "BU0363ML02", "name": "Theo van Goghparkbuurt"}, "geometry": {"type": "MultiPolygon", "coordinates": [[[[5.01433, 52.34781], [5.01416, 52.34756], [5.01457, 52.34707], [5.00909, 52.34504], [5.00363, 52.34781], [4.99879, 52.3508], [4.99919, 52.35108], [4.99908, 52.35114], [5.00074, 52.3523], [5.00349, 52.35084], [5.00997, 52.35274], [5.01433, 52.34781]]]]}}, {"type": "Feature", "properties": {"code": "BU0363ML03", "name": "Rieteiland-Oost"}, "geometry": {"type": "MultiPolygon", "coordinates": [[[[4.99834, 52.34846], [5.00496, 52.34614], [5.00753, 52.34442], [5.00513, 52.34417], [4.9994, 52.34626], [4.99834, 52.34846]]]]}}, {"type": "Feature", "properties": {"code": "BU0363MM01", "name": "Van der Kunbuurt"}, "geometry": {"type": "MultiPolygon", "coordinates": [[[[4.9166, 52.34788], [4.91741, 52.3465], [4.91319, 52.3456], [4.9127, 52.34734], [4.91223, 52.34811], [4.91541, 52.34954], [4.9166, 52.34788]]]]}}, {"type": "Feature", "properties": {"code": "BU0363MM02", "name": "De Eenhoorn"}, "geometry": {"type": "MultiPolygon", "coordinates": [[[[4.92505, 52.35009], [4.92374, 52.34867], [4.9166, 52.34788], [4.91541, 52.34954], [4.91649, 52.35002], [4.92161, 52.35233], [4.92505, 52.35009]]]]}}, {"type": "Feature", "properties": {"code": "BU0363MM03", "name": "Don Bosco"}, "geometry": {"type": "MultiPolygon", "coordinates": [[[[4.93056, 52.35374], [4.92505, 52.35009], [4.92161, 52.35233], [4.92823, 52.35534], [4.93056, 52.35374]]]]}}, {"type": "Feature", "properties": {"code": "BU0363MM04", "name": "Julianapark"}, "geometry": {"type": "MultiPolygon", "coordinates": [[[[4.92374, 52.34867], [4.92749, 52.34657], [4.92557, 52.34594], [4.91954, 52.34559], [4.91957, 52.34366], [4.91741, 52.3465], [4.9166, 52.34788], [4.92374, 52.34867]]]]}}, {"type": "Feature", "properties": {"code": "BU0363MM05", "name": "Frankendael"}, "geometry": {"type": "MultiPolygon", "coordinates": [[[[4.93517, 52.35088], [4.92749, 52.34657], [4.92374, 52.34867], [4.92505, 52.35009], [4.93056, 52.35374], [4.93517, 52.35088]]]]}}, {"type": "Feature", "properties": {"code": "BU0363MM06", "name": "Tuindorp Amstelstation"}, "geometry": {"type": "MultiPolygon", "coordinates": [[[[4.92129, 52.3425], [4.92047, 52.34276], [4.91957, 52.34366], [4.91954, 52.34559], [4.92557, 52.34594], [4.92129, 52.3425]]]]}}, {"type": "Feature", "properties": {"code": "BU0363MM07", "name": "De Wetbuurt"}, "geometry": {"type": "MultiPolygon", "coordinates": [[[[4.93262, 52.34309], [4.92714, 52.33981], [4.92129, 52.3425], [4.92557, 52.34594], [4.92749, 52.34657], [4.93262, 52.34309]]]]}}, {"type": "Feature", "properties": {"code": "BU0363MM08", "name": "Tuindorp Frankendael"}, "geometry": {"type": "MultiPolygon", "coordinates": [[[[4.94018, 52.34778], [4.93262, 52.34309], [4.92749, 52.34657], [4.93517, 52.35088], [4.94018, 52.34778]]]]}}, {"type": "Feature", "properties": {"code": "BU0363MN01", "name": "Linnaeusparkbuurt"}, "geometry": {"type": "MultiPolygon", "coordinates": [[[[4.93764, 52.35749], [4.93268, 52.35495], [4.9368, 52.35234], [4.93517, 52.35088], [4.93056, 52.35374], [4.92823, 52.35534], [4.93714, 52.35769], [4.93764, 52.35749]]]]}}, {"type": "Feature", "properties": {"code": "BU0363MN02", "name": "Middenmeer-Noord"}, "geometry": {"type": "MultiPolygon", "coordinates": [[[[4.94189, 52.35574], [4.9368, 52.35234], [4.93268, 52.35495], [4.93764, 52.35749], [4.94189, 52.35574]]]]}}, {"type": "Feature", "properties": {"code": "BU0363MN03", "name": "Middenmeer-Zuid"}, "geometry": {"type": "MultiPolygon", "coordinates": [[[[4.9488, 52.35283], [4.94431, 52.35024], [4.94018, 52.34778], [4.93517, 52.35088], [4.9368, 52.35234], [4.94189, 52.35574], [4.9488, 52.35283]]]]}}, {"type": "Feature", "properties": {"code": "BU0363MN04", "name": "Science Park-Noord"}, "geometry": {"type": "MultiPolygon", "coordinates": [[[[4.94468, 52.35826], [4.95649, 52.35779], [4.9488, 52.35283], [4.94189, 52.35574], [4.93764, 52.35749], [4.93714, 52.35769], [4.93743, 52.35774], [4.94094, 52.35841], [4.94468, 52.35826]]]]}}, {"type": "Feature", "properties": {"code": "BU0363MN05", "name": "Science Park-Zuid"}, "geometry": {"type": "MultiPolygon", "coordinates": [[[[4.96454, 52.35747], [4.96959, 52.3561], [4.96931, 52.35561], [4.9695, 52.35558], [4.96952, 52.3555], [4.96887, 52.35515], [4.96624, 52.35416], [4.96586, 52.35465], [4.96454, 52.35277], [4.96043, 52.34794], [4.95535, 52.35007], [4.9488, 52.35283], [4.95649, 52.35779], [4.9613, 52.35913], [4.96454, 52.35747]]]]}}, {"type": "Feature", "properties": {"code": "BU0363MN06", "name": "Sportpark Middenmeer-Zuid"}, "geometry": {"type": "MultiPolygon", "coordinates": [[[[4.95003, 52.34698], [4.94563, 52.34434], [4.9453, 52.34455], [4.94018, 52.34778], [4.94431, 52.35024], [4.95003, 52.34698]]]]}}, {"type": "Feature", "properties": {"code": "BU0363MN07", "name": "Sportpark Middenmeer-Noord"}, "geometry": {"type": "MultiPolygon", "coordinates": [[[[4.95535, 52.35007], [4.95003, 52.34698], [4.94431, 52.35024], [4.9488, 52.35283], [4.95535, 52.35007]]]]}}, {"type": "Feature", "properties": {"code": "BU0363MN08", "name": "Park de Meer"}, "geometry": {"type": "MultiPolygon", "coordinates": [[[[4.95627, 52.34359], [4.95273, 52.34016], [4.94563, 52.34434], [4.95003, 52.34698], [4.95627, 52.34359]]]]}}, {"type": "Feature", "properties": {"code": "BU0363MN09", "name": "Sportpark Voorland"}, "geometry": {"type": "MultiPolygon", "coordinates": [[[[4.96043, 52.34794], [4.96038, 52.34789], [4.95636, 52.34368], [4.95627, 52.34359], [4.95003, 52.34698], [4.95535, 52.35007], [4.96043, 52.34794]]]]}}, {"type": "Feature", "properties": {"code": "BU0363MP01", "name": "Drieburg"}, "geometry": {"type": "MultiPolygon", "coordinates": [[[[4.9378, 52.33955], [4.943, 52.33657], [4.9426, 52.33652], [4.92914, 52.33897], [4.92714, 52.33981], [4.93262, 52.34309], [4.9378, 52.33955]]]]}}, {"type": "Feature", "properties": {"code": "BU0363MP02", "name": "Nieuwe Oosterbegraafplaats"}, "geometry": {"type": "MultiPolygon", "coordinates": [[[[4.9453, 52.34455], [4.9378, 52.33955], [4.93262, 52.34309], [4.94018, 52.34778], [4.9453, 52.34455]]]]}}, {"type": "Feature", "properties": {"code": "BU0363MP03", "name": "Betondorp"}, "geometry": {"type": "MultiPolygon", "coordinates": [[[[4.94563, 52.34434], [4.95273, 52.34016], [4.9525, 52.34001], [4.9497, 52.33873], [4.94986, 52.33853], [4.94375, 52.33674], [4.9438, 52.33671], [4.943, 52.33657], [4.9378, 52.33955], [4.9453, 52.34455], [4.94563, 52.34434]]]]}}, {"type": "Feature", "properties": {"code": "BU0363MQ01", "name": "De Omval"}, "geometry": {"type": "MultiPolygon", "coordinates": [[[[4.91957, 52.34366], [4.92047, 52.34276], [4.91945, 52.34258], [4.91496, 52.34186], [4.91413, 52.34353], [4.91319, 52.3456], [4.91741, 52.3465], [4.91957, 52.34366]]]]}}, {"type": "Feature", "properties": {"code": "BU0363MQ02", "name": "Overamstel"}, "geometry": {"type": "MultiPolygon", "coordinates": [[[[4.91428, 52.32041], [4.91238, 52.31825], [4.90913, 52.31825], [4.90784, 52.31951], [4.90253, 52.32132], [4.89828, 52.32164], [4.89629, 52.32242], [4.89525, 52.3242], [4.89825, 52.32897], [4.89875, 52.33279], [4.90624, 52.32948], [4.91326, 52.3284], [4.91326, 52.3284], [4.91359, 52.32633], [4.91388, 52.32455], [4.9111, 52.3241], [4.91033, 52.32357], [4.91134, 52.32288], [4.91081, 52.32188], [4.91428, 52.32041]]]]}}, {"type": "Feature", "properties": {"code": "BU0363MQ03", "name": "Amstelglorie"}, "geometry": {"type": "MultiPolygon", "coordinates": [[[[4.9111, 52.33608], [4.91293, 52.33051], [4.91326, 52.3284], [4.90624, 52.32948], [4.89875, 52.33279], [4.9002, 52.33338], [4.90425, 52.33357], [4.90679, 52.33596], [4.90748, 52.33796], [4.9111, 52.33608]]]]}}, {"type": "Feature", "properties": {"code": "BU0363MQ04", "name": "Amstelkwartier-West"}, "geometry": {"type": "MultiPolygon", "coordinates": [[[[4.91521, 52.33466], [4.91748, 52.33154], [4.91293, 52.33051], [4.9111, 52.33608], [4.90748, 52.33796], [4.90942, 52.33877], [4.91179, 52.33946], [4.91521, 52.33466]]]]}}, {"type": "Feature", "properties": {"code": "BU0363MQ05", "name": "Amstelkwartier-Noord"}, "geometry": {"type": "MultiPolygon", "coordinates": [[[[4.92217, 52.3383], [4.92026, 52.33761], [4.91955, 52.3358], [4.91521, 52.33466], [4.91179, 52.33946], [4.91496, 52.34186], [4.91945, 52.34258], [4.92217, 52.3383]]]]}}, {"type": "Feature", "properties": {"code": "BU0363MQ06", "name": "Amstelkwartier-Zuid"}, "geometry": {"type": "MultiPolygon", "coordinates": [[[[4.92495, 52.33538], [4.92376, 52.33544], [4.92255, 52.33308], [4.91748, 52.33154], [4.91521, 52.33466], [4.91955, 52.3358], [4.92026, 52.33761], [4.92217, 52.3383], [4.92495, 52.33538]]]]}}, {"type": "Feature", "properties": {"code": "BU0363MQ07", "name": "Weespertrekvaart"}, "geometry": {"type": "MultiPolygon", "coordinates": [[[[4.92129, 52.3425], [4.92714, 52.33981], [4.92914, 52.33897], [4.9426, 52.33652], [4.94172, 52.33641], [4.9417, 52.33553], [4.93967, 52.33561], [4.93651, 52.33459], [4.93562, 52.33551], [4.93422, 52.3355], [4.92849, 52.33655], [4.92677, 52.33596], [4.92694, 52.33578], [4.92577, 52.33537], [4.92536, 52.33538], [4.92495, 52.33538], [4.92217, 52.3383], [4.91945, 52.34258], [4.92047, 52.34276], [4.92129, 52.3425]]]]}}, {"type": "Feature", "properties": {"code": "BU0363NA01", "name": "Noorder IJplas"}, "geometry": {"type": "MultiPolygon", "coordinates": [[[[4.87146, 52.4301], [4.87321, 52.42955], [4.87362, 52.42847], [4.87657, 52.42623], [4.87432, 52.42274], [4.86776, 52.41827], [4.86362, 52.4139], [4.85571, 52.41632], [4.85608, 52.41666], [4.85986, 52.42047], [4.85783, 52.42398], [4.85795, 52.42472], [4.86221, 52.42856], [4.8627, 52.4296], [4.8628, 52.42962], [4.86268, 52.42994], [4.86419, 52.43026], [4.86421, 52.43037], [4.86501, 52.43055], [4.86526, 52.43054], [4.86597, 52.43068], [4.86954, 52.42985], [4.87146, 52.4301]]]]}}, {"type": "Feature", "properties": {"code": "BU0363NA02", "name": "Melkweg/Oostzanerwerf"}, "geometry": {"type": "MultiPolygon", "coordinates": [[[[4.88165, 52.42566], [4.8836, 52.42097], [4.88015, 52.41979], [4.87926, 52.41909], [4.87501, 52.41613], [4.87299, 52.41612], [4.86776, 52.41827], [4.87432, 52.42274], [4.87657, 52.42623], [4.87899, 52.4257], [4.88165, 52.42566]]]]}}, {"type": "Feature", "properties": {"code": "BU0363NA03", "name": "Walvisbuurt"}, "geometry": {"type": "MultiPolygon", "coordinates": [[[[4.88768, 52.42559], [4.89655, 52.41647], [4.89454, 52.41653], [4.89421, 52.4178], [4.89048, 52.42155], [4.88435, 52.42111], [4.8836, 52.42097], [4.88165, 52.42566], [4.88686, 52.42556], [4.88768, 52.42559]]]]}}, {"type": "Feature", "properties": {"code": "BU0363NA04", "name": "Twiske-West"}, "geometry": {"type": "MultiPolygon", "coordinates": [[[[4.89874, 52.42446], [4.89857, 52.42057], [4.89823, 52.41684], [4.89655, 52.41647], [4.88768, 52.42559], [4.88814, 52.42562], [4.89268, 52.42542], [4.89874, 52.42446]]]]}}, {"type": "Feature", "properties": {"code": "BU0363NA05", "name": "Oostzanerdijk"}, "geometry": {"type": "MultiPolygon", "coordinates": [[[[4.88598, 52.41508], [4.88953, 52.41543], [4.88941, 52.41581], [4.89454, 52.41653], [4.89655, 52.41647], [4.89823, 52.41684], [4.89784, 52.41529], [4.89591, 52.41589], [4.886, 52.41472], [4.88301, 52.4168], [4.87926, 52.41909], [4.88015, 52.41979], [4.88598, 52.41508]]]]}}, {"type": "Feature", "properties": {"code": "BU0363NA06", "name": "Circus/Kermisbuurt"}, "geometry": {"type": "MultiPolygon", "coordinates": [[[[4.88742, 52.41587], [4.88941, 52.41581], [4.88953, 52.41543], [4.88598, 52.41508], [4.88015, 52.41979], [4.8836, 52.42097], [4.88435, 52.42111], [4.88742, 52.41587]]]]}}, {"type": "Feature", "properties": {"code": "BU0363NA07", "name": "Molenwijk"}, "geometry": {"type": "MultiPolygon", "coordinates": [[[[4.89048, 52.42155], [4.89421, 52.4178], [4.89454, 52.41653], [4.88941, 52.41581], [4.88742, 52.41587], [4.88435, 52.42111], [4.89048, 52.42155]]]]}}, {"type": "Feature", "properties": {"code": "BU0363NB01", "name": "Cornelis Douwesterrein-West"}, "geometry": {"type": "MultiPolygon", "coordinates": [[[[4.87299, 52.41612], [4.87501, 52.41613], [4.87934, 52.41393], [4.87984, 52.41336], [4.87343, 52.40838], [4.86362, 52.4139], [4.86776, 52.41827], [4.87299, 52.41612]]]]}}, {"type": "Feature", "properties": {"code": "BU0363NB02", "name": "Cornelis Douwesterrein-Oost"}, "geometry": {"type": "MultiPolygon", "coordinates": [[[[4.89051, 52.4082], [4.89254, 52.40706], [4.89114, 52.40529], [4.88859, 52.40651], [4.8827, 52.4017], [4.87777, 52.40525], [4.87343, 52.40838], [4.87984, 52.41336], [4.89051, 52.4082]]]]}}, {"type": "Feature", "properties": {"code": "BU0363NB03", "name": "NDSM terrein"}, "geometry": {"type": "MultiPolygon", "coordinates": [[[[4.89461, 52.40414], [4.90019, 52.40147], [4.89602, 52.39806], [4.89155, 52.39511], [4.88585, 52.39938], [4.88338, 52.4012], [4.8827, 52.4017], [4.88859, 52.40651], [4.89114, 52.40529], [4.89254, 52.40706], [4.89461, 52.40414]]]]}}, {"type": "Feature", "properties": {"code": "BU0363NB04", "name": "Buiksloterham-Zuid"}, "geometry": {"type": "MultiPolygon", "coordinates": [[[[4.90856, 52.39333], [4.90624, 52.39097], [4.90605, 52.3889], [4.90314, 52.38838], [4.902, 52.39069], [4.89467, 52.38994], [4.89321, 52.39356], [4.89155, 52.39511], [4.89602, 52.39806], [4.90856, 52.39333]]]]}}, {"type": "Feature", "properties": {"code": "BU0363NB05", "name": "Buiksloterham-Noord"}, "geometry": {"type": "MultiPolygon", "coordinates": [[[[4.90917, 52.39774], [4.91067, 52.39699], [4.91274, 52.39355], [4.91273, 52.39215], [4.90856, 52.39333], [4.89602, 52.39806], [4.90019, 52.40147], [4.90917, 52.39774]]]]}}, {"type": "Feature", "properties": {"code": "BU0363NB06", "name": "Klaprozenbuurt"}, "geometry": {"type": "MultiPolygon", "coordinates": [[[[4.90891, 52.40095], [4.90913, 52.3998], [4.90917, 52.39774], [4.90019, 52.40147], [4.90211, 52.40378], [4.9024, 52.40405], [4.90891, 52.40095]]]]}}, {"type": "Feature", "properties": {"code": "BU0363NB07", "name": "Overhoeks"}, "geometry": {"type": "MultiPolygon", "coordinates": [[[[4.90314, 52.38838], [4.90605, 52.3889], [4.90721, 52.38648], [4.90661, 52.38528], [4.90005, 52.38215], [4.89877, 52.38297], [4.89624, 52.38565], [4.89508, 52.38869], [4.89467, 52.38994], [4.902, 52.39069], [4.90314, 52.38838]]]]}}, {"type": "Feature", "properties": {"code": "BU0363NC01", "name": "Tuindorp Oostzaan-West"}, "geometry": {"type": "MultiPolygon", "coordinates": [[[[4.88301, 52.4168], [4.87934, 52.41393], [4.87501, 52.41613], [4.87926, 52.41909], [4.88301, 52.4168]]]]}}, {"type": "Feature", "properties": {"code": "BU0363NC02", "name": "Tuindorp Oostzaan-Oost"}, "geometry": {"type": "MultiPolygon", "coordinates": [[[[4.886, 52.41472], [4.89591, 52.41589], [4.89405, 52.41434], [4.89417, 52.41176], [4.89051, 52.4082], [4.87984, 52.41336], [4.87934, 52.41393], [4.88301, 52.4168], [4.886, 52.41472]]]]}}, {"type": "Feature", "properties": {"code": "BU0363NC03", "name": "Terrasdorp"}, "geometry": {"type": "MultiPolygon", "coordinates": [[[[4.89784, 52.41529], [4.90204, 52.41229], [4.89903, 52.40517], [4.90211, 52.40378], [4.90019, 52.40147], [4.89461, 52.40414], [4.89254, 52.40706], [4.89051, 52.4082], [4.89417, 52.41176], [4.89405, 52.41434], [4.89591, 52.41589], [4.89784, 52.41529]]]]}}, {"type": "Feature", "properties": {"code": "BU0363NC04", "name": "De Bongerd"}, "geometry": {"type": "MultiPolygon", "coordinates": [[[[4.90738, 52.4079], [4.90522, 52.4056], [4.9024, 52.40405], [4.90211, 52.40378], [4.89903, 52.40517], [4.90204, 52.41229], [4.90738, 52.4079]]]]}}, {"type": "Feature", "properties": {"code": "BU0363ND01", "name": "Twiske-Oost"}, "geometry": {"type": "MultiPolygon", "coordinates": [[[[4.90569, 52.42213], [4.90745, 52.42126], [4.90807, 52.4211], [4.90796, 52.42087], [4.90715, 52.41996], [4.89857, 52.42057], [4.89874, 52.42446], [4.89874, 52.42449], [4.90569, 52.42213]]]]}}, {"type": "Feature", "properties": {"code": "BU0363ND02", "name": "Kadoelen"}, "geometry": {"type": "MultiPolygon", "coordinates": [[[[4.90966, 52.42025], [4.9143, 52.4185], [4.91566, 52.41857], [4.92045, 52.41661], [4.91275, 52.41023], [4.90903, 52.40802], [4.90738, 52.4079], [4.90204, 52.41229], [4.89784, 52.41529], [4.89823, 52.41684], [4.89857, 52.42057], [4.90715, 52.41996], [4.90796, 52.42087], [4.90868, 52.42072], [4.90966, 52.42025]]]]}}, {"type": "Feature", "properties": {"code": "BU0363NE01", "name": "Banne-Noordwest"}, "geometry": {"type": "MultiPolygon", "coordinates": [[[[4.92274, 52.41553], [4.91972, 52.41287], [4.92249, 52.41167], [4.92297, 52.41082], [4.9189, 52.40743], [4.91519, 52.40913], [4.91275, 52.41023], [4.92045, 52.41661], [4.92274, 52.41553]]]]}}, {"type": "Feature", "properties": {"code": "BU0363NE02", "name": "Banne-Noordoost"}, "geometry": {"type": "MultiPolygon", "coordinates": [[[[4.93072, 52.41161], [4.92965, 52.41101], [4.92559, 52.40728], [4.92506, 52.4048], [4.9189, 52.40743], [4.92297, 52.41082], [4.92249, 52.41167], [4.91972, 52.41287], [4.92274, 52.41553], [4.93072, 52.41161]]]]}}, {"type": "Feature", "properties": {"code": "BU0363NE03", "name": "Banne-Zuidwest"}, "geometry": {"type": "MultiPolygon", "coordinates": [[[[4.91519, 52.40913], [4.91328, 52.40754], [4.91372, 52.40472], [4.91138, 52.40239], [4.90509, 52.40425], [4.90522, 52.4056], [4.90738, 52.4079], [4.90903, 52.40802], [4.91275, 52.41023], [4.91519, 52.40913]]]]}}, {"type": "Feature", "properties": {"code": "BU0363NE04", "name": "Banne-Zuidoost"}, "geometry": {"type": "MultiPolygon", "coordinates": [[[[4.9189, 52.40743], [4.92506, 52.4048], [4.9223, 52.39935], [4.9221, 52.39926], [4.91986, 52.4004], [4.91472, 52.4015], [4.91138, 52.40239], [4.91372, 52.40472], [4.91328, 52.40754], [4.91519, 52.40913], [4.9189, 52.40743]]]]}}, {"type": "Feature", "properties": {"code": "BU0363NE05", "name": "Buiksloterbreek"}, "geometry": {"type": "MultiPolygon", "coordinates": [[[[4.90509, 52.40425], [4.91138, 52.40239], [4.91067, 52.40078], [4.90891, 52.40095], [4.9024, 52.40405], [4.90522, 52.4056], [4.90509, 52.40425]]]]}}, {"type": "Feature", "properties": {"code": "BU0363NE06", "name": "Marjoleinterrein"}, "geometry": {"type": "MultiPolygon", "coordinates": [[[[4.91472, 52.4015], [4.91483, 52.4009], [4.91067, 52.40078], [4.91138, 52.40239], [4.91472, 52.4015]]]]}}, {"type": "Feature", "properties": {"code": "BU0363NF01", "name": "Buiksloterdijk-West"}, "geometry": {"type": "MultiPolygon", "coordinates": [[[[4.91986, 52.4004], [4.9221, 52.39926], [4.92154, 52.39907], [4.91483, 52.4009], [4.91472, 52.4015], [4.91986, 52.4004]]]]}}, {"type": "Feature", "properties": {"code": "BU0363NF02", "name": "Buiksloterdijk-Oost"}, "geometry": {"type": "MultiPolygon", "coordinates": [[[[4.92274, 52.39867], [4.92483, 52.39562], [4.92454, 52.39526], [4.92421, 52.39484], [4.92391, 52.39443], [4.92154, 52.39907], [4.9221, 52.39926], [4.9223, 52.39935], [4.92274, 52.39867]]]]}}, {"type": "Feature", "properties": {"code": "BU0363NF03", "name": "Nieuwendammerdijk-West"}, "geometry": {"type": "MultiPolygon", "coordinates": [[[[4.92514, 52.39118], [4.93237, 52.39186], [4.93389, 52.39299], [4.93501, 52.39308], [4.94102, 52.39125], [4.93962, 52.38994], [4.9384, 52.39077], [4.93409, 52.39138], [4.92475, 52.39067], [4.92391, 52.39443], [4.92421, 52.39484], [4.92514, 52.39118]]]]}}, {"type": "Feature", "properties": {"code": "BU0363NF04", "name": "Nieuwendammerdijk-Oost"}, "geometry": {"type": "MultiPolygon", "coordinates": [[[[4.94794, 52.38688], [4.95242, 52.38672], [4.95242, 52.38631], [4.94905, 52.38583], [4.94314, 52.3899], [4.93896, 52.38824], [4.93962, 52.38994], [4.94102, 52.39125], [4.94794, 52.38688]]]]}}, {"type": "Feature", "properties": {"code": "BU0363NF05", "name": "Nieuwendammerdijk-Zuid"}, "geometry": {"type": "MultiPolygon", "coordinates": [[[[4.94905, 52.38583], [4.94473, 52.3861], [4.94453, 52.38564], [4.93837, 52.38673], [4.93896, 52.38824], [4.94314, 52.3899], [4.94905, 52.38583]]]]}}, {"type": "Feature", "properties": {"code": "BU0363NG01", "name": "Elzenhagen-Noord"}, "geometry": {"type": "MultiPolygon", "coordinates": [[[[4.93921, 52.40736], [4.93277, 52.40229], [4.92506, 52.4048], [4.92559, 52.40728], [4.92965, 52.41101], [4.93921, 52.40736]]]]}}, {"type": "Feature", "properties": {"code": "BU0363NG02", "name": "Elzenhagen-Zuid"}, "geometry": {"type": "MultiPolygon", "coordinates": [[[[4.93277, 52.40229], [4.92661, 52.39744], [4.92274, 52.39867], [4.9223, 52.39935], [4.92506, 52.4048], [4.93277, 52.40229]]]]}}, {"type": "Feature", "properties": {"code": "BU0363NG03", "name": "Nintemanterrein"}, "geometry": {"type": "MultiPolygon", "coordinates": [[[[4.92661, 52.39744], [4.92483, 52.39562], [4.92274, 52.39867], [4.92661, 52.39744]]]]}}, {"type": "Feature", "properties": {"code": "BU0363NH01", "name": "Buikslotermeer-Noord"}, "geometry": {"type": "MultiPolygon", "coordinates": [[[[4.9518, 52.4028], [4.94733, 52.39863], [4.94545, 52.39919], [4.94736, 52.40106], [4.9399, 52.40404], [4.93585, 52.40107], [4.93277, 52.40229], [4.93921, 52.40736], [4.9518, 52.4028]]]]}}, {"type": "Feature", "properties": {"code": "BU0363NH02", "name": "De Kleine Wereld"}, "geometry": {"type": "MultiPolygon", "coordinates": [[[[4.9399, 52.40404], [4.94736, 52.40106], [4.94545, 52.39919], [4.94038, 52.39925], [4.93585, 52.40107], [4.9399, 52.40404]]]]}}, {"type": "Feature", "properties": {"code": "BU0363NH03", "name": "Loenermark"}, "geometry": {"type": "MultiPolygon", "coordinates": [[[[4.93585, 52.40107], [4.93353, 52.39926], [4.92972, 52.39619], [4.92661, 52.39744], [4.93277, 52.40229], [4.93585, 52.40107]]]]}}, {"type": "Feature", "properties": {"code": "BU0363NH04", "name": "Buikslotermeerplein"}, "geometry": {"type": "MultiPolygon", "coordinates": [[[[4.94038, 52.39925], [4.94545, 52.39919], [4.94733, 52.39863], [4.94656, 52.39791], [4.94478, 52.39807], [4.94237, 52.39581], [4.93353, 52.39926], [4.93585, 52.40107], [4.94038, 52.39925]]]]}}, {"type": "Feature", "properties": {"code": "BU0363NH05", "name": "Plan van Gool"}, "geometry": {"type": "MultiPolygon", "coordinates": [[[[4.94237, 52.39581], [4.94093, 52.39447], [4.93677, 52.39357], [4.92972, 52.39619], [4.93353, 52.39926], [4.94237, 52.39581]]]]}}, {"type": "Feature", "properties": {"code": "BU0363NH06", "name": "Rode Kruisbuurt"}, "geometry": {"type": "MultiPolygon", "coordinates": [[[[4.92972, 52.39619], [4.93677, 52.39357], [4.93501, 52.39308], [4.93389, 52.39299], [4.92454, 52.39526], [4.92483, 52.39562], [4.92661, 52.39744], [4.92972, 52.39619]]]]}}, {"type": "Feature", "properties": {"code": "BU0363NJ01", "name": "Markengouw-Noord"}, "geometry": {"type": "MultiPolygon", "coordinates": [[[[4.95396, 52.40165], [4.95075, 52.39761], [4.94733, 52.39863], [4.9518, 52.4028], [4.95396, 52.40165]]]]}}, {"type": "Feature", "properties": {"code": "BU0363NJ02", "name": "Markengouw-Midden"}, "geometry": {"type": "MultiPolygon", "coordinates": [[[[4.95491, 52.40109], [4.95971, 52.39776], [4.96354, 52.39389], [4.9573, 52.39218], [4.95418, 52.39632], [4.95075, 52.39761], [4.95396, 52.40165], [4.95491, 52.40109]]]]}}, {"type": "Feature", "properties": {"code": "BU0363NJ03", "name": "Markengouw-Zuid"}, "geometry": {"type": "MultiPolygon", "coordinates": [[[[4.96686, 52.39], [4.9603, 52.38849], [4.9573, 52.39218], [4.96354, 52.39389], [4.96686, 52.39]]]]}}, {"type": "Feature", "properties": {"code": "BU0363NJ04", "name": "Werengouw-Noord"}, "geometry": {"type": "MultiPolygon", "coordinates": [[[[4.95075, 52.39761], [4.94913, 52.39558], [4.94648, 52.39636], [4.94421, 52.39349], [4.94337, 52.39374], [4.94093, 52.39447], [4.94237, 52.39581], [4.94478, 52.39807], [4.94656, 52.39791], [4.94733, 52.39863], [4.95075, 52.39761]]]]}}, {"type": "Feature", "properties": {"code": "BU0363NJ05", "name": "Werengouw-Midden"}, "geometry": {"type": "MultiPolygon", "coordinates": [[[[4.95418, 52.39632], [4.9573, 52.39218], [4.95193, 52.39071], [4.94421, 52.39349], [4.94648, 52.39636], [4.94913, 52.39558], [4.95075, 52.39761], [4.95418, 52.39632]]]]}}, {"type": "Feature", "properties": {"code": "BU0363NJ06", "name": "Werengouw-Zuid"}, "geometry": {"type": "MultiPolygon", "coordinates": [[[[4.9603, 52.38849], [4.95242, 52.38631], [4.95242, 52.38672], [4.95193, 52.39071], [4.9573, 52.39218], [4.9603, 52.38849]]]]}}, {"type": "Feature", "properties": {"code": "BU0363NK01", "name": "Bloemenbuurt-Noord"}, "geometry": {"type": "MultiPolygon", "coordinates": [[[[4.91067, 52.40078], [4.91483, 52.4009], [4.92154, 52.39907], [4.92082, 52.39848], [4.92227, 52.39653], [4.92131, 52.39457], [4.91413, 52.39606], [4.91084, 52.39999], [4.90913, 52.3998], [4.90891, 52.40095], [4.91067, 52.40078]]]]}}, {"type": "Feature", "properties": {"code": "BU0363NK02", "name": "Bloemenbuurt-Zuid"}, "geometry": {"type": "MultiPolygon", "coordinates": [[[[4.91413, 52.39606], [4.92131, 52.39457], [4.91823, 52.38974], [4.91273, 52.39215], [4.91274, 52.39355], [4.91067, 52.39699], [4.90917, 52.39774], [4.90913, 52.3998], [4.91084, 52.39999], [4.91413, 52.39606]]]]}}, {"type": "Feature", "properties": {"code": "BU0363NK03", "name": "Van der Pekbuurt"}, "geometry": {"type": "MultiPolygon", "coordinates": [[[[4.91273, 52.39215], [4.91823, 52.38974], [4.91445, 52.38703], [4.90747, 52.3837], [4.90209, 52.38119], [4.90005, 52.38215], [4.90661, 52.38528], [4.90721, 52.38648], [4.90605, 52.3889], [4.90624, 52.39097], [4.90856, 52.39333], [4.91273, 52.39215]]]]}}, {"type": "Feature", "properties": {"code": "BU0363NL01", "name": "Vogelbuurt-Noord"}, "geometry": {"type": "MultiPolygon", "coordinates": [[[[4.92391, 52.39443], [4.92475, 52.39067], [4.92501, 52.38914], [4.92967, 52.38742], [4.92829, 52.38625], [4.92391, 52.38756], [4.91823, 52.38974], [4.92131, 52.39457], [4.92227, 52.39653], [4.92082, 52.39848], [4.92154, 52.39907], [4.92391, 52.39443]]]]}}, {"type": "Feature", "properties": {"code": "BU0363NL02", "name": "Vliegenbos"}, "geometry": {"type": "MultiPolygon", "coordinates": [[[[4.93409, 52.39138], [4.9384, 52.39077], [4.93962, 52.38994], [4.93896, 52.38824], [4.93837, 52.38673], [4.93296, 52.38761], [4.9323, 52.38642], [4.92967, 52.38742], [4.92501, 52.38914], [4.92475, 52.39067], [4.93409, 52.39138]]]]}}, {"type": "Feature", "properties": {"code": "BU0363NL03", "name": "Vogelbuurt-Zuid"}, "geometry": {"type": "MultiPolygon", "coordinates": [[[[4.92391, 52.38756], [4.91894, 52.38551], [4.91421, 52.38316], [4.9086, 52.38322], [4.90747, 52.3837], [4.91445, 52.38703], [4.91823, 52.38974], [4.92391, 52.38756]]]]}}, {"type": "Feature", "properties": {"code": "BU0363NL04", "name": "IJplein e.o."}, "geometry": {"type": "MultiPolygon", "coordinates": [[[[4.91985, 52.38081], [4.911, 52.37993], [4.91059, 52.37991], [4.9064, 52.38004], [4.90209, 52.38119], [4.90747, 52.3837], [4.9086, 52.38322], [4.91421, 52.38316], [4.91894, 52.38551], [4.91985, 52.38081]]]]}}, {"type": "Feature", "properties": {"code": "BU0363NM01", "name": "Blauwe Zand"}, "geometry": {"type": "MultiPolygon", "coordinates": [[[[4.93389, 52.39299], [4.93237, 52.39186], [4.92514, 52.39118], [4.92421, 52.39484], [4.92454, 52.39526], [4.93389, 52.39299]]]]}}, {"type": "Feature", "properties": {"code": "BU0363NN01", "name": "Tuindorp Nieuwendam-West"}, "geometry": {"type": "MultiPolygon", "coordinates": [[[[4.94093, 52.39447], [4.94337, 52.39374], [4.94102, 52.39125], [4.93501, 52.39308], [4.93677, 52.39357], [4.94093, 52.39447]]]]}}, {"type": "Feature", "properties": {"code": "BU0363NN02", "name": "Tuindorp Nieuwendam-Oost"}, "geometry": {"type": "MultiPolygon", "coordinates": [[[[4.94421, 52.39349], [4.95193, 52.39071], [4.95242, 52.38672], [4.94794, 52.38688], [4.94102, 52.39125], [4.94337, 52.39374], [4.94421, 52.39349]]]]}}, {"type": "Feature", "properties": {"code": "BU0363NP01", "name": "Hamerstraatkwartier-West"}, "geometry": {"type": "MultiPolygon", "coordinates": [[[[4.92829, 52.38625], [4.93735, 52.38241], [4.91985, 52.38081], [4.91894, 52.38551], [4.92391, 52.38756], [4.92829, 52.38625]]]]}}, {"type": "Feature", "properties": {"code": "BU0363NP02", "name": "Hamerstraatkwartier-Oost"}, "geometry": {"type": "MultiPolygon", "coordinates": [[[[4.93837, 52.38673], [4.94453, 52.38564], [4.94318, 52.38251], [4.93735, 52.38241], [4.92829, 52.38625], [4.92967, 52.38742], [4.9323, 52.38642], [4.93296, 52.38761], [4.93837, 52.38673]]]]}}, {"type": "Feature", "properties": {"code": "BU0363NP03", "name": "Bedrijventerrein Nieuwendammerdijk"}, "geometry": {"type": "MultiPolygon", "coordinates": [[[[4.95242, 52.38257], [4.94318, 52.38251], [4.94453, 52.38564], [4.94473, 52.3861], [4.94905, 52.38583], [4.95242, 52.38631], [4.95242, 52.38257]]]]}}, {"type": "Feature", "properties": {"code": "BU0363NQ01", "name": "Noorderstrook-West"}, "geometry": {"type": "MultiPolygon", "coordinates": [[[[4.94447, 52.41106], [4.9486, 52.40861], [4.95852, 52.40575], [4.95947, 52.40336], [4.95885, 52.40248], [4.95491, 52.40109], [4.95396, 52.40165], [4.9518, 52.4028], [4.93921, 52.40736], [4.92965, 52.41101], [4.93072, 52.41161], [4.93514, 52.41204], [4.94265, 52.41386], [4.94447, 52.41106]]]]}}, {"type": "Feature", "properties": {"code": "BU0363NQ02", "name": "Noorderstrook-Oost"}, "geometry": {"type": "MultiPolygon", "coordinates": [[[[4.96351, 52.39969], [4.96719, 52.39629], [4.97084, 52.39151], [4.96686, 52.39], [4.96354, 52.39389], [4.95971, 52.39776], [4.95491, 52.40109], [4.95885, 52.40248], [4.96351, 52.39969]]]]}}, {"type": "Feature", "properties": {"code": "BU0363NQ03", "name": "Zunderdorp"}, "geometry": {"type": "MultiPolygon", "coordinates": [[[[4.9871, 52.42284], [4.9891, 52.42331], [4.9904, 52.42452], [4.99049, 52.42543], [4.99558, 52.42547], [5.00029, 52.42541], [5.00168, 52.42075], [5.00131, 52.41908], [5.00387, 52.41692], [5.00798, 52.41602], [5.00822, 52.41358], [4.97936, 52.40036], [4.982, 52.39861], [4.97612, 52.39692], [4.96719, 52.39629], [4.96351, 52.39969], [4.95885, 52.40248], [4.95947, 52.40336], [4.95852, 52.40575], [4.9486, 52.40861], [4.94447, 52.41106], [4.94265, 52.41386], [4.94478, 52.41502], [4.94779, 52.42156], [4.94881, 52.42146], [4.94968, 52.42198], [4.95148, 52.42193], [4.95172, 52.42251], [4.95134, 52.42323], [4.95233, 52.42352], [4.95356, 52.42226], [4.95578, 52.42243], [4.956, 52.42196], [4.97332, 52.4228], [4.97624, 52.42403], [4.98264, 52.42676], [4.9871, 52.42284]]]]}}, {"type": "Feature", "properties": {"code": "BU0363NQ04", "name": "Schellingwoude-West"}, "geometry": {"type": "MultiPolygon", "coordinates": [[[[4.95697, 52.38616], [4.96322, 52.38386], [4.96061, 52.38166], [4.95841, 52.38247], [4.95242, 52.38257], [4.95242, 52.38631], [4.95697, 52.38616]]]]}}, {"type": "Feature", "properties": {"code": "BU0363NQ05", "name": "Schellingwoude-Oost"}, "geometry": {"type": "MultiPolygon", "coordinates": [[[[4.97108, 52.38471], [4.97333, 52.38011], [4.97375, 52.37857], [4.97346, 52.37837], [4.97284, 52.37983], [4.96939, 52.37927], [4.9686, 52.37932], [4.96329, 52.38359], [4.96116, 52.3818], [4.9615, 52.38165], [4.96145, 52.38161], [4.96132, 52.38166], [4.96118, 52.38156], [4.96164, 52.38135], [4.96162, 52.38132], [4.96122, 52.38149], [4.96115, 52.38141], [4.96061, 52.38166], [4.96322, 52.38386], [4.95697, 52.38616], [4.95242, 52.38631], [4.9603, 52.38849], [4.96686, 52.39], [4.97108, 52.38471]]]]}}, {"type": "Feature", "properties": {"code": "BU0363NQ06", "name": "Schellingwoude-Noord"}, "geometry": {"type": "MultiPolygon", "coordinates": [[[[4.9762, 52.38566], [4.9766, 52.38178], [4.97333, 52.38011], [4.97108, 52.38471], [4.96686, 52.39], [4.97084, 52.39151], [4.9762, 52.38566]]]]}}, {"type": "Feature", "properties": {"code": "BU0363NQ07", "name": "Zwarte Gouw"}, "geometry": {"type": "MultiPolygon", "coordinates": [[[[4.98463, 52.39375], [4.98587, 52.38821], [4.98891, 52.38481], [4.98241, 52.38163], [4.97462, 52.37896], [4.97396, 52.37944], [4.97412, 52.37873], [4.97375, 52.37857], [4.97333, 52.38011], [4.9766, 52.38178], [4.9762, 52.38566], [4.97084, 52.39151], [4.96719, 52.39629], [4.97612, 52.39692], [4.982, 52.39861], [4.98463, 52.39375]]]]}}, {"type": "Feature", "properties": {"code": "BU0363NQ08", "name": "Holysloot"}, "geometry": {"type": "MultiPolygon", "coordinates": [[[[5.0182, 52.41906], [5.02114, 52.42105], [5.02836, 52.41942], [5.02973, 52.41771], [5.03004, 52.41564], [5.03293, 52.41646], [5.03524, 52.41825], [5.04011, 52.41731], [5.04918, 52.41513], [5.06541, 52.41724], [5.06826, 52.41656], [5.06727, 52.41342], [5.05763, 52.41482], [5.05221, 52.41318], [5.04625, 52.40673], [5.03748, 52.40425], [5.03131, 52.40068], [5.02931, 52.3985], [5.02488, 52.38795], [5.02451, 52.38831], [5.01459, 52.39622], [4.99829, 52.39674], [4.99269, 52.39507], [4.98463, 52.39375], [4.982, 52.39861], [4.97936, 52.40036], [5.00822, 52.41358], [5.00798, 52.41602], [5.00387, 52.41692], [5.00131, 52.41908], [5.00168, 52.42075], [5.00029, 52.42541], [5.0182, 52.41906]]]]}}, {"type": "Feature", "properties": {"code": "BU0363NQ09", "name": "Ransdorp"}, "geometry": {"type": "MultiPolygon", "coordinates": [[[[5.01459, 52.39622], [5.02451, 52.38831], [5.00881, 52.389], [5.00311, 52.38753], [5.00255, 52.38666], [5.00013, 52.38595], [4.98891, 52.38481], [4.98587, 52.38821], [4.98463, 52.39375], [4.99269, 52.39507], [4.99829, 52.39674], [5.01459, 52.39622]]]]}}, {"type": "Feature", "properties": {"code": "BU0363NQ10", "name": "Durgerdam"}, "geometry": {"type": "MultiPolygon", "coordinates": [[[[5.01322, 52.37167], [5.01254, 52.37239], [5.01298, 52.373], [5.01323, 52.37309], [5.01456, 52.37296], [5.01479, 52.37262], [5.01447, 52.37176], [5.01407, 52.37166], [5.01322, 52.37167]]], [[[4.97346, 52.37837], [4.97375, 52.37857], [4.97412, 52.37873], [4.97436, 52.37411], [4.97394, 52.37434], [4.97346, 52.37837]]], [[[5.01616, 52.38424], [5.0142, 52.38457], [5.01297, 52.38424], [5.01307, 52.38348], [5.01085, 52.38306], [5.01123, 52.38216], [5.013, 52.38232], [5.0135, 52.38183], [5.01357, 52.37868], [5.01168, 52.37363], [5.00848, 52.37257], [5.00133, 52.37523], [4.99992, 52.37831], [4.99873, 52.37872], [4.9941, 52.37762], [4.99357, 52.3783], [4.99802, 52.37949], [4.9981, 52.37941], [4.99843, 52.37951], [4.99828, 52.37979], [4.99188, 52.37799], [4.99133, 52.37775], [4.99171, 52.37745], [4.99178, 52.37725], [4.99176, 52.3772], [4.99142, 52.37721], [4.98966, 52.3776], [4.98376, 52.37403], [4.98165, 52.37346], [4.98015, 52.3737], [4.9785, 52.37577], [4.97462, 52.37896], [4.98241, 52.38163], [4.98891, 52.38481], [5.00013, 52.38595], [5.00255, 52.38666], [5.00311, 52.38753], [5.00881, 52.389], [5.02451, 52.38831], [5.02488, 52.38795], [5.01894, 52.3865], [5.01748, 52.38453], [5.01616, 52.38424]]]]}}, {"type": "Feature", "properties": {"code": "BU0363SA01", "name": "Landelijk gebied Driemond"}, "geometry": {"type": "MultiPolygon", "coordinates": [[[[5.02046, 52.30821], [5.0112, 52.30762], [5.00994, 52.30827], [5.00754, 52.30978], [5.00186, 52.31082], [4.99808, 52.31404], [5.01613, 52.32451], [5.01665, 52.32299], [5.01793, 52.32319], [5.02046, 52.30821]]]]}}, {"type": "Feature", "properties": {"code": "BU0363SA02", "name": "Dorp Driemond"}, "geometry": {"type": "MultiPolygon", "coordinates": [[[[5.02046, 52.30821], [5.02127, 52.30418], [5.0215, 52.30281], [5.02154, 52.30246], [5.0177, 52.30272], [5.01617, 52.30314], [5.01426, 52.30368], [5.01272, 52.30358], [5.00967, 52.30577], [5.00994, 52.30827], [5.0112, 52.30762], [5.02046, 52.30821]]]]}}, {"type": "Feature", "properties": {"code": "BU0363SB01", "name": "Weespersluis-Noord"}, "geometry": {"type": "MultiPolygon", "coordinates": [[[[5.03979, 52.32903], [5.04395, 52.32796], [5.0448, 52.32747], [5.04439, 52.32715], [5.04559, 52.32677], [5.04907, 52.32699], [5.05821, 52.32482], [5.06151, 52.32367], [5.06111, 52.32211], [5.06152, 52.3218], [5.06012, 52.32107], [5.05682, 52.32312], [5.04766, 52.32496], [5.03502, 52.32586], [5.02785, 52.32724], [5.02691, 52.32717], [5.02371, 52.32341], [5.02441, 52.32319], [5.02336, 52.32222], [5.01842, 52.32434], [5.01727, 52.33019], [5.02159, 52.33086], [5.02895, 52.33077], [5.03979, 52.32903]]]]}}, {"type": "Feature", "properties": {"code": "BU0363SB02", "name": "Waterrijk"}, "geometry": {"type": "MultiPolygon", "coordinates": [[[[5.03502, 52.32586], [5.04766, 52.32496], [5.05682, 52.32312], [5.06012, 52.32107], [5.05674, 52.3196], [5.05223, 52.32146], [5.05049, 52.32032], [5.0448, 52.32137], [5.03734, 52.32244], [5.02441, 52.32319], [5.02371, 52.32341], [5.02691, 52.32717], [5.02785, 52.32724], [5.03502, 52.32586]]]]}}, {"type": "Feature", "properties": {"code": "BU0363SB03", "name": "Lanenrijk"}, "geometry": {"type": "MultiPolygon", "coordinates": [[[[5.03734, 52.32244], [5.0448, 52.32137], [5.04274, 52.31823], [5.04479, 52.31749], [5.04351, 52.31585], [5.03159, 52.31841], [5.02971, 52.31934], [5.02336, 52.32222], [5.02441, 52.32319], [5.03734, 52.32244]]]]}}, {"type": "Feature", "properties": {"code": "BU0363SB04", "name": "Vechtrijk"}, "geometry": {"type": "MultiPolygon", "coordinates": [[[[5.05223, 52.32146], [5.05674, 52.3196], [5.05909, 52.31705], [5.05803, 52.31668], [5.05834, 52.31632], [5.05318, 52.31556], [5.05199, 52.31488], [5.052, 52.3135], [5.04843, 52.31399], [5.04351, 52.31585], [5.04479, 52.31749], [5.04274, 52.31823], [5.0448, 52.32137], [5.05049, 52.32032], [5.05223, 52.32146]]]]}}, {"type": "Feature", "properties": {"code": "BU0363SB05", "name": "Leeuwenveld"}, "geometry": {"type": "MultiPolygon", "coordinates": [[[[5.04351, 52.31585], [5.04843, 52.31399], [5.04578, 52.31121], [5.03159, 52.31841], [5.04351, 52.31585]]]]}}, {"type": "Feature", "properties": {"code": "BU0363SB06", "name": "Bedrijventerrein Nijverheidslaan"}, "geometry": {"type": "MultiPolygon", "coordinates": [[[[5.052, 52.3135], [5.05663, 52.31139], [5.05692, 52.31069], [5.05488, 52.31015], [5.04774, 52.30997], [5.04578, 52.31121], [5.04843, 52.31399], [5.052, 52.3135]]]]}}, {"type": "Feature", "properties": {"code": "BU0363SC01", "name": "Bedrijventerrein-Noord Weesp"}, "geometry": {"type": "MultiPolygon", "coordinates": [[[[5.02336, 52.32222], [5.02971, 52.31934], [5.02756, 52.31735], [5.02734, 52.3138], [5.02733, 52.31028], [5.02245, 52.31026], [5.0233, 52.30603], [5.02413, 52.30573], [5.02127, 52.30418], [5.02046, 52.30821], [5.01793, 52.32319], [5.01842, 52.32434], [5.02336, 52.32222]]]]}}, {"type": "Feature", "properties": {"code": "BU0363SC02", "name": "Hogewey-Noord"}, "geometry": {"type": "MultiPolygon", "coordinates": [[[[5.03159, 52.31841], [5.03339, 52.3143], [5.02734, 52.3138], [5.02756, 52.31735], [5.02971, 52.31934], [5.03159, 52.31841]]]]}}, {"type": "Feature", "properties": {"code": "BU0363SC03", "name": "Hogewey-Midden"}, "geometry": {"type": "MultiPolygon", "coordinates": [[[[5.03637, 52.31029], [5.02733, 52.31028], [5.02734, 52.3138], [5.03339, 52.3143], [5.03637, 52.31029]]]]}}, {"type": "Feature", "properties": {"code": "BU0363SC04", "name": "Hogewey-Zuid"}, "geometry": {"type": "MultiPolygon", "coordinates": [[[[5.03637, 52.31029], [5.03715, 52.30878], [5.0356, 52.30849], [5.03278, 52.30786], [5.02686, 52.30778], [5.02413, 52.30573], [5.0233, 52.30603], [5.02245, 52.31026], [5.02733, 52.31028], [5.03637, 52.31029]]]]}}, {"type": "Feature", "properties": {"code": "BU0363SC05", "name": "Weesp Dichtersbuurt"}, "geometry": {"type": "MultiPolygon", "coordinates": [[[[5.04578, 52.31121], [5.04774, 52.30997], [5.04665, 52.30962], [5.04439, 52.30995], [5.04215, 52.31129], [5.03449, 52.31451], [5.03339, 52.3143], [5.03159, 52.31841], [5.04578, 52.31121]]]]}}, {"type": "Feature", "properties": {"code": "BU0363SC06", "name": "Weesp Schildersbuurt"}, "geometry": {"type": "MultiPolygon", "coordinates": [[[[5.04215, 52.31129], [5.03637, 52.31029], [5.03339, 52.3143], [5.03449, 52.31451], [5.04215, 52.31129]]]]}}, {"type": "Feature", "properties": {"code": "BU0363SD01", "name": "Herensingelkwartier"}, "geometry": {"type": "MultiPolygon", "coordinates": [[[[5.04439, 52.30995], [5.0429, 52.30903], [5.03937, 52.30851], [5.03715, 52.30878], [5.03637, 52.31029], [5.04215, 52.31129], [5.04439, 52.30995]]]]}}, {"type": "Feature", "properties": {"code": "BU0363SD02", "name": "Bedrijventerrein Van Houten"}, "geometry": {"type": "MultiPolygon", "coordinates": [[[[5.0375, 52.30446], [5.03668, 52.30237], [5.0215, 52.30281], [5.02127, 52.30418], [5.02413, 52.30573], [5.02686, 52.30778], [5.03278, 52.30786], [5.0356, 52.30849], [5.0375, 52.30446]]]]}}, {"type": "Feature", "properties": {"code": "BU0363SD03", "name": "Weesp Centrum"}, "geometry": {"type": "MultiPolygon", "coordinates": [[[[5.04665, 52.30962], [5.04835, 52.3056], [5.04767, 52.30435], [5.04318, 52.30332], [5.03976, 52.30532], [5.0375, 52.30446], [5.0356, 52.30849], [5.03715, 52.30878], [5.03937, 52.30851], [5.0429, 52.30903], [5.04439, 52.30995], [5.04665, 52.30962]]]]}}, {"type": "Feature", "properties": {"code": "BU0363SD04", "name": "Weesp-Zuid I"}, "geometry": {"type": "MultiPolygon", "coordinates": [[[[5.04318, 52.30332], [5.04276, 52.30252], [5.03668, 52.30237], [5.0375, 52.30446], [5.03976, 52.30532], [5.04318, 52.30332]]]]}}, {"type": "Feature", "properties": {"code": "BU0363SD05", "name": "Weesp-Zuid II"}, "geometry": {"type": "MultiPolygon", "coordinates": [[[[5.05293, 52.30308], [5.047, 52.30153], [5.04276, 52.30252], [5.04318, 52.30332], [5.04767, 52.30435], [5.04835, 52.3056], [5.05293, 52.30308]]]]}}, {"type": "Feature", "properties": {"code": "BU0363SD06", "name": "De Klomp"}, "geometry": {"type": "MultiPolygon", "coordinates": [[[[5.05405, 52.30063], [5.05017, 52.29969], [5.04824, 52.30097], [5.047, 52.30153], [5.05293, 52.30308], [5.05405, 52.30063]]]]}}, {"type": "Feature", "properties": {"code": "BU0363SE01", "name": "Aetsveldsepolder"}, "geometry": {"type": "MultiPolygon", "coordinates": [[[[5.03589, 52.29724], [5.03639, 52.29596], [5.0453, 52.29752], [5.04707, 52.29882], [5.05017, 52.29969], [5.05405, 52.30063], [5.06278, 52.29602], [5.07239, 52.2968], [5.07665, 52.2982], [5.08051, 52.2966], [5.08105, 52.29471], [5.07338, 52.29105], [5.07003, 52.28691], [5.06962, 52.28268], [5.06722, 52.28117], [5.06586, 52.28114], [5.06547, 52.2852], [5.06479, 52.28508], [5.06342, 52.28706], [5.05954, 52.28932], [5.05274, 52.28651], [5.05042, 52.28786], [5.04278, 52.28249], [5.04074, 52.28388], [5.03952, 52.28326], [5.03321, 52.28626], [5.03053, 52.28849], [5.02438, 52.28136], [5.02283, 52.28215], [5.02187, 52.28265], [5.02154, 52.30246], [5.0215, 52.30281], [5.03668, 52.30237], [5.03683, 52.30168], [5.03589, 52.29724]]]]}}, {"type": "Feature", "properties": {"code": "BU0363SE02", "name": "Aetsveld-Zuid"}, "geometry": {"type": "MultiPolygon", "coordinates": [[[[5.04031, 52.29874], [5.04301, 52.2982], [5.04517, 52.2987], [5.04824, 52.30097], [5.05017, 52.29969], [5.04707, 52.29882], [5.0453, 52.29752], [5.03639, 52.29596], [5.03589, 52.29724], [5.03683, 52.30168], [5.04031, 52.29874]]]]}}, {"type": "Feature", "properties": {"code": "BU0363SE03", "name": "Aetsveld-Noord"}, "geometry": {"type": "MultiPolygon", "coordinates": [[[[5.04276, 52.30252], [5.047, 52.30153], [5.04824, 52.30097], [5.04517, 52.2987], [5.04301, 52.2982], [5.04031, 52.29874], [5.03683, 52.30168], [5.03668, 52.30237], [5.04276, 52.30252]]]]}}, {"type": "Feature", "properties": {"code": "BU0363SE04", "name": "Oostelijke Vechtoever"}, "geometry": {"type": "MultiPolygon", "coordinates": [[[[5.09894, 52.2987], [5.10197, 52.2978], [5.10627, 52.29834], [5.10767, 52.29729], [5.10606, 52.29467], [5.10292, 52.29447], [5.09935, 52.2928], [5.09847, 52.29164], [5.09871, 52.29057], [5.10465, 52.28538], [5.1043, 52.28326], [5.10282, 52.28238], [5.10209, 52.2817], [5.10207, 52.27989], [5.0877, 52.28169], [5.08461, 52.27941], [5.07708, 52.27798], [5.06488, 52.27827], [5.06381, 52.27858], [5.06532, 52.27966], [5.06388, 52.27998], [5.06441, 52.28074], [5.06586, 52.28054], [5.06586, 52.28114], [5.06722, 52.28117], [5.06962, 52.28268], [5.07003, 52.28691], [5.07338, 52.29105], [5.08105, 52.29471], [5.08051, 52.2966], [5.07665, 52.2982], [5.07239, 52.2968], [5.06278, 52.29602], [5.05405, 52.30063], [5.05293, 52.30308], [5.04835, 52.3056], [5.04665, 52.30962], [5.04774, 52.30997], [5.05488, 52.31015], [5.05692, 52.31069], [5.05663, 52.31139], [5.052, 52.3135], [5.05199, 52.31488], [5.05318, 52.31556], [5.05834, 52.31632], [5.06254, 52.31764], [5.0633, 52.31821], [5.06526, 52.31918], [5.06572, 52.32048], [5.06469, 52.32201], [5.06932, 52.32168], [5.07539, 52.31915], [5.09165, 52.31464], [5.09308, 52.31415], [5.09211, 52.31302], [5.09462, 52.31243], [5.10057, 52.3103], [5.09648, 52.30729], [5.09577, 52.30376], [5.09679, 52.30044], [5.09894, 52.2987]]]]}}, {"type": "Feature", "properties": {"code": "BU0363TA01", "name": "Hoofdcentrum-Zuidoost"}, "geometry": {"type": "MultiPolygon", "coordinates": [[[[4.94382, 52.31502], [4.94635, 52.31206], [4.94252, 52.31073], [4.94159, 52.31168], [4.93799, 52.31047], [4.93611, 52.31258], [4.93523, 52.31389], [4.93777, 52.31476], [4.93872, 52.31509], [4.93845, 52.31565], [4.93804, 52.31651], [4.93983, 52.31712], [4.94033, 52.3183], [4.93958, 52.31912], [4.94021, 52.31933], [4.94382, 52.31502]]]]}}, {"type": "Feature", "properties": {"code": "BU0363TA02", "name": "Amstel III deel C/D-Noord"}, "geometry": {"type": "MultiPolygon", "coordinates": [[[[4.94711, 52.29965], [4.93924, 52.29694], [4.93026, 52.30643], [4.92941, 52.30783], [4.92991, 52.3081], [4.92933, 52.30853], [4.92943, 52.30863], [4.93033, 52.30919], [4.93006, 52.30934], [4.93414, 52.3119], [4.93611, 52.31258], [4.93799, 52.31047], [4.94711, 52.29965]]]]}}, {"type": "Feature", "properties": {"code": "BU0363TA03", "name": "Amstel III deel A/B-Noord"}, "geometry": {"type": "MultiPolygon", "coordinates": [[[[4.94751, 52.31081], [4.95154, 52.30664], [4.9554, 52.3025], [4.94711, 52.29965], [4.93799, 52.31047], [4.94159, 52.31168], [4.94252, 52.31073], [4.94635, 52.31206], [4.94751, 52.31081]]]]}}, {"type": "Feature", "properties": {"code": "BU0363TA04", "name": "Amstel III deel C/D-Zuid"}, "geometry": {"type": "MultiPolygon", "coordinates": [[[[4.95126, 52.29513], [4.94776, 52.29392], [4.9432, 52.29236], [4.93924, 52.29694], [4.94711, 52.29965], [4.95126, 52.29513]]]]}}, {"type": "Feature", "properties": {"code": "BU0363TA05", "name": "Amstel III deel A/B-Zuid"}, "geometry": {"type": "MultiPolygon", "coordinates": [[[[4.95962, 52.29797], [4.95126, 52.29513], [4.94711, 52.29965], [4.9554, 52.3025], [4.95962, 52.29797]]]]}}, {"type": "Feature", "properties": {"code": "BU0363TA06", "name": "AMC"}, "geometry": {"type": "MultiPolygon", "coordinates": [[[[4.96174, 52.29538], [4.96609, 52.29075], [4.95878, 52.28822], [4.95531, 52.28813], [4.95185, 52.28948], [4.94776, 52.29392], [4.95126, 52.29513], [4.95962, 52.29797], [4.96174, 52.29538]]]]}}, {"type": "Feature", "properties": {"code": "BU0363TA07", "name": "Hoge Dijk"}, "geometry": {"type": "MultiPolygon", "coordinates": [[[[4.95185, 52.28948], [4.95531, 52.28813], [4.95878, 52.28822], [4.96609, 52.29075], [4.97184, 52.28436], [4.97037, 52.28349], [4.96758, 52.27956], [4.9658, 52.28065], [4.96263, 52.28029], [4.96105, 52.27817], [4.95657, 52.27867], [4.95524, 52.27831], [4.95387, 52.28003], [4.9432, 52.29236], [4.94776, 52.29392], [4.95185, 52.28948]]]]}}, {"type": "Feature", "properties": {"code": "BU0363TB01", "name": "Venserpolder-West"}, "geometry": {"type": "MultiPolygon", "coordinates": [[[[4.9476, 52.32053], [4.95045, 52.31717], [4.94382, 52.31502], [4.94021, 52.31933], [4.94022, 52.31934], [4.94104, 52.31962], [4.93993, 52.32194], [4.93762, 52.3233], [4.93796, 52.32412], [4.93853, 52.3242], [4.93915, 52.32467], [4.9405, 52.32568], [4.94187, 52.32615], [4.9476, 52.32053]]]]}}, {"type": "Feature", "properties": {"code": "BU0363TB02", "name": "Venserpolder-Oost"}, "geometry": {"type": "MultiPolygon", "coordinates": [[[[4.95267, 52.32264], [4.9476, 52.32053], [4.94187, 52.32615], [4.94472, 52.32713], [4.94766, 52.32814], [4.94812, 52.32763], [4.95267, 52.32264]]]]}}, {"type": "Feature", "properties": {"code": "BU0363TC01", "name": "D-buurt"}, "geometry": {"type": "MultiPolygon", "coordinates": [[[[4.95933, 52.32122], [4.95452, 52.32029], [4.95103, 52.31653], [4.95045, 52.31717], [4.9476, 52.32053], [4.95267, 52.32264], [4.95671, 52.32403], [4.95675, 52.32404], [4.95933, 52.32122]]]]}}, {"type": "Feature", "properties": {"code": "BU0363TC02", "name": "F-buurt"}, "geometry": {"type": "MultiPolygon", "coordinates": [[[[4.96176, 52.31857], [4.95804, 52.31731], [4.95217, 52.31529], [4.95103, 52.31653], [4.95452, 52.32029], [4.95933, 52.32122], [4.96176, 52.31857]]]]}}, {"type": "Feature", "properties": {"code": "BU0363TC03", "name": "Amsterdamse Poort"}, "geometry": {"type": "MultiPolygon", "coordinates": [[[[4.96102, 52.31551], [4.95835, 52.31267], [4.95705, 52.3141], [4.95253, 52.31254], [4.94751, 52.31081], [4.94635, 52.31206], [4.94382, 52.31502], [4.95045, 52.31717], [4.95103, 52.31653], [4.95217, 52.31529], [4.95804, 52.31731], [4.96102, 52.31551]]]]}}, {"type": "Feature", "properties": {"code": "BU0363TC04", "name": "Vogeltjeswei"}, "geometry": {"type": "MultiPolygon", "coordinates": [[[[4.96356, 52.3166], [4.96102, 52.31551], [4.95804, 52.31731], [4.96176, 52.31857], [4.96356, 52.3166]]]]}}, {"type": "Feature", "properties": {"code": "BU0363TC05", "name": "Nelson Mandelapark"}, "geometry": {"type": "MultiPolygon", "coordinates": [[[[4.97142, 52.308], [4.96537, 52.30592], [4.96093, 52.30985], [4.95835, 52.31267], [4.96102, 52.31551], [4.96356, 52.3166], [4.97142, 52.308]]]]}}, {"type": "Feature", "properties": {"code": "BU0363TD01", "name": "Hoptille"}, "geometry": {"type": "MultiPolygon", "coordinates": [[[[4.95645, 52.30832], [4.95154, 52.30664], [4.94751, 52.31081], [4.95253, 52.31254], [4.95645, 52.30832]]]]}}, {"type": "Feature", "properties": {"code": "BU0363TD02", "name": "Rechte H-buurt"}, "geometry": {"type": "MultiPolygon", "coordinates": [[[[4.95835, 52.31267], [4.96093, 52.30985], [4.95869, 52.30909], [4.95645, 52.30832], [4.95253, 52.31254], [4.95705, 52.3141], [4.95835, 52.31267]]]]}}, {"type": "Feature", "properties": {"code": "BU0363TD03", "name": "Hakfort/Huigenbos"}, "geometry": {"type": "MultiPolygon", "coordinates": [[[[4.96249, 52.30493], [4.9554, 52.3025], [4.95154, 52.30664], [4.95645, 52.30832], [4.95869, 52.30909], [4.96249, 52.30493]]]]}}, {"type": "Feature", "properties": {"code": "BU0363TD04", "name": "Huntum"}, "geometry": {"type": "MultiPolygon", "coordinates": [[[[4.96537, 52.30592], [4.96249, 52.30493], [4.95869, 52.30909], [4.96093, 52.30985], [4.96537, 52.30592]]]]}}, {"type": "Feature", "properties": {"code": "BU0363TE01", "name": "E-buurt"}, "geometry": {"type": "MultiPolygon", "coordinates": [[[[4.96294, 52.32289], [4.95933, 52.32122], [4.95675, 52.32404], [4.96754, 52.32776], [4.97027, 52.32618], [4.97047, 52.32629], [4.97148, 52.32535], [4.96748, 52.32333], [4.96294, 52.32289]]]]}}, {"type": "Feature", "properties": {"code": "BU0363TE02", "name": "G-buurt-West"}, "geometry": {"type": "MultiPolygon", "coordinates": [[[[4.9777, 52.32293], [4.96897, 52.3205], [4.97033, 52.31897], [4.96494, 52.31704], [4.96356, 52.3166], [4.96176, 52.31857], [4.95933, 52.32122], [4.96294, 52.32289], [4.96748, 52.32333], [4.97316, 52.32351], [4.9769, 52.32381], [4.9777, 52.32293]]]]}}, {"type": "Feature", "properties": {"code": "BU0363TE03", "name": "G-buurt-Noord"}, "geometry": {"type": "MultiPolygon", "coordinates": [[[[4.97316, 52.32351], [4.96748, 52.32333], [4.97148, 52.32535], [4.97316, 52.32351]]]]}}, {"type": "Feature", "properties": {"code": "BU0363TF01", "name": "G-buurt-Oost"}, "geometry": {"type": "MultiPolygon", "coordinates": [[[[4.9896, 52.32755], [4.99167, 52.32444], [4.98231, 52.32124], [4.97907, 52.32441], [4.9769, 52.32381], [4.97316, 52.32351], [4.97148, 52.32535], [4.97047, 52.32629], [4.97066, 52.32638], [4.97531, 52.33056], [4.97714, 52.33064], [4.97774, 52.33103], [4.98011, 52.33091], [4.98395, 52.33067], [4.98618, 52.32972], [4.9896, 52.32755]]]]}}, {"type": "Feature", "properties": {"code": "BU0363TF02", "name": "Grunder/Koningshoef"}, "geometry": {"type": "MultiPolygon", "coordinates": [[[[4.97907, 52.32441], [4.98231, 52.32124], [4.98431, 52.31883], [4.98268, 52.31827], [4.97897, 52.32153], [4.9777, 52.32293], [4.9769, 52.32381], [4.97907, 52.32441]]]]}}, {"type": "Feature", "properties": {"code": "BU0363TF03", "name": "Kantershof"}, "geometry": {"type": "MultiPolygon", "coordinates": [[[[4.99689, 52.31764], [4.98913, 52.31411], [4.98673, 52.31755], [4.98595, 52.31737], [4.98431, 52.31883], [4.98231, 52.32124], [4.99167, 52.32444], [4.99689, 52.31764]]]]}}, {"type": "Feature", "properties": {"code": "BU0363TG01", "name": "Bijlmermuseum-Noord"}, "geometry": {"type": "MultiPolygon", "coordinates": [[[[4.97897, 52.32153], [4.97633, 52.31915], [4.97033, 52.31897], [4.96897, 52.3205], [4.9777, 52.32293], [4.97897, 52.32153]]]]}}, {"type": "Feature", "properties": {"code": "BU0363TG02", "name": "Bijlmermuseum-Zuid"}, "geometry": {"type": "MultiPolygon", "coordinates": [[[[4.98268, 52.31827], [4.97375, 52.31521], [4.97033, 52.31897], [4.97633, 52.31915], [4.97897, 52.32153], [4.98268, 52.31827]]]]}}, {"type": "Feature", "properties": {"code": "BU0363TG03", "name": "De Kameleon e.o."}, "geometry": {"type": "MultiPolygon", "coordinates": [[[[4.98595, 52.31737], [4.98038, 52.3156], [4.97572, 52.31379], [4.97438, 52.31448], [4.97375, 52.31521], [4.98268, 52.31827], [4.98431, 52.31883], [4.98595, 52.31737]]]]}}, {"type": "Feature", "properties": {"code": "BU0363TH01", "name": "Gooise Kant"}, "geometry": {"type": "MultiPolygon", "coordinates": [[[[4.96988, 52.31293], [4.97, 52.31176], [4.97397, 52.30887], [4.97142, 52.308], [4.96356, 52.3166], [4.96494, 52.31704], [4.96988, 52.31293]]]]}}, {"type": "Feature", "properties": {"code": "BU0363TH02", "name": "Kortvoort"}, "geometry": {"type": "MultiPolygon", "coordinates": [[[[4.97375, 52.31521], [4.97438, 52.31448], [4.96988, 52.31293], [4.96494, 52.31704], [4.97033, 52.31897], [4.97375, 52.31521]]]]}}, {"type": "Feature", "properties": {"code": "BU0363TH03", "name": "Kelbergen"}, "geometry": {"type": "MultiPolygon", "coordinates": [[[[4.97572, 52.31379], [4.97575, 52.31293], [4.97867, 52.31049], [4.97397, 52.30887], [4.97, 52.31176], [4.96988, 52.31293], [4.97438, 52.31448], [4.97572, 52.31379]]]]}}, {"type": "Feature", "properties": {"code": "BU0363TH04", "name": "K-buurt-Zuidwest"}, "geometry": {"type": "MultiPolygon", "coordinates": [[[[4.98353, 52.31215], [4.97867, 52.31049], [4.97575, 52.31293], [4.97572, 52.31379], [4.98038, 52.3156], [4.98353, 52.31215]]]]}}, {"type": "Feature", "properties": {"code": "BU0363TH05", "name": "K-buurt-Zuidoost"}, "geometry": {"type": "MultiPolygon", "coordinates": [[[[4.98913, 52.31411], [4.98353, 52.31215], [4.98038, 52.3156], [4.98595, 52.31737], [4.98673, 52.31755], [4.98913, 52.31411]]]]}}, {"type": "Feature", "properties": {"code": "BU0363TJ01", "name": "Holendrecht-West"}, "geometry": {"type": "MultiPolygon", "coordinates": [[[[4.96745, 52.2995], [4.96427, 52.29836], [4.96344, 52.29928], [4.95962, 52.29797], [4.9554, 52.3025], [4.96249, 52.30493], [4.96745, 52.2995]]]]}}, {"type": "Feature", "properties": {"code": "BU0363TJ02", "name": "Holendrecht-Oost"}, "geometry": {"type": "MultiPolygon", "coordinates": [[[[4.97627, 52.30269], [4.97872, 52.30161], [4.97771, 52.30034], [4.97279, 52.29865], [4.96745, 52.2995], [4.96249, 52.30493], [4.96537, 52.30592], [4.97142, 52.308], [4.97627, 52.30269]]]]}}, {"type": "Feature", "properties": {"code": "BU0363TJ03", "name": "Holendrecht-Zuid"}, "geometry": {"type": "MultiPolygon", "coordinates": [[[[4.97279, 52.29865], [4.97416, 52.29562], [4.96619, 52.29432], [4.96174, 52.29538], [4.95962, 52.29797], [4.96344, 52.29928], [4.96427, 52.29836], [4.96745, 52.2995], [4.97279, 52.29865]]]]}}, {"type": "Feature", "properties": {"code": "BU0363TK01", "name": "L-buurt"}, "geometry": {"type": "MultiPolygon", "coordinates": [[[[4.98768, 52.3076], [4.98635, 52.30717], [4.98218, 52.30566], [4.98452, 52.30342], [4.98626, 52.30357], [4.9863, 52.30154], [4.97989, 52.30151], [4.97872, 52.30161], [4.97627, 52.30269], [4.97142, 52.308], [4.97397, 52.30887], [4.97867, 52.31049], [4.98353, 52.31215], [4.98768, 52.3076]]]]}}, {"type": "Feature", "properties": {"code": "BU0363TK02", "name": "Gaasperpark"}, "geometry": {"type": "MultiPolygon", "coordinates": [[[[5.00153, 52.30884], [4.99899, 52.30813], [4.99779, 52.30853], [4.99312, 52.30617], [4.98753, 52.30625], [4.98635, 52.30717], [4.98768, 52.3076], [4.98353, 52.31215], [4.98913, 52.31411], [4.99689, 52.31764], [4.99742, 52.31674], [4.99709, 52.31446], [4.9973, 52.3142], [4.99746, 52.31425], [4.99786, 52.31398], [4.99808, 52.31404], [5.00186, 52.31082], [5.00153, 52.30884]]]]}}, {"type": "Feature", "properties": {"code": "BU0363TK03", "name": "Gaasperplas"}, "geometry": {"type": "MultiPolygon", "coordinates": [[[[5.00994, 52.30827], [5.00967, 52.30577], [5.01272, 52.30358], [5.00795, 52.30155], [4.9892, 52.30154], [4.9863, 52.30154], [4.98626, 52.30357], [4.98452, 52.30342], [4.98218, 52.30566], [4.98635, 52.30717], [4.98753, 52.30625], [4.99312, 52.30617], [4.99779, 52.30853], [4.99899, 52.30813], [5.00153, 52.30884], [5.00186, 52.31082], [5.00754, 52.30978], [5.00994, 52.30827]]]]}}, {"type": "Feature", "properties": {"code": "BU0363TL01", "name": "Reigersbos 1"}, "geometry": {"type": "MultiPolygon", "coordinates": [[[[4.97989, 52.30151], [4.97994, 52.30047], [4.98186, 52.29859], [4.98204, 52.29632], [4.97416, 52.29562], [4.97279, 52.29865], [4.97771, 52.30034], [4.97872, 52.30161], [4.97989, 52.30151]]]]}}, {"type": "Feature", "properties": {"code": "BU0363TL02", "name": "Reigersbos 2"}, "geometry": {"type": "MultiPolygon", "coordinates": [[[[4.98196, 52.29272], [4.97461, 52.29291], [4.97416, 52.29562], [4.98204, 52.29632], [4.98196, 52.29272]]]]}}, {"type": "Feature", "properties": {"code": "BU0363TL03", "name": "Reigersbos 3"}, "geometry": {"type": "MultiPolygon", "coordinates": [[[[4.96619, 52.29432], [4.97416, 52.29562], [4.97461, 52.29291], [4.96609, 52.29075], [4.96174, 52.29538], [4.96619, 52.29432]]]]}}, {"type": "Feature", "properties": {"code": "BU0363TL04", "name": "Reigersbos 4"}, "geometry": {"type": "MultiPolygon", "coordinates": [[[[4.98196, 52.29272], [4.9835, 52.29037], [4.97185, 52.28437], [4.97184, 52.28436], [4.96609, 52.29075], [4.97461, 52.29291], [4.98196, 52.29272]]]]}}, {"type": "Feature", "properties": {"code": "BU0363TM01", "name": "Gein 1"}, "geometry": {"type": "MultiPolygon", "coordinates": [[[[4.9892, 52.30154], [4.98925, 52.29634], [4.98204, 52.29632], [4.98186, 52.29859], [4.97994, 52.30047], [4.97989, 52.30151], [4.9863, 52.30154], [4.9892, 52.30154]]]]}}, {"type": "Feature", "properties": {"code": "BU0363TM02", "name": "Gein 2"}, "geometry": {"type": "MultiPolygon", "coordinates": [[[[4.98925, 52.29634], [4.98824, 52.29304], [4.98196, 52.29272], [4.98204, 52.29632], [4.98925, 52.29634]]]]}}, {"type": "Feature", "properties": {"code": "BU0363TM03", "name": "Gein 3"}, "geometry": {"type": "MultiPolygon", "coordinates": [[[[5.00795, 52.30155], [5.00526, 52.29839], [5.00376, 52.29834], [5.00324, 52.2964], [4.98925, 52.29634], [4.9892, 52.30154], [5.00795, 52.30155]]]]}}, {"type": "Feature", "properties": {"code": "BU0363TM04", "name": "Gein 4"}, "geometry": {"type": "MultiPolygon", "coordinates": [[[[4.99747, 52.28912], [4.9835, 52.29037], [4.98196, 52.29272], [4.98824, 52.29304], [4.98925, 52.29634], [5.00324, 52.2964], [5.00324, 52.29602], [5.00185, 52.29588], [5.00176, 52.29277], [4.99747, 52.28912]]]]}}]}