{"type": "FeatureCollection", "features": [{"type": "Feature", "properties": {"code": "GB-GA01", "name": "Centrum-West"}, "geometry": {"type": "Polygon", "coordinates": [[[4.87549, 52.37341], [4.87543, 52.37324], [4.87538, 52.37315], [4.8753, 52.37304], [4.87524, 52.37297], [4.87517, 52.37292], [4.87483, 52.37273], [4.87478, 52.37269], [4.87465, 52.37256], [4.87456, 52.37245], [4.87448, 52.37232], [4.87444, 52.3722], [4.87445, 52.37206], [4.8745, 52.37189], [4.87505, 52.37068], [4.87567, 52.36964], [4.87581, 52.36946], [4.87599, 52.36925], [4.8763, 52.36897], [4.87668, 52.36868], [4.87681, 52.3685], [4.87709, 52.36811], [4.8772, 52.3679], [4.87727, 52.3677], [4.87732, 52.3673], [4.87735, 52.36718], [4.87743, 52.36695], [4.87752, 52.36677], [4.87773, 52.36659], [4.87789, 52.36647], [4.87814, 52.36631], [4.8784, 52.36617], [4.87853, 52.36608], [4.8787, 52.36595], [4.87882, 52.36583], [4.87896, 52.36566], [4.87907, 52.3655], [4.87914, 52.36538], [4.87919, 52.36526], [4.87922, 52.36513], [4.87923, 52.36499], [4.87923, 52.36492], [4.8801, 52.36521], [4.88091, 52.36549], [4.8828, 52.36618], [4.88454, 52.36678], [4.88517, 52.36701], [4.88587, 52.36725], [4.88667, 52.36755], [4.8867, 52.36804], [4.88772, 52.36839], [4.88806, 52.3685], [4.88964, 52.36728], [4.8901, 52.36714], [4.89116, 52.36697], [4.89174, 52.36692], [4.89275, 52.3669], [4.89315, 52.36691], [4.89329, 52.36694], [4.89336, 52.36697], [4.89381, 52.36727], [4.89388, 52.36729], [4.89432, 52.36729], [4.89483, 52.36731], [4.89505, 52.36733], [4.89527, 52.36737], [4.89537, 52.36742], [4.89547, 52.3675], [4.89579, 52.36781], [4.89623, 52.36829], [4.89637, 52.3685], [4.89875, 52.371], [4.8993, 52.37158], [4.89986, 52.37222], [4.89967, 52.37228], [4.89969, 52.37234], [4.9001, 52.37291], [4.90017, 52.37297], [4.90025, 52.37301], [4.90037, 52.37303], [4.90055, 52.37304], [4.90071, 52.37302], [4.90094, 52.37349], [4.90127, 52.37417], [4.90227, 52.37614], [4.90325, 52.37659], [4.90355, 52.37717], [4.90429, 52.37793], [4.90641, 52.38004], [4.90601, 52.38011], [4.90547, 52.3802], [4.90431, 52.38046], [4.90326, 52.38077], [4.90226, 52.38113], [4.90118, 52.38156], [4.90037, 52.38198], [4.89948, 52.38249], [4.89866, 52.38304], [4.89792, 52.38368], [4.89731, 52.38427], [4.89676, 52.38489], [4.89625, 52.38565], [4.89588, 52.38636], [4.89566, 52.38692], [4.89508, 52.38869], [4.89237, 52.38852], [4.89231, 52.38836], [4.8923, 52.38822], [4.89231, 52.38821], [4.89221, 52.38819], [4.89207, 52.38851], [4.88598, 52.38813], [4.88448, 52.38838], [4.884, 52.38734], [4.88324, 52.38624], [4.88259, 52.38546], [4.88235, 52.38519], [4.88183, 52.38444], [4.88167, 52.38418], [4.88076, 52.38271], [4.88065, 52.38257], [4.88049, 52.38241], [4.88033, 52.38231], [4.8801, 52.38218], [4.87981, 52.38207], [4.8797, 52.382], [4.87964, 52.38193], [4.8796, 52.38187], [4.87958, 52.38181], [4.87957, 52.38174], [4.87958, 52.38168], [4.87963, 52.38159], [4.87985, 52.38134], [4.87987, 52.38128], [4.87986, 52.38122], [4.8781, 52.3784], [4.87829, 52.37835], [4.8781, 52.37804], [4.87808, 52.37805], [4.87791, 52.37779], [4.87801, 52.37776], [4.87599, 52.37454], [4.87589, 52.37432], [4.87585, 52.37418], [4.87554, 52.37421], [4.87551, 52.37408], [4.87548, 52.37376], [4.87549, 52.37341]]]}}, {"type": "Feature", "properties": {"code": "GB-GA02", "name": "Centrum-Oost"}, "geometry": {"type": "Polygon", "coordinates": [[[4.87923, 52.36492], [4.87922, 52.36478], [4.87923, 52.36463], [4.87926, 52.36449], [4.87932, 52.36434], [4.87936, 52.36426], [4.87942, 52.36418], [4.8795, 52.36411], [4.8796, 52.36404], [4.87978, 52.36396], [4.88006, 52.36389], [4.88026, 52.36382], [4.88054, 52.36371], [4.88071, 52.36363], [4.88085, 52.36354], [4.88112, 52.36336], [4.88141, 52.36313], [4.88152, 52.36294], [4.88158, 52.36277], [4.88162, 52.36251], [4.88166, 52.36242], [4.88172, 52.36232], [4.88175, 52.36228], [4.88185, 52.36219], [4.88196, 52.36212], [4.8821, 52.36206], [4.88226, 52.36199], [4.8824, 52.36196], [4.88251, 52.36194], [4.88263, 52.36193], [4.88364, 52.36191], [4.88385, 52.36189], [4.88405, 52.36185], [4.88424, 52.36179], [4.8844, 52.36173], [4.88739, 52.36023], [4.88768, 52.36007], [4.88795, 52.3599], [4.88817, 52.3597], [4.88829, 52.35958], [4.88841, 52.35944], [4.88864, 52.35923], [4.88893, 52.35902], [4.88925, 52.35883], [4.8894, 52.35875], [4.8896, 52.35867], [4.88981, 52.35859], [4.89001, 52.35853], [4.89022, 52.35848], [4.89044, 52.35843], [4.89065, 52.3584], [4.89088, 52.35837], [4.89804, 52.35793], [4.89826, 52.35795], [4.89851, 52.35797], [4.89876, 52.35801], [4.89901, 52.35805], [4.89925, 52.3581], [4.90168, 52.3586], [4.904, 52.35905], [4.90463, 52.35921], [4.90516, 52.35935], [4.90598, 52.3595], [4.90617, 52.35955], [4.9065, 52.35966], [4.90664, 52.35972], [4.90692, 52.35988], [4.9071, 52.36001], [4.90738, 52.36022], [4.90751, 52.3603], [4.90765, 52.36037], [4.90778, 52.36043], [4.90797, 52.3605], [4.90833, 52.36059], [4.90857, 52.36064], [4.90881, 52.36066], [4.90904, 52.36065], [4.90936, 52.3606], [4.90964, 52.36058], [4.90996, 52.36059], [4.91026, 52.36062], [4.91057, 52.3607], [4.91084, 52.3608], [4.91109, 52.36093], [4.9112, 52.361], [4.91129, 52.36108], [4.91137, 52.36113], [4.91149, 52.36118], [4.91163, 52.36122], [4.91178, 52.36125], [4.91285, 52.36136], [4.91404, 52.3615], [4.91578, 52.36198], [4.91601, 52.36203], [4.91624, 52.36207], [4.91641, 52.36209], [4.91781, 52.36215], [4.91813, 52.36219], [4.91843, 52.36227], [4.91871, 52.36237], [4.91887, 52.36246], [4.91903, 52.36255], [4.91972, 52.36314], [4.91988, 52.36322], [4.92005, 52.36329], [4.92021, 52.36334], [4.92039, 52.36337], [4.92111, 52.36343], [4.92149, 52.36348], [4.92177, 52.36352], [4.92192, 52.36356], [4.92207, 52.36362], [4.9222, 52.36368], [4.92231, 52.36376], [4.92478, 52.36525], [4.9256, 52.36567], [4.9266, 52.36627], [4.92673, 52.36633], [4.92685, 52.36638], [4.92699, 52.36643], [4.92714, 52.36646], [4.92732, 52.36649], [4.92751, 52.3665], [4.93159, 52.36657], [4.93219, 52.36757], [4.93213, 52.3676], [4.93211, 52.36764], [4.93212, 52.36766], [4.93209, 52.36767], [4.93259, 52.3685], [4.93269, 52.3687], [4.93283, 52.36907], [4.9329, 52.3694], [4.93295, 52.3699], [4.93292, 52.37005], [4.9329, 52.37037], [4.93296, 52.37041], [4.93297, 52.37041], [4.93291, 52.37067], [4.9329, 52.37067], [4.9329, 52.37068], [4.93285, 52.37068], [4.93282, 52.37069], [4.93278, 52.37073], [4.93277, 52.3709], [4.93263, 52.37128], [4.93251, 52.3715], [4.93233, 52.3717], [4.93232, 52.37173], [4.93233, 52.37175], [4.9324, 52.37178], [4.93226, 52.37196], [4.93218, 52.37196], [4.93211, 52.37198], [4.93197, 52.37216], [4.93175, 52.37235], [4.93143, 52.37259], [4.93118, 52.37275], [4.93088, 52.37292], [4.93055, 52.37308], [4.93019, 52.37323], [4.92985, 52.37335], [4.9294, 52.37347], [4.92855, 52.37368], [4.92791, 52.37385], [4.9277, 52.37391], [4.92426, 52.37502], [4.92405, 52.37508], [4.92352, 52.37521], [4.92304, 52.3753], [4.92154, 52.37553], [4.92157, 52.37558], [4.92129, 52.37562], [4.92128, 52.37561], [4.92126, 52.37561], [4.92125, 52.37558], [4.9205, 52.37569], [4.91451, 52.37666], [4.91412, 52.37672], [4.91356, 52.37677], [4.9133, 52.37679], [4.91273, 52.3768], [4.9124, 52.37679], [4.91212, 52.37678], [4.91209, 52.37679], [4.91208, 52.37681], [4.91198, 52.3768], [4.91191, 52.3771], [4.91204, 52.37711], [4.91209, 52.37718], [4.91198, 52.37758], [4.91116, 52.37764], [4.91059, 52.37991], [4.90868, 52.37986], [4.90762, 52.37988], [4.90653, 52.38002], [4.90641, 52.38004], [4.90429, 52.37793], [4.90355, 52.37717], [4.90325, 52.37659], [4.90227, 52.37614], [4.90127, 52.37417], [4.90094, 52.37349], [4.90071, 52.37302], [4.90055, 52.37304], [4.90037, 52.37303], [4.90025, 52.37301], [4.90017, 52.37297], [4.9001, 52.37291], [4.89969, 52.37234], [4.89967, 52.37228], [4.89986, 52.37222], [4.8993, 52.37158], [4.89875, 52.371], [4.89637, 52.3685], [4.89623, 52.36829], [4.89579, 52.36781], [4.89547, 52.3675], [4.89537, 52.36742], [4.89527, 52.36737], [4.89505, 52.36733], [4.89483, 52.36731], [4.89432, 52.36729], [4.89388, 52.36729], [4.89381, 52.36727], [4.89336, 52.36697], [4.89329, 52.36694], [4.89315, 52.36691], [4.89275, 52.3669], [4.89174, 52.36692], [4.89116, 52.36697], [4.8901, 52.36714], [4.88964, 52.36728], [4.88806, 52.3685], [4.88772, 52.36839], [4.8867, 52.36804], [4.88667, 52.36755], [4.88587, 52.36725], [4.88517, 52.36701], [4.88454, 52.36678], [4.8828, 52.36618], [4.88091, 52.36549], [4.8801, 52.36521], [4.87923, 52.36492]]]}}, {"type": "Feature", "properties": {"code": "GB-GE03", "name": "Westerpark"}, "geometry": {"type": "Polygon", "coordinates": [[[4.84432, 52.3953], [4.84423, 52.39494], [4.84417, 52.39461], [4.84414, 52.39428], [4.84412, 52.39385], [4.84413, 52.39329], [4.84437, 52.3889], [4.84466, 52.3889], [4.84466, 52.38892], [4.84469, 52.38892], [4.84469, 52.38876], [4.84466, 52.38876], [4.84467, 52.38862], [4.84476, 52.38692], [4.84473, 52.38638], [4.8448, 52.38515], [4.84481, 52.38515], [4.84481, 52.38511], [4.84503, 52.38512], [4.84532, 52.38516], [4.84556, 52.38517], [4.8462, 52.38516], [4.84751, 52.38517], [4.85297, 52.38526], [4.85511, 52.38531], [4.85525, 52.3853], [4.85566, 52.38531], [4.86067, 52.38539], [4.86071, 52.38452], [4.86074, 52.38433], [4.86081, 52.38412], [4.86088, 52.38397], [4.86097, 52.38381], [4.86133, 52.3833], [4.86162, 52.38282], [4.86181, 52.38247], [4.86192, 52.38222], [4.86263, 52.38039], [4.86444, 52.37541], [4.86464, 52.37487], [4.86469, 52.37476], [4.86477, 52.37464], [4.86486, 52.37454], [4.86494, 52.37446], [4.86724, 52.37254], [4.86636, 52.37159], [4.87549, 52.37341], [4.87548, 52.37376], [4.87551, 52.37408], [4.87554, 52.37421], [4.87585, 52.37418], [4.87589, 52.37432], [4.87599, 52.37454], [4.87801, 52.37776], [4.87791, 52.37779], [4.87808, 52.37805], [4.8781, 52.37804], [4.87829, 52.37835], [4.8781, 52.3784], [4.87986, 52.38122], [4.87987, 52.38128], [4.87985, 52.38134], [4.87963, 52.38159], [4.87958, 52.38168], [4.87957, 52.38174], [4.87958, 52.38181], [4.8796, 52.38187], [4.87964, 52.38193], [4.8797, 52.382], [4.87981, 52.38207], [4.8801, 52.38218], [4.88033, 52.38231], [4.88049, 52.38241], [4.88065, 52.38257], [4.88076, 52.38271], [4.88167, 52.38418], [4.88183, 52.38444], [4.88235, 52.38519], [4.88259, 52.38546], [4.88324, 52.38624], [4.884, 52.38734], [4.88448, 52.38838], [4.88598, 52.38813], [4.89207, 52.38851], [4.89221, 52.38819], [4.89231, 52.38821], [4.8923, 52.38822], [4.89231, 52.38836], [4.89237, 52.38852], [4.89508, 52.38869], [4.89399, 52.39205], [4.89366, 52.39282], [4.89322, 52.39356], [4.89266, 52.39421], [4.89201, 52.39479], [4.88978, 52.39641], [4.88586, 52.39938], [4.88548, 52.39917], [4.87658, 52.39461], [4.87645, 52.39456], [4.8763, 52.39452], [4.87618, 52.3945], [4.87603, 52.39449], [4.87585, 52.3945], [4.87296, 52.39476], [4.87281, 52.39477], [4.87268, 52.39477], [4.87252, 52.39475], [4.87178, 52.39462], [4.87169, 52.39477], [4.8715, 52.39501], [4.87149, 52.39508], [4.87129, 52.39526], [4.86722, 52.39334], [4.86706, 52.39336], [4.86688, 52.39339], [4.86661, 52.39345], [4.86638, 52.39352], [4.86609, 52.39364], [4.86607, 52.39363], [4.86604, 52.39364], [4.86586, 52.39349], [4.86568, 52.3932], [4.86564, 52.3932], [4.86561, 52.39316], [4.86555, 52.39315], [4.86423, 52.39287], [4.86341, 52.39351], [4.86313, 52.39371], [4.86264, 52.39402], [4.86238, 52.39416], [4.86187, 52.39442], [4.86159, 52.39454], [4.86095, 52.39478], [4.86059, 52.39489], [4.86017, 52.395], [4.85975, 52.3951], [4.85933, 52.39519], [4.85893, 52.39526], [4.85811, 52.39535], [4.85772, 52.39538], [4.85736, 52.3954], [4.85691, 52.3954], [4.85563, 52.3954], [4.85562, 52.39551], [4.85497, 52.39551], [4.85497, 52.39552], [4.85083, 52.3955], [4.85083, 52.39549], [4.85051, 52.39548], [4.85051, 52.3955], [4.84906, 52.39549], [4.84711, 52.39547], [4.84711, 52.39546], [4.84675, 52.39546], [4.84675, 52.39552], [4.846, 52.39551], [4.8455, 52.39549], [4.84544, 52.39545], [4.84494, 52.39542], [4.84485, 52.39539], [4.84432, 52.3953]]]}}, {"type": "Feature", "properties": {"code": "GB-GE04", "name": "Bos en Lommer"}, "geometry": {"type": "Polygon", "coordinates": [[[4.83534, 52.37315], [4.8406, 52.37233], [4.84086, 52.3723], [4.84119, 52.37227], [4.8426, 52.37222], [4.84304, 52.37222], [4.84439, 52.37219], [4.84528, 52.37222], [4.84555, 52.37223], [4.84592, 52.37227], [4.84609, 52.3723], [4.84637, 52.37236], [4.84678, 52.37241], [4.84712, 52.37244], [4.84931, 52.37282], [4.84999, 52.37294], [4.85112, 52.37317], [4.8529, 52.37349], [4.85315, 52.37356], [4.85466, 52.37417], [4.85481, 52.37423], [4.85495, 52.37427], [4.8551, 52.3743], [4.85557, 52.37436], [4.85769, 52.3746], [4.8587, 52.37466], [4.85975, 52.37479], [4.86046, 52.37491], [4.86207, 52.37509], [4.86444, 52.37541], [4.86263, 52.38039], [4.86192, 52.38222], [4.86181, 52.38247], [4.86162, 52.38282], [4.86133, 52.3833], [4.86097, 52.38381], [4.86088, 52.38397], [4.86081, 52.38412], [4.86074, 52.38433], [4.86071, 52.38452], [4.86067, 52.38539], [4.85566, 52.38531], [4.85525, 52.3853], [4.85511, 52.38531], [4.85297, 52.38526], [4.84751, 52.38517], [4.8462, 52.38516], [4.84556, 52.38517], [4.84532, 52.38516], [4.84503, 52.38512], [4.84481, 52.38511], [4.84393, 52.38509], [4.84329, 52.3851], [4.83984, 52.38504], [4.83926, 52.38502], [4.83936, 52.38459], [4.83942, 52.38459], [4.83945, 52.38443], [4.83942, 52.38443], [4.83946, 52.38404], [4.83945, 52.38404], [4.83946, 52.38384], [4.83945, 52.38363], [4.83946, 52.38363], [4.83945, 52.38356], [4.83944, 52.38356], [4.83939, 52.38317], [4.83941, 52.38317], [4.8393, 52.3827], [4.83931, 52.3827], [4.83914, 52.38221], [4.83913, 52.3822], [4.8391, 52.38212], [4.83909, 52.38212], [4.83895, 52.3818], [4.83897, 52.3818], [4.83892, 52.38169], [4.83894, 52.38169], [4.83891, 52.38162], [4.8389, 52.38162], [4.83876, 52.38131], [4.83878, 52.38131], [4.83869, 52.3811], [4.83868, 52.3811], [4.83853, 52.38075], [4.83855, 52.38075], [4.83846, 52.38054], [4.83845, 52.38054], [4.8383, 52.38019], [4.83831, 52.38018], [4.83822, 52.37998], [4.83821, 52.37998], [4.83811, 52.37972], [4.83812, 52.37972], [4.83787, 52.37914], [4.83785, 52.37914], [4.83782, 52.37907], [4.83781, 52.37907], [4.83765, 52.37867], [4.83768, 52.37868], [4.83766, 52.37861], [4.83763, 52.37854], [4.83761, 52.37854], [4.83746, 52.37819], [4.83746, 52.37817], [4.83739, 52.37799], [4.8367, 52.37635], [4.83549, 52.37345], [4.83548, 52.37345], [4.83544, 52.37336], [4.83543, 52.37336], [4.83534, 52.37315]]]}}, {"type": "Feature", "properties": {"code": "GB-GE05", "name": "Oud-West, De Baarsjes"}, "geometry": {"type": "Polygon", "coordinates": [[[4.84304, 52.37222], [4.84303, 52.37191], [4.84286, 52.37191], [4.84285, 52.37188], [4.8428, 52.37186], [4.84271, 52.37087], [4.84257, 52.37003], [4.84256, 52.36983], [4.84257, 52.36959], [4.84522, 52.36962], [4.84572, 52.36964], [4.84619, 52.36967], [4.84662, 52.36972], [4.84702, 52.36977], [4.84763, 52.36987], [4.84774, 52.36961], [4.84836, 52.36972], [4.84871, 52.36896], [4.84868, 52.36893], [4.85032, 52.36537], [4.85039, 52.36538], [4.85045, 52.36522], [4.85047, 52.36516], [4.8505, 52.36424], [4.84919, 52.36423], [4.84922, 52.36337], [4.84946, 52.36337], [4.84951, 52.36095], [4.84889, 52.36076], [4.84889, 52.35804], [4.84889, 52.35791], [4.85004, 52.35792], [4.85057, 52.35791], [4.85218, 52.35792], [4.85246, 52.35791], [4.85265, 52.35792], [4.85284, 52.35794], [4.85301, 52.35799], [4.8534, 52.35807], [4.85355, 52.3581], [4.85362, 52.35809], [4.8539, 52.35802], [4.85478, 52.35776], [4.85433, 52.35718], [4.85412, 52.35652], [4.85508, 52.35641], [4.85894, 52.35741], [4.85981, 52.35762], [4.86182, 52.35814], [4.86181, 52.35815], [4.86225, 52.35826], [4.86226, 52.35825], [4.86318, 52.35848], [4.86319, 52.35847], [4.86367, 52.35858], [4.86545, 52.35901], [4.86548, 52.35901], [4.86552, 52.35886], [4.86554, 52.35885], [4.8658, 52.35882], [4.86591, 52.35894], [4.86591, 52.35912], [4.86688, 52.35935], [4.86815, 52.35964], [4.86865, 52.35977], [4.86996, 52.36012], [4.87006, 52.35998], [4.87125, 52.36028], [4.8713, 52.3602], [4.87148, 52.36025], [4.87128, 52.36054], [4.87139, 52.36057], [4.87154, 52.36036], [4.87185, 52.36035], [4.87192, 52.36036], [4.87218, 52.36041], [4.87246, 52.36048], [4.87302, 52.36065], [4.87329, 52.36075], [4.87352, 52.36074], [4.87361, 52.36075], [4.87373, 52.36078], [4.87379, 52.36081], [4.87383, 52.36086], [4.87386, 52.36098], [4.87402, 52.36102], [4.87408, 52.36098], [4.87416, 52.36096], [4.87425, 52.36093], [4.8744, 52.36093], [4.87461, 52.36091], [4.87503, 52.36078], [4.87525, 52.36068], [4.87532, 52.36067], [4.87539, 52.36068], [4.87547, 52.36071], [4.87553, 52.36075], [4.8756, 52.36082], [4.87583, 52.36077], [4.87587, 52.36072], [4.87618, 52.36081], [4.87626, 52.36074], [4.8765, 52.3608], [4.87657, 52.3607], [4.87656, 52.36068], [4.87659, 52.36063], [4.87662, 52.36062], [4.87663, 52.36058], [4.87695, 52.36066], [4.87693, 52.36069], [4.87704, 52.36071], [4.87702, 52.36074], [4.87698, 52.36074], [4.87697, 52.36076], [4.87692, 52.36077], [4.87689, 52.36077], [4.87675, 52.36097], [4.8772, 52.3611], [4.87736, 52.36086], [4.87739, 52.36087], [4.87745, 52.36078], [4.87859, 52.36109], [4.8806, 52.36163], [4.8821, 52.36206], [4.88196, 52.36212], [4.88185, 52.36219], [4.88175, 52.36228], [4.88172, 52.36232], [4.88166, 52.36242], [4.88162, 52.36251], [4.88158, 52.36277], [4.88152, 52.36294], [4.88141, 52.36313], [4.88112, 52.36336], [4.88085, 52.36354], [4.88071, 52.36363], [4.88054, 52.36371], [4.88026, 52.36382], [4.88006, 52.36389], [4.87978, 52.36396], [4.8796, 52.36404], [4.8795, 52.36411], [4.87942, 52.36418], [4.87936, 52.36426], [4.87932, 52.36434], [4.87926, 52.36449], [4.87923, 52.36463], [4.87922, 52.36478], [4.87923, 52.36492], [4.87923, 52.36499], [4.87922, 52.36513], [4.87919, 52.36526], [4.87914, 52.36538], [4.87907, 52.3655], [4.87896, 52.36566], [4.87882, 52.36583], [4.8787, 52.36595], [4.87853, 52.36608], [4.8784, 52.36617], [4.87814, 52.36631], [4.87789, 52.36647], [4.87773, 52.36659], [4.87752, 52.36677], [4.87743, 52.36695], [4.87735, 52.36718], [4.87732, 52.3673], [4.87727, 52.3677], [4.8772, 52.3679], [4.87709, 52.36811], [4.87681, 52.3685], [4.87668, 52.36868], [4.8763, 52.36897], [4.87599, 52.36925], [4.87581, 52.36946], [4.87567, 52.36964], [4.87505, 52.37068], [4.8745, 52.37189], [4.87445, 52.37206], [4.87444, 52.3722], [4.87448, 52.37232], [4.87456, 52.37245], [4.87465, 52.37256], [4.87478, 52.37269], [4.87483, 52.37273], [4.87517, 52.37292], [4.87524, 52.37297], [4.8753, 52.37304], [4.87538, 52.37315], [4.87543, 52.37324], [4.87549, 52.37341], [4.86636, 52.37159], [4.86724, 52.37254], [4.86494, 52.37446], [4.86486, 52.37454], [4.86477, 52.37464], [4.86469, 52.37476], [4.86464, 52.37487], [4.86444, 52.37541], [4.86207, 52.37509], [4.86046, 52.37491], [4.85975, 52.37479], [4.8587, 52.37466], [4.85769, 52.3746], [4.85557, 52.37436], [4.8551, 52.3743], [4.85495, 52.37427], [4.85481, 52.37423], [4.85466, 52.37417], [4.85315, 52.37356], [4.8529, 52.37349], [4.85112, 52.37317], [4.84999, 52.37294], [4.84931, 52.37282], [4.84712, 52.37244], [4.84678, 52.37241], [4.84637, 52.37236], [4.84609, 52.3723], [4.84592, 52.37227], [4.84555, 52.37223], [4.84528, 52.37222], [4.84439, 52.37219], [4.84304, 52.37222]]]}}, {"type": "Feature", "properties": {"code": "GB-GF06", "name": "Sloterdijk Nieuw-West"}, "geometry": {"type": "Polygon", "coordinates": [[[4.84432, 52.3953], [4.84399, 52.39526], [4.84369, 52.39523], [4.84327, 52.39514], [4.84295, 52.39506], [4.84251, 52.39493], [4.84238, 52.39492], [4.84225, 52.39488], [4.84191, 52.39476], [4.84136, 52.39454], [4.84109, 52.39442], [4.84067, 52.39421], [4.84146, 52.39483], [4.84176, 52.39508], [4.83953, 52.3958], [4.83949, 52.39598], [4.83886, 52.39617], [4.83789, 52.39543], [4.83731, 52.39544], [4.8358, 52.39543], [4.83575, 52.39503], [4.83566, 52.39378], [4.83563, 52.39301], [4.83558, 52.39275], [4.83558, 52.39232], [4.83558, 52.39229], [4.83553, 52.39219], [4.83545, 52.39212], [4.83492, 52.39204], [4.8343, 52.39197], [4.83366, 52.39192], [4.83301, 52.39191], [4.81879, 52.39189], [4.81747, 52.3919], [4.81618, 52.39191], [4.81565, 52.39199], [4.81537, 52.39204], [4.81514, 52.3921], [4.81465, 52.39222], [4.81435, 52.39231], [4.81371, 52.39254], [4.81305, 52.39279], [4.81246, 52.39304], [4.8121, 52.39321], [4.81176, 52.39339], [4.81127, 52.39367], [4.81084, 52.39391], [4.8106, 52.39407], [4.81003, 52.39447], [4.80989, 52.39458], [4.80966, 52.3948], [4.80962, 52.39485], [4.80952, 52.39481], [4.80932, 52.395], [4.80923, 52.39511], [4.80913, 52.3952], [4.80898, 52.39533], [4.80878, 52.39524], [4.80855, 52.39544], [4.80788, 52.39518], [4.80762, 52.3951], [4.80736, 52.395], [4.80716, 52.3949], [4.80599, 52.39445], [4.80588, 52.39456], [4.8058, 52.39453], [4.80553, 52.39452], [4.80541, 52.39457], [4.8053, 52.39471], [4.80518, 52.39482], [4.80503, 52.39494], [4.80495, 52.39498], [4.80489, 52.39504], [4.80462, 52.3953], [4.80419, 52.39579], [4.80399, 52.39603], [4.80358, 52.39658], [4.80341, 52.39683], [4.80307, 52.39738], [4.80274, 52.39801], [4.80245, 52.39871], [4.80238, 52.39885], [4.80222, 52.39908], [4.80209, 52.39924], [4.80189, 52.39941], [4.80163, 52.3996], [4.80139, 52.39973], [4.80133, 52.39983], [4.80115, 52.39992], [4.80096, 52.39999], [4.80067, 52.40008], [4.80043, 52.40015], [4.80018, 52.4002], [4.79977, 52.40026], [4.79942, 52.40028], [4.79914, 52.40028], [4.79891, 52.40028], [4.79864, 52.40025], [4.79841, 52.40022], [4.79825, 52.4002], [4.79793, 52.40013], [4.79739, 52.39996], [4.79678, 52.3997], [4.7963, 52.39952], [4.79596, 52.39942], [4.79571, 52.39937], [4.79554, 52.39934], [4.7953, 52.39934], [4.7949, 52.39935], [4.79379, 52.39927], [4.79303, 52.39917], [4.79272, 52.39914], [4.77501, 52.39913], [4.77299, 52.39483], [4.77063, 52.39737], [4.7707, 52.39772], [4.77074, 52.39785], [4.77086, 52.39805], [4.77101, 52.39821], [4.77125, 52.39839], [4.76923, 52.39894], [4.76892, 52.39901], [4.76741, 52.39927], [4.76541, 52.39953], [4.76477, 52.39959], [4.75982, 52.40022], [4.75937, 52.39891], [4.75829, 52.39921], [4.75749, 52.39689], [4.7576, 52.39685], [4.75768, 52.3968], [4.75775, 52.39675], [4.75783, 52.39667], [4.75787, 52.39659], [4.75787, 52.3965], [4.75788, 52.39602], [4.7579, 52.39572], [4.75793, 52.39543], [4.75796, 52.39499], [4.758, 52.39456], [4.75802, 52.39403], [4.75801, 52.39373], [4.75802, 52.39321], [4.75803, 52.39293], [4.75804, 52.39196], [4.75806, 52.39095], [4.75801, 52.38955], [4.75835, 52.38771], [4.75839, 52.3876], [4.75852, 52.3872], [4.75895, 52.38442], [4.75895, 52.38427], [4.75896, 52.38412], [4.78735, 52.38438], [4.79422, 52.38445], [4.80194, 52.38453], [4.80709, 52.3846], [4.81874, 52.38473], [4.83152, 52.38488], [4.83601, 52.38495], [4.83926, 52.38502], [4.83984, 52.38504], [4.84329, 52.3851], [4.84393, 52.38509], [4.84481, 52.38511], [4.84481, 52.38515], [4.8448, 52.38515], [4.84473, 52.38638], [4.84476, 52.38692], [4.84467, 52.38862], [4.84466, 52.38876], [4.84469, 52.38876], [4.84469, 52.38892], [4.84466, 52.38892], [4.84466, 52.3889], [4.84437, 52.3889], [4.84413, 52.39329], [4.84412, 52.39385], [4.84414, 52.39428], [4.84417, 52.39461], [4.84423, 52.39494], [4.84432, 52.3953]]]}}, {"type": "Feature", "properties": {"code": "GB-GF07", "name": "Geuzenveld, Slotermeer"}, "geometry": {"type": "Polygon", "coordinates": [[[4.75896, 52.38412], [4.75899, 52.38367], [4.75905, 52.38192], [4.75909, 52.38094], [4.75921, 52.38087], [4.76, 52.38138], [4.76004, 52.3814], [4.76008, 52.38141], [4.76013, 52.38141], [4.76017, 52.3814], [4.76216, 52.38027], [4.76291, 52.37991], [4.76373, 52.37956], [4.76459, 52.37921], [4.76527, 52.3788], [4.76572, 52.37849], [4.76684, 52.37778], [4.76799, 52.37714], [4.76888, 52.37675], [4.76978, 52.37608], [4.77522, 52.37295], [4.77591, 52.37254], [4.77603, 52.37242], [4.77889, 52.3708], [4.78066, 52.36973], [4.78093, 52.36964], [4.78113, 52.3698], [4.78301, 52.37119], [4.7846, 52.37243], [4.78672, 52.3741], [4.78866, 52.37559], [4.78923, 52.376], [4.79004, 52.3756], [4.79044, 52.37534], [4.79115, 52.375], [4.79157, 52.37469], [4.79214, 52.37485], [4.79273, 52.37402], [4.793, 52.37379], [4.79391, 52.37379], [4.80129, 52.37306], [4.80527, 52.37267], [4.80522, 52.37252], [4.80514, 52.37224], [4.80512, 52.37211], [4.80511, 52.37191], [4.80513, 52.3716], [4.80519, 52.3714], [4.80531, 52.37109], [4.80543, 52.37081], [4.80558, 52.37051], [4.80611, 52.36956], [4.80754, 52.36692], [4.80762, 52.36679], [4.80797, 52.36633], [4.80867, 52.36584], [4.80877, 52.36572], [4.80881, 52.36566], [4.80888, 52.3655], [4.8089, 52.36532], [4.80889, 52.3652], [4.80883, 52.36505], [4.8088, 52.3649], [4.8088, 52.3648], [4.80881, 52.36463], [4.80885, 52.36449], [4.8089, 52.36436], [4.80924, 52.36375], [4.8093, 52.36368], [4.80936, 52.36363], [4.80943, 52.36358], [4.80953, 52.36352], [4.80961, 52.36349], [4.80974, 52.36345], [4.80985, 52.36342], [4.80999, 52.36341], [4.81014, 52.36336], [4.81027, 52.3633], [4.81039, 52.3632], [4.81047, 52.36305], [4.81218, 52.35973], [4.81719, 52.36389], [4.82716, 52.37213], [4.82933, 52.37056], [4.82926, 52.37048], [4.82925, 52.37042], [4.82927, 52.37036], [4.82932, 52.37031], [4.82995, 52.36997], [4.82991, 52.36992], [4.83079, 52.3697], [4.8309, 52.3698], [4.83105, 52.36987], [4.83197, 52.37014], [4.83222, 52.37056], [4.83232, 52.37079], [4.83265, 52.37074], [4.83282, 52.3707], [4.83326, 52.37063], [4.83339, 52.3706], [4.83358, 52.37052], [4.83369, 52.37049], [4.83442, 52.37038], [4.83455, 52.37091], [4.83469, 52.37145], [4.83494, 52.37213], [4.83528, 52.37294], [4.83525, 52.37295], [4.83534, 52.37315], [4.83543, 52.37336], [4.83544, 52.37336], [4.83548, 52.37345], [4.83549, 52.37345], [4.8367, 52.37635], [4.83739, 52.37799], [4.83746, 52.37817], [4.83746, 52.37819], [4.83761, 52.37854], [4.83763, 52.37854], [4.83766, 52.37861], [4.83768, 52.37868], [4.83765, 52.37867], [4.83781, 52.37907], [4.83782, 52.37907], [4.83785, 52.37914], [4.83787, 52.37914], [4.83812, 52.37972], [4.83811, 52.37972], [4.83821, 52.37998], [4.83822, 52.37998], [4.83831, 52.38018], [4.8383, 52.38019], [4.83845, 52.38054], [4.83846, 52.38054], [4.83855, 52.38075], [4.83853, 52.38075], [4.83868, 52.3811], [4.83869, 52.3811], [4.83878, 52.38131], [4.83876, 52.38131], [4.8389, 52.38162], [4.83891, 52.38162], [4.83894, 52.38169], [4.83892, 52.38169], [4.83897, 52.3818], [4.83895, 52.3818], [4.83909, 52.38212], [4.8391, 52.38212], [4.83913, 52.3822], [4.83914, 52.38221], [4.83931, 52.3827], [4.8393, 52.3827], [4.83941, 52.38317], [4.83939, 52.38317], [4.83944, 52.38356], [4.83945, 52.38356], [4.83946, 52.38363], [4.83945, 52.38363], [4.83946, 52.38384], [4.83945, 52.38404], [4.83946, 52.38404], [4.83942, 52.38443], [4.83945, 52.38443], [4.83942, 52.38459], [4.83936, 52.38459], [4.83926, 52.38502], [4.83601, 52.38495], [4.83152, 52.38488], [4.81874, 52.38473], [4.80709, 52.3846], [4.80194, 52.38453], [4.79422, 52.38445], [4.78735, 52.38438], [4.75896, 52.38412]]]}}, {"type": "Feature", "properties": {"code": "GB-GF08", "name": "Osdorp"}, "geometry": {"type": "Polygon", "coordinates": [[[4.75909, 52.38094], [4.75913, 52.37933], [4.75726, 52.37798], [4.75644, 52.37777], [4.75699, 52.37705], [4.75754, 52.37619], [4.75805, 52.37507], [4.75839, 52.37402], [4.75852, 52.37326], [4.75857, 52.37276], [4.7586, 52.37222], [4.75858, 52.3716], [4.75852, 52.37124], [4.75845, 52.37096], [4.75799, 52.36924], [4.75649, 52.3639], [4.75548, 52.36039], [4.7551, 52.35904], [4.75491, 52.35839], [4.75484, 52.35791], [4.75495, 52.35722], [4.75511, 52.35684], [4.75532, 52.35654], [4.75569, 52.35615], [4.75611, 52.35583], [4.75666, 52.35552], [4.75734, 52.35521], [4.75809, 52.35492], [4.76213, 52.35334], [4.7674, 52.35127], [4.76756, 52.35143], [4.76877, 52.35261], [4.77009, 52.35393], [4.77028, 52.35408], [4.77046, 52.35419], [4.77066, 52.3543], [4.77086, 52.35439], [4.7711, 52.35447], [4.77138, 52.35455], [4.77196, 52.35468], [4.77224, 52.35475], [4.77249, 52.35483], [4.77274, 52.35492], [4.77317, 52.35512], [4.77348, 52.3553], [4.77377, 52.3555], [4.77404, 52.3557], [4.77517, 52.35666], [4.77568, 52.35713], [4.7759, 52.35728], [4.77603, 52.35733], [4.7761, 52.35735], [4.77626, 52.35737], [4.77649, 52.35737], [4.77729, 52.35723], [4.77698, 52.35676], [4.78651, 52.35293], [4.78701, 52.35277], [4.7872, 52.35273], [4.78758, 52.35267], [4.78798, 52.35264], [4.78822, 52.35264], [4.78858, 52.35266], [4.78883, 52.35268], [4.78915, 52.35272], [4.79017, 52.3529], [4.79047, 52.35294], [4.79181, 52.35319], [4.79239, 52.35216], [4.79305, 52.35091], [4.7933, 52.35045], [4.79342, 52.35019], [4.79411, 52.34904], [4.79475, 52.34773], [4.79558, 52.34625], [4.79616, 52.34707], [4.79671, 52.34763], [4.79716, 52.34797], [4.79745, 52.34816], [4.79775, 52.34835], [4.79802, 52.3485], [4.7985, 52.34872], [4.79889, 52.34888], [4.79944, 52.34907], [4.7999, 52.34921], [4.80055, 52.34937], [4.80115, 52.34948], [4.8111, 52.35149], [4.81171, 52.35158], [4.81223, 52.35163], [4.81267, 52.35166], [4.81296, 52.35167], [4.81419, 52.35166], [4.82044, 52.35175], [4.81807, 52.35617], [4.81862, 52.3563], [4.81856, 52.35828], [4.81721, 52.35894], [4.81707, 52.35886], [4.81695, 52.3588], [4.81669, 52.3587], [4.81653, 52.35865], [4.81548, 52.35843], [4.81543, 52.35851], [4.81306, 52.35803], [4.81218, 52.35973], [4.81047, 52.36305], [4.81039, 52.3632], [4.81027, 52.3633], [4.81014, 52.36336], [4.80999, 52.36341], [4.80985, 52.36342], [4.80974, 52.36345], [4.80961, 52.36349], [4.80953, 52.36352], [4.80943, 52.36358], [4.80936, 52.36363], [4.8093, 52.36368], [4.80924, 52.36375], [4.8089, 52.36436], [4.80885, 52.36449], [4.80881, 52.36463], [4.8088, 52.3648], [4.8088, 52.3649], [4.80883, 52.36505], [4.80889, 52.3652], [4.8089, 52.36532], [4.80888, 52.3655], [4.80881, 52.36566], [4.80877, 52.36572], [4.80867, 52.36584], [4.80797, 52.36633], [4.80762, 52.36679], [4.80754, 52.36692], [4.80611, 52.36956], [4.80558, 52.37051], [4.80543, 52.37081], [4.80531, 52.37109], [4.80519, 52.3714], [4.80513, 52.3716], [4.80511, 52.37191], [4.80512, 52.37211], [4.80514, 52.37224], [4.80522, 52.37252], [4.80527, 52.37267], [4.80129, 52.37306], [4.79391, 52.37379], [4.793, 52.37379], [4.79273, 52.37402], [4.79214, 52.37485], [4.79157, 52.37469], [4.79115, 52.375], [4.79044, 52.37534], [4.79004, 52.3756], [4.78923, 52.376], [4.78866, 52.37559], [4.78672, 52.3741], [4.7846, 52.37243], [4.78301, 52.37119], [4.78113, 52.3698], [4.78093, 52.36964], [4.78066, 52.36973], [4.77889, 52.3708], [4.77603, 52.37242], [4.77591, 52.37254], [4.77522, 52.37295], [4.76978, 52.37608], [4.76888, 52.37675], [4.76799, 52.37714], [4.76684, 52.37778], [4.76572, 52.37849], [4.76527, 52.3788], [4.76459, 52.37921], [4.76373, 52.37956], [4.76291, 52.37991], [4.76216, 52.38027], [4.76017, 52.3814], [4.76013, 52.38141], [4.76008, 52.38141], [4.76004, 52.3814], [4.76, 52.38138], [4.75921, 52.38087], [4.75909, 52.38094]]]}}, {"type": "Feature", "properties": {"code": "GB-GF09", "name": "De Aker, Sloten, Nieuw-Sloten"}, "geometry": {"type": "Polygon", "coordinates": [[[4.7674, 52.35127], [4.77175, 52.34956], [4.77518, 52.34816], [4.77874, 52.34669], [4.78146, 52.34558], [4.78617, 52.34365], [4.78816, 52.34284], [4.79016, 52.34201], [4.79055, 52.34185], [4.79144, 52.3413], [4.79179, 52.34103], [4.79232, 52.34051], [4.79609, 52.3368], [4.79733, 52.3356], [4.79777, 52.33529], [4.79822, 52.33504], [4.80772, 52.33109], [4.81267, 52.32905], [4.81544, 52.3279], [4.81641, 52.32741], [4.81713, 52.32693], [4.81733, 52.32708], [4.82213, 52.33082], [4.83556, 52.33101], [4.83834, 52.33149], [4.84622, 52.33413], [4.84709, 52.33628], [4.84714, 52.3369], [4.84703, 52.33769], [4.84433, 52.33755], [4.84377, 52.33754], [4.84311, 52.33753], [4.84238, 52.33754], [4.84165, 52.33758], [4.84098, 52.33763], [4.8402, 52.33771], [4.83971, 52.33785], [4.83946, 52.33793], [4.83922, 52.33801], [4.83876, 52.33819], [4.83854, 52.33828], [4.8381, 52.33849], [4.83789, 52.3386], [4.83749, 52.33882], [4.83711, 52.33906], [4.83693, 52.33919], [4.8366, 52.33945], [4.83644, 52.33959], [4.836, 52.34001], [4.83567, 52.34036], [4.83549, 52.34059], [4.8352, 52.34104], [4.83501, 52.34151], [4.83493, 52.34182], [4.83467, 52.34337], [4.83461, 52.34386], [4.83452, 52.34408], [4.83445, 52.34438], [4.83444, 52.34453], [4.83441, 52.34564], [4.83043, 52.34559], [4.82757, 52.34559], [4.82759, 52.34516], [4.82677, 52.34514], [4.82639, 52.34513], [4.82593, 52.34508], [4.82569, 52.34505], [4.82513, 52.34495], [4.82444, 52.34478], [4.82432, 52.34472], [4.82423, 52.34467], [4.82394, 52.34464], [4.8238, 52.34464], [4.82367, 52.34464], [4.82344, 52.34468], [4.82332, 52.34471], [4.82294, 52.34484], [4.82296, 52.34491], [4.82295, 52.34511], [4.82293, 52.34515], [4.82283, 52.3453], [4.8227, 52.34545], [4.82222, 52.34583], [4.82212, 52.34594], [4.82211, 52.34602], [4.82213, 52.34619], [4.8221, 52.34653], [4.82208, 52.34666], [4.8221, 52.3467], [4.82223, 52.34678], [4.82136, 52.34844], [4.8213, 52.34864], [4.82127, 52.34897], [4.82118, 52.35174], [4.82044, 52.35175], [4.81419, 52.35166], [4.81296, 52.35167], [4.81267, 52.35166], [4.81223, 52.35163], [4.81171, 52.35158], [4.8111, 52.35149], [4.80115, 52.34948], [4.80055, 52.34937], [4.7999, 52.34921], [4.79944, 52.34907], [4.79889, 52.34888], [4.7985, 52.34872], [4.79802, 52.3485], [4.79775, 52.34835], [4.79745, 52.34816], [4.79716, 52.34797], [4.79671, 52.34763], [4.79616, 52.34707], [4.79558, 52.34625], [4.79475, 52.34773], [4.79411, 52.34904], [4.79342, 52.35019], [4.7933, 52.35045], [4.79305, 52.35091], [4.79239, 52.35216], [4.79181, 52.35319], [4.79047, 52.35294], [4.79017, 52.3529], [4.78915, 52.35272], [4.78883, 52.35268], [4.78858, 52.35266], [4.78822, 52.35264], [4.78798, 52.35264], [4.78758, 52.35267], [4.7872, 52.35273], [4.78701, 52.35277], [4.78651, 52.35293], [4.77698, 52.35676], [4.77729, 52.35723], [4.77649, 52.35737], [4.77626, 52.35737], [4.7761, 52.35735], [4.77603, 52.35733], [4.7759, 52.35728], [4.77568, 52.35713], [4.77517, 52.35666], [4.77404, 52.3557], [4.77377, 52.3555], [4.77348, 52.3553], [4.77317, 52.35512], [4.77274, 52.35492], [4.77249, 52.35483], [4.77224, 52.35475], [4.77196, 52.35468], [4.77138, 52.35455], [4.7711, 52.35447], [4.77086, 52.35439], [4.77066, 52.3543], [4.77046, 52.35419], [4.77028, 52.35408], [4.77009, 52.35393], [4.76877, 52.35261], [4.76756, 52.35143], [4.7674, 52.35127]]]}}, {"type": "Feature", "properties": {"code": "GB-GF10", "name": "Slotervaart"}, "geometry": {"type": "Polygon", "coordinates": [[[4.81218, 52.35973], [4.81306, 52.35803], [4.81543, 52.35851], [4.81548, 52.35843], [4.81653, 52.35865], [4.81669, 52.3587], [4.81695, 52.3588], [4.81707, 52.35886], [4.81721, 52.35894], [4.81856, 52.35828], [4.81862, 52.3563], [4.81807, 52.35617], [4.82044, 52.35175], [4.82118, 52.35174], [4.82127, 52.34897], [4.8213, 52.34864], [4.82136, 52.34844], [4.82223, 52.34678], [4.8221, 52.3467], [4.82208, 52.34666], [4.8221, 52.34653], [4.82213, 52.34619], [4.82211, 52.34602], [4.82212, 52.34594], [4.82222, 52.34583], [4.8227, 52.34545], [4.82283, 52.3453], [4.82293, 52.34515], [4.82295, 52.34511], [4.82296, 52.34491], [4.82294, 52.34484], [4.82332, 52.34471], [4.82344, 52.34468], [4.82367, 52.34464], [4.8238, 52.34464], [4.82394, 52.34464], [4.82423, 52.34467], [4.82432, 52.34472], [4.82444, 52.34478], [4.82513, 52.34495], [4.82569, 52.34505], [4.82593, 52.34508], [4.82639, 52.34513], [4.82677, 52.34514], [4.82759, 52.34516], [4.82757, 52.34559], [4.83043, 52.34559], [4.83441, 52.34564], [4.83444, 52.34453], [4.83445, 52.34438], [4.83452, 52.34408], [4.83461, 52.34386], [4.83467, 52.34337], [4.83493, 52.34182], [4.83501, 52.34151], [4.8352, 52.34104], [4.83549, 52.34059], [4.83567, 52.34036], [4.836, 52.34001], [4.83644, 52.33959], [4.8366, 52.33945], [4.83693, 52.33919], [4.83711, 52.33906], [4.83749, 52.33882], [4.83789, 52.3386], [4.8381, 52.33849], [4.83854, 52.33828], [4.83876, 52.33819], [4.83922, 52.33801], [4.83946, 52.33793], [4.83971, 52.33785], [4.8402, 52.33771], [4.84098, 52.33763], [4.84165, 52.33758], [4.84238, 52.33754], [4.84311, 52.33753], [4.84377, 52.33754], [4.84433, 52.33755], [4.84703, 52.33769], [4.84697, 52.33815], [4.84686, 52.33814], [4.84685, 52.33815], [4.84666, 52.33813], [4.84667, 52.33812], [4.84652, 52.33811], [4.84652, 52.33812], [4.84647, 52.33812], [4.84647, 52.33811], [4.84601, 52.33808], [4.84601, 52.33807], [4.846, 52.33807], [4.84599, 52.33808], [4.84598, 52.33808], [4.8457, 52.33807], [4.84533, 52.33807], [4.84498, 52.33809], [4.84464, 52.33813], [4.84438, 52.33818], [4.84407, 52.33825], [4.84374, 52.33835], [4.84345, 52.33847], [4.84321, 52.33858], [4.843, 52.3387], [4.84277, 52.33887], [4.84255, 52.33906], [4.84237, 52.33925], [4.84224, 52.33944], [4.84214, 52.33962], [4.84206, 52.33981], [4.84201, 52.33998], [4.84193, 52.34035], [4.84181, 52.34107], [4.84173, 52.34157], [4.84153, 52.34318], [4.84152, 52.34321], [4.84152, 52.34327], [4.8415, 52.34327], [4.84149, 52.34344], [4.84152, 52.34344], [4.84152, 52.3435], [4.8415, 52.3435], [4.84151, 52.34376], [4.84153, 52.3441], [4.84165, 52.34516], [4.84166, 52.34537], [4.84164, 52.34541], [4.84164, 52.34544], [4.84167, 52.34549], [4.84173, 52.34553], [4.84179, 52.34555], [4.84195, 52.34556], [4.84194, 52.34598], [4.84235, 52.34596], [4.84235, 52.34596], [4.84284, 52.34593], [4.84347, 52.34591], [4.84402, 52.3459], [4.84433, 52.34591], [4.84469, 52.34596], [4.84503, 52.34605], [4.8452, 52.34611], [4.84537, 52.34618], [4.84565, 52.34632], [4.84588, 52.34648], [4.84608, 52.34666], [4.84582, 52.34677], [4.84573, 52.34678], [4.84565, 52.34678], [4.84555, 52.3521], [4.84479, 52.35209], [4.84474, 52.35548], [4.84893, 52.35551], [4.84889, 52.35791], [4.84889, 52.35804], [4.84889, 52.36076], [4.84951, 52.36095], [4.84946, 52.36337], [4.84922, 52.36337], [4.84919, 52.36423], [4.8505, 52.36424], [4.85047, 52.36516], [4.85045, 52.36522], [4.85039, 52.36538], [4.85032, 52.36537], [4.84868, 52.36893], [4.84871, 52.36896], [4.84836, 52.36972], [4.84774, 52.36961], [4.84763, 52.36987], [4.84702, 52.36977], [4.84662, 52.36972], [4.84619, 52.36967], [4.84572, 52.36964], [4.84522, 52.36962], [4.84257, 52.36959], [4.84256, 52.36983], [4.84257, 52.37003], [4.84271, 52.37087], [4.8428, 52.37186], [4.84285, 52.37188], [4.84286, 52.37191], [4.84303, 52.37191], [4.84304, 52.37222], [4.8426, 52.37222], [4.84119, 52.37227], [4.84086, 52.3723], [4.8406, 52.37233], [4.83534, 52.37315], [4.83525, 52.37295], [4.83528, 52.37294], [4.83494, 52.37213], [4.83469, 52.37145], [4.83455, 52.37091], [4.83442, 52.37038], [4.83369, 52.37049], [4.83358, 52.37052], [4.83339, 52.3706], [4.83326, 52.37063], [4.83282, 52.3707], [4.83265, 52.37074], [4.83232, 52.37079], [4.83222, 52.37056], [4.83197, 52.37014], [4.83105, 52.36987], [4.8309, 52.3698], [4.83079, 52.3697], [4.82991, 52.36992], [4.82995, 52.36997], [4.82932, 52.37031], [4.82927, 52.37036], [4.82925, 52.37042], [4.82926, 52.37048], [4.82933, 52.37056], [4.82716, 52.37213], [4.81719, 52.36389], [4.81218, 52.35973]]]}}, {"type": "Feature", "properties": {"code": "GB-GK11", "name": "Oud-Zuid"}, "geometry": {"type": "Polygon", "coordinates": [[[4.84164, 52.34544], [4.84164, 52.34541], [4.84166, 52.34537], [4.84165, 52.34516], [4.84153, 52.3441], [4.84151, 52.34376], [4.8415, 52.3435], [4.84152, 52.3435], [4.84152, 52.34344], [4.84149, 52.34344], [4.8415, 52.34327], [4.84152, 52.34327], [4.84152, 52.34321], [4.84153, 52.34318], [4.84173, 52.34157], [4.84181, 52.34107], [4.84193, 52.34035], [4.84201, 52.33998], [4.84206, 52.33981], [4.84214, 52.33962], [4.84224, 52.33944], [4.84237, 52.33925], [4.84255, 52.33906], [4.84277, 52.33887], [4.843, 52.3387], [4.84321, 52.33858], [4.84345, 52.33847], [4.84374, 52.33835], [4.84407, 52.33825], [4.84438, 52.33818], [4.84464, 52.33813], [4.84498, 52.33809], [4.84533, 52.33807], [4.8457, 52.33807], [4.84598, 52.33808], [4.84599, 52.33808], [4.846, 52.33807], [4.84601, 52.33807], [4.84601, 52.33808], [4.84647, 52.33811], [4.84647, 52.33812], [4.84652, 52.33812], [4.84652, 52.33811], [4.84667, 52.33812], [4.84666, 52.33813], [4.84685, 52.33815], [4.84686, 52.33814], [4.84697, 52.33815], [4.84813, 52.33823], [4.84814, 52.33829], [4.84818, 52.33835], [4.84822, 52.33838], [4.84838, 52.33845], [4.84851, 52.33847], [4.85317, 52.33884], [4.85326, 52.33858], [4.85335, 52.33859], [4.8533, 52.33873], [4.85499, 52.33879], [4.85709, 52.3389], [4.85712, 52.33892], [4.85716, 52.33909], [4.85716, 52.33916], [4.85714, 52.33957], [4.85716, 52.33988], [4.8572, 52.34016], [4.85733, 52.34085], [4.85741, 52.34122], [4.85746, 52.34154], [4.85743, 52.34177], [4.85733, 52.3421], [4.85734, 52.34214], [4.8573, 52.34225], [4.85917, 52.34252], [4.85947, 52.34255], [4.85968, 52.34255], [4.86229, 52.34251], [4.86251, 52.34252], [4.86266, 52.34253], [4.86282, 52.34256], [4.86301, 52.34261], [4.8648, 52.34316], [4.86691, 52.34382], [4.8672, 52.34387], [4.871, 52.34439], [4.87118, 52.34441], [4.8766, 52.34462], [4.87859, 52.34468], [4.88017, 52.34548], [4.88126, 52.34602], [4.88131, 52.34597], [4.88132, 52.34596], [4.88133, 52.34596], [4.8814, 52.34591], [4.88105, 52.34574], [4.88108, 52.34572], [4.88108, 52.34567], [4.8811, 52.34564], [4.88114, 52.34562], [4.88121, 52.34562], [4.88126, 52.34558], [4.88136, 52.34563], [4.88141, 52.3456], [4.88149, 52.34564], [4.88167, 52.3455], [4.88166, 52.34543], [4.88161, 52.34543], [4.88158, 52.34541], [4.88157, 52.34529], [4.88158, 52.34527], [4.88189, 52.34503], [4.88193, 52.34502], [4.88226, 52.345], [4.88244, 52.34509], [4.88258, 52.34498], [4.88243, 52.3449], [4.88242, 52.34489], [4.88239, 52.3448], [4.88236, 52.34478], [4.88245, 52.3447], [4.88254, 52.34463], [4.88279, 52.3445], [4.88295, 52.34444], [4.88304, 52.3444], [4.88321, 52.34437], [4.88354, 52.34434], [4.88361, 52.34452], [4.88376, 52.34449], [4.88402, 52.34445], [4.88445, 52.34441], [4.88473, 52.34439], [4.88573, 52.34438], [4.88574, 52.34451], [4.88628, 52.34847], [4.88653, 52.35066], [4.88649, 52.35224], [4.8865, 52.35277], [4.88652, 52.35289], [4.88657, 52.35303], [4.88662, 52.35315], [4.88677, 52.35338], [4.88677, 52.35355], [4.88679, 52.35394], [4.88678, 52.35441], [4.8867, 52.35529], [4.88658, 52.35685], [4.8866, 52.35727], [4.88679, 52.3596], [4.88696, 52.35992], [4.88739, 52.36023], [4.8844, 52.36173], [4.88424, 52.36179], [4.88405, 52.36185], [4.88385, 52.36189], [4.88364, 52.36191], [4.88263, 52.36193], [4.88251, 52.36194], [4.8824, 52.36196], [4.88226, 52.36199], [4.8821, 52.36206], [4.8806, 52.36163], [4.87859, 52.36109], [4.87745, 52.36078], [4.87739, 52.36087], [4.87736, 52.36086], [4.8772, 52.3611], [4.87675, 52.36097], [4.87689, 52.36077], [4.87692, 52.36077], [4.87697, 52.36076], [4.87698, 52.36074], [4.87702, 52.36074], [4.87704, 52.36071], [4.87693, 52.36069], [4.87695, 52.36066], [4.87663, 52.36058], [4.87662, 52.36062], [4.87659, 52.36063], [4.87656, 52.36068], [4.87657, 52.3607], [4.8765, 52.3608], [4.87626, 52.36074], [4.87618, 52.36081], [4.87587, 52.36072], [4.87583, 52.36077], [4.8756, 52.36082], [4.87553, 52.36075], [4.87547, 52.36071], [4.87539, 52.36068], [4.87532, 52.36067], [4.87525, 52.36068], [4.87503, 52.36078], [4.87461, 52.36091], [4.8744, 52.36093], [4.87425, 52.36093], [4.87416, 52.36096], [4.87408, 52.36098], [4.87402, 52.36102], [4.87386, 52.36098], [4.87383, 52.36086], [4.87379, 52.36081], [4.87373, 52.36078], [4.87361, 52.36075], [4.87352, 52.36074], [4.87329, 52.36075], [4.87302, 52.36065], [4.87246, 52.36048], [4.87218, 52.36041], [4.87192, 52.36036], [4.87185, 52.36035], [4.87154, 52.36036], [4.87139, 52.36057], [4.87128, 52.36054], [4.87148, 52.36025], [4.8713, 52.3602], [4.87125, 52.36028], [4.87006, 52.35998], [4.86996, 52.36012], [4.86865, 52.35977], [4.86815, 52.35964], [4.86688, 52.35935], [4.86591, 52.35912], [4.86591, 52.35894], [4.8658, 52.35882], [4.86554, 52.35885], [4.86552, 52.35886], [4.86548, 52.35901], [4.86545, 52.35901], [4.86367, 52.35858], [4.86319, 52.35847], [4.86318, 52.35848], [4.86226, 52.35825], [4.86225, 52.35826], [4.86181, 52.35815], [4.86182, 52.35814], [4.85981, 52.35762], [4.85894, 52.35741], [4.85508, 52.35641], [4.85412, 52.35652], [4.85433, 52.35718], [4.85478, 52.35776], [4.8539, 52.35802], [4.85362, 52.35809], [4.85355, 52.3581], [4.8534, 52.35807], [4.85301, 52.35799], [4.85284, 52.35794], [4.85265, 52.35792], [4.85246, 52.35791], [4.85218, 52.35792], [4.85057, 52.35791], [4.85004, 52.35792], [4.84889, 52.35791], [4.84893, 52.35551], [4.84474, 52.35548], [4.84479, 52.35209], [4.84555, 52.3521], [4.84565, 52.34678], [4.84573, 52.34678], [4.84582, 52.34677], [4.84608, 52.34666], [4.84588, 52.34648], [4.84565, 52.34632], [4.84537, 52.34618], [4.8452, 52.34611], [4.84503, 52.34605], [4.84469, 52.34596], [4.84433, 52.34591], [4.84402, 52.3459], [4.84347, 52.34591], [4.84284, 52.34593], [4.84235, 52.34596], [4.84235, 52.34596], [4.84194, 52.34598], [4.84195, 52.34556], [4.84179, 52.34555], [4.84173, 52.34553], [4.84167, 52.34549], [4.84164, 52.34544]]]}}, {"type": "Feature", "properties": {"code": "GB-GK12", "name": "Buitenveldert, Zuidas"}, "geometry": {"type": "Polygon", "coordinates": [[[4.81713, 52.32693], [4.81772, 52.32644], [4.81814, 52.32597], [4.81843, 52.32556], [4.81929, 52.32557], [4.81947, 52.32557], [4.8195, 52.32558], [4.81965, 52.32571], [4.8197, 52.32573], [4.81975, 52.32575], [4.81989, 52.32576], [4.82029, 52.32576], [4.82097, 52.32575], [4.82191, 52.32574], [4.82396, 52.32571], [4.82449, 52.32571], [4.82518, 52.32573], [4.82552, 52.32581], [4.8258, 52.32588], [4.82601, 52.32592], [4.82607, 52.32593], [4.82742, 52.32607], [4.82853, 52.32618], [4.82894, 52.32622], [4.83022, 52.32636], [4.83097, 52.32643], [4.83225, 52.32656], [4.8339, 52.32673], [4.83467, 52.32682], [4.83575, 52.32694], [4.83926, 52.32735], [4.83941, 52.32736], [4.83942, 52.32755], [4.83964, 52.32756], [4.83963, 52.32811], [4.83948, 52.32915], [4.84042, 52.32955], [4.84048, 52.32958], [4.84052, 52.32959], [4.84063, 52.32961], [4.84105, 52.32969], [4.84148, 52.32977], [4.84199, 52.32986], [4.84316, 52.33007], [4.84352, 52.33013], [4.84397, 52.33022], [4.8445, 52.33], [4.84524, 52.32968], [4.84637, 52.32986], [4.84736, 52.33002], [4.84757, 52.33005], [4.84764, 52.33008], [4.84768, 52.33017], [4.84796, 52.33055], [4.84799, 52.33057], [4.84801, 52.33057], [4.84843, 52.33056], [4.84945, 52.33052], [4.85161, 52.33044], [4.85495, 52.33034], [4.85548, 52.33033], [4.85593, 52.33032], [4.856, 52.33008], [4.85613, 52.32968], [4.8562, 52.32968], [4.85633, 52.32932], [4.85638, 52.32917], [4.85641, 52.32896], [4.85643, 52.32885], [4.85646, 52.32803], [4.85645, 52.32781], [4.85634, 52.32176], [4.85657, 52.32177], [4.85657, 52.32156], [4.85675, 52.32156], [4.85676, 52.32142], [4.85762, 52.32143], [4.85763, 52.32164], [4.85765, 52.32169], [4.85769, 52.32172], [4.85779, 52.32173], [4.85787, 52.32174], [4.85916, 52.32177], [4.86107, 52.3218], [4.86107, 52.3218], [4.86262, 52.32183], [4.86905, 52.32193], [4.88191, 52.32216], [4.89248, 52.32236], [4.89345, 52.32238], [4.89457, 52.32242], [4.89482, 52.32243], [4.89492, 52.32242], [4.89513, 52.32241], [4.89543, 52.32241], [4.8963, 52.32242], [4.89609, 52.32256], [4.89591, 52.3227], [4.89576, 52.32287], [4.89547, 52.32332], [4.89538, 52.3235], [4.89526, 52.32383], [4.89523, 52.32408], [4.89525, 52.3242], [4.89531, 52.32434], [4.89584, 52.3252], [4.89644, 52.3263], [4.89656, 52.32652], [4.89668, 52.32685], [4.89686, 52.32727], [4.897, 52.32756], [4.89714, 52.32778], [4.89732, 52.32802], [4.89784, 52.32857], [4.89825, 52.32897], [4.89877, 52.32956], [4.89891, 52.32977], [4.89903, 52.33], [4.89908, 52.3302], [4.89907, 52.33044], [4.89901, 52.33071], [4.89888, 52.33111], [4.89849, 52.33196], [4.89848, 52.33208], [4.89848, 52.33228], [4.89853, 52.33247], [4.89862, 52.33263], [4.89876, 52.33279], [4.89742, 52.33345], [4.89685, 52.33303], [4.89678, 52.33299], [4.89672, 52.33299], [4.89638, 52.33319], [4.89625, 52.33334], [4.89621, 52.33335], [4.89614, 52.33339], [4.89514, 52.33386], [4.89486, 52.33396], [4.8946, 52.33403], [4.89442, 52.33405], [4.8943, 52.33407], [4.89417, 52.33407], [4.89385, 52.33406], [4.8937, 52.33404], [4.89356, 52.33401], [4.89342, 52.33397], [4.89313, 52.33386], [4.89309, 52.33386], [4.89305, 52.33386], [4.89302, 52.33388], [4.89267, 52.33427], [4.89274, 52.33446], [4.89275, 52.33458], [4.89271, 52.3347], [4.89266, 52.33479], [4.89258, 52.33488], [4.89246, 52.33497], [4.89191, 52.33529], [4.89156, 52.33548], [4.89013, 52.33618], [4.89024, 52.33629], [4.8903, 52.33634], [4.89164, 52.33732], [4.89177, 52.33745], [4.89189, 52.33762], [4.89193, 52.33777], [4.89239, 52.3417], [4.89242, 52.34184], [4.89242, 52.34198], [4.89241, 52.34215], [4.89235, 52.3423], [4.8923, 52.34238], [4.89223, 52.34246], [4.89098, 52.34375], [4.89089, 52.34385], [4.89078, 52.34403], [4.89068, 52.34425], [4.88574, 52.34451], [4.88573, 52.34438], [4.88473, 52.34439], [4.88445, 52.34441], [4.88402, 52.34445], [4.88376, 52.34449], [4.88361, 52.34452], [4.88354, 52.34434], [4.88321, 52.34437], [4.88304, 52.3444], [4.88295, 52.34444], [4.88279, 52.3445], [4.88254, 52.34463], [4.88245, 52.3447], [4.88236, 52.34478], [4.88239, 52.3448], [4.88242, 52.34489], [4.88243, 52.3449], [4.88258, 52.34498], [4.88244, 52.34509], [4.88226, 52.345], [4.88193, 52.34502], [4.88189, 52.34503], [4.88158, 52.34527], [4.88157, 52.34529], [4.88158, 52.34541], [4.88161, 52.34543], [4.88166, 52.34543], [4.88167, 52.3455], [4.88149, 52.34564], [4.88141, 52.3456], [4.88136, 52.34563], [4.88126, 52.34558], [4.88121, 52.34562], [4.88114, 52.34562], [4.8811, 52.34564], [4.88108, 52.34567], [4.88108, 52.34572], [4.88105, 52.34574], [4.8814, 52.34591], [4.88133, 52.34596], [4.88132, 52.34596], [4.88131, 52.34597], [4.88126, 52.34602], [4.88017, 52.34548], [4.87859, 52.34468], [4.8766, 52.34462], [4.87118, 52.34441], [4.871, 52.34439], [4.8672, 52.34387], [4.86691, 52.34382], [4.8648, 52.34316], [4.86301, 52.34261], [4.86282, 52.34256], [4.86266, 52.34253], [4.86251, 52.34252], [4.86229, 52.34251], [4.85968, 52.34255], [4.85947, 52.34255], [4.85917, 52.34252], [4.8573, 52.34225], [4.85734, 52.34214], [4.85733, 52.3421], [4.85743, 52.34177], [4.85746, 52.34154], [4.85741, 52.34122], [4.85733, 52.34085], [4.8572, 52.34016], [4.85716, 52.33988], [4.85714, 52.33957], [4.85716, 52.33916], [4.85716, 52.33909], [4.85712, 52.33892], [4.85709, 52.3389], [4.85499, 52.33879], [4.8533, 52.33873], [4.85335, 52.33859], [4.85326, 52.33858], [4.85317, 52.33884], [4.84851, 52.33847], [4.84838, 52.33845], [4.84822, 52.33838], [4.84818, 52.33835], [4.84814, 52.33829], [4.84813, 52.33823], [4.84697, 52.33815], [4.84703, 52.33769], [4.84714, 52.3369], [4.84709, 52.33628], [4.84622, 52.33413], [4.83834, 52.33149], [4.83556, 52.33101], [4.82213, 52.33082], [4.81733, 52.32708], [4.81713, 52.32693]]]}}, {"type": "Feature", "properties": {"code": "GB-GK13", "name": "De Pijp, Rivierenbuurt"}, "geometry": {"type": "Polygon", "coordinates": [[[4.88574, 52.34451], [4.89068, 52.34425], [4.89078, 52.34403], [4.89089, 52.34385], [4.89098, 52.34375], [4.89223, 52.34246], [4.8923, 52.34238], [4.89235, 52.3423], [4.89241, 52.34215], [4.89242, 52.34198], [4.89242, 52.34184], [4.89239, 52.3417], [4.89193, 52.33777], [4.89189, 52.33762], [4.89177, 52.33745], [4.89164, 52.33732], [4.8903, 52.33634], [4.89024, 52.33629], [4.89013, 52.33618], [4.89156, 52.33548], [4.89191, 52.33529], [4.89246, 52.33497], [4.89258, 52.33488], [4.89266, 52.33479], [4.89271, 52.3347], [4.89275, 52.33458], [4.89274, 52.33446], [4.89267, 52.33427], [4.89302, 52.33388], [4.89305, 52.33386], [4.89309, 52.33386], [4.89313, 52.33386], [4.89342, 52.33397], [4.89356, 52.33401], [4.8937, 52.33404], [4.89385, 52.33406], [4.89417, 52.33407], [4.8943, 52.33407], [4.89442, 52.33405], [4.8946, 52.33403], [4.89486, 52.33396], [4.89514, 52.33386], [4.89614, 52.33339], [4.89621, 52.33335], [4.89625, 52.33334], [4.89638, 52.33319], [4.89672, 52.33299], [4.89678, 52.33299], [4.89685, 52.33303], [4.89742, 52.33345], [4.89876, 52.33279], [4.89884, 52.33288], [4.89898, 52.33298], [4.89912, 52.33307], [4.8993, 52.33315], [4.89947, 52.33322], [4.89964, 52.33326], [4.89983, 52.33331], [4.9002, 52.33338], [4.9006, 52.33342], [4.90116, 52.33344], [4.9022, 52.33337], [4.90248, 52.33337], [4.90285, 52.33338], [4.90355, 52.33343], [4.90394, 52.33348], [4.90426, 52.33357], [4.90455, 52.3337], [4.90478, 52.33385], [4.90526, 52.33423], [4.90555, 52.33449], [4.90578, 52.33472], [4.90617, 52.33512], [4.90635, 52.33533], [4.90649, 52.33547], [4.90663, 52.33565], [4.90675, 52.33586], [4.9068, 52.33596], [4.90686, 52.33616], [4.9069, 52.33641], [4.90719, 52.33762], [4.90724, 52.33772], [4.90731, 52.33782], [4.90741, 52.33792], [4.90748, 52.33796], [4.90775, 52.33812], [4.90796, 52.33822], [4.90927, 52.33871], [4.91007, 52.33904], [4.91072, 52.33921], [4.91118, 52.33931], [4.9118, 52.33946], [4.91202, 52.33952], [4.91262, 52.33973], [4.91319, 52.34003], [4.9136, 52.34028], [4.91405, 52.34058], [4.91438, 52.34094], [4.91468, 52.34134], [4.91487, 52.3416], [4.91497, 52.34186], [4.91499, 52.34215], [4.91495, 52.34243], [4.91486, 52.34264], [4.91386, 52.34388], [4.91344, 52.3447], [4.91329, 52.34515], [4.91316, 52.34576], [4.91271, 52.34734], [4.91223, 52.34812], [4.91025, 52.35137], [4.90836, 52.35339], [4.90655, 52.35538], [4.90606, 52.35617], [4.90489, 52.35875], [4.90463, 52.35921], [4.904, 52.35905], [4.90168, 52.3586], [4.89925, 52.3581], [4.89901, 52.35805], [4.89876, 52.35801], [4.89851, 52.35797], [4.89826, 52.35795], [4.89804, 52.35793], [4.89088, 52.35837], [4.89065, 52.3584], [4.89044, 52.35843], [4.89022, 52.35848], [4.89001, 52.35853], [4.88981, 52.35859], [4.8896, 52.35867], [4.8894, 52.35875], [4.88925, 52.35883], [4.88893, 52.35902], [4.88864, 52.35923], [4.88841, 52.35944], [4.88829, 52.35958], [4.88817, 52.3597], [4.88795, 52.3599], [4.88768, 52.36007], [4.88739, 52.36023], [4.88696, 52.35992], [4.88679, 52.3596], [4.8866, 52.35727], [4.88658, 52.35685], [4.8867, 52.35529], [4.88678, 52.35441], [4.88679, 52.35394], [4.88677, 52.35355], [4.88677, 52.35338], [4.88662, 52.35315], [4.88657, 52.35303], [4.88652, 52.35289], [4.8865, 52.35277], [4.88649, 52.35224], [4.88653, 52.35066], [4.88628, 52.34847], [4.88574, 52.34451]]]}}, {"type": "Feature", "properties": {"code": "GB-GM14", "name": "Oud-Oost"}, "geometry": {"type": "Polygon", "coordinates": [[[4.90463, 52.35921], [4.90489, 52.35875], [4.90606, 52.35617], [4.90655, 52.35538], [4.90836, 52.35339], [4.91025, 52.35137], [4.91223, 52.34812], [4.9165, 52.35003], [4.92162, 52.35233], [4.92693, 52.35473], [4.92823, 52.35534], [4.92988, 52.35607], [4.93324, 52.35682], [4.93663, 52.35753], [4.93702, 52.35758], [4.93715, 52.35769], [4.93743, 52.35774], [4.93731, 52.35779], [4.93732, 52.35781], [4.93726, 52.35784], [4.93675, 52.35806], [4.936, 52.3584], [4.93534, 52.3587], [4.93517, 52.3588], [4.93505, 52.35879], [4.93502, 52.35877], [4.93486, 52.35884], [4.93489, 52.35887], [4.93488, 52.35889], [4.93429, 52.35924], [4.93417, 52.35932], [4.93391, 52.3595], [4.93376, 52.35962], [4.93356, 52.35977], [4.93334, 52.35994], [4.93297, 52.3603], [4.93282, 52.36048], [4.93273, 52.36057], [4.9325, 52.36083], [4.93239, 52.36085], [4.93234, 52.36092], [4.93231, 52.36091], [4.93212, 52.3612], [4.93203, 52.36135], [4.93205, 52.36135], [4.93203, 52.36137], [4.93204, 52.3614], [4.93208, 52.36143], [4.93207, 52.36146], [4.93187, 52.36176], [4.93173, 52.36212], [4.9317, 52.36214], [4.93166, 52.36225], [4.93148, 52.3628], [4.93147, 52.36289], [4.93141, 52.36322], [4.93135, 52.36322], [4.93132, 52.36322], [4.93128, 52.36325], [4.93127, 52.36328], [4.93124, 52.36327], [4.93122, 52.36349], [4.93125, 52.36349], [4.93125, 52.36352], [4.93127, 52.36354], [4.93133, 52.36356], [4.93129, 52.36385], [4.93127, 52.36423], [4.93128, 52.36454], [4.93131, 52.36461], [4.93126, 52.36462], [4.93133, 52.36496], [4.93136, 52.36496], [4.93145, 52.36523], [4.93175, 52.36577], [4.93177, 52.36581], [4.93178, 52.36581], [4.93181, 52.3659], [4.93179, 52.36592], [4.93172, 52.36595], [4.9321, 52.36657], [4.93159, 52.36657], [4.92751, 52.3665], [4.92732, 52.36649], [4.92714, 52.36646], [4.92699, 52.36643], [4.92685, 52.36638], [4.92673, 52.36633], [4.9266, 52.36627], [4.9256, 52.36567], [4.92478, 52.36525], [4.92231, 52.36376], [4.9222, 52.36368], [4.92207, 52.36362], [4.92192, 52.36356], [4.92177, 52.36352], [4.92149, 52.36348], [4.92111, 52.36343], [4.92039, 52.36337], [4.92021, 52.36334], [4.92005, 52.36329], [4.91988, 52.36322], [4.91972, 52.36314], [4.91903, 52.36255], [4.91887, 52.36246], [4.91871, 52.36237], [4.91843, 52.36227], [4.91813, 52.36219], [4.91781, 52.36215], [4.91641, 52.36209], [4.91624, 52.36207], [4.91601, 52.36203], [4.91578, 52.36198], [4.91404, 52.3615], [4.91285, 52.36136], [4.91178, 52.36125], [4.91163, 52.36122], [4.91149, 52.36118], [4.91137, 52.36113], [4.91129, 52.36108], [4.9112, 52.361], [4.91109, 52.36093], [4.91084, 52.3608], [4.91057, 52.3607], [4.91026, 52.36062], [4.90996, 52.36059], [4.90964, 52.36058], [4.90936, 52.3606], [4.90904, 52.36065], [4.90881, 52.36066], [4.90857, 52.36064], [4.90833, 52.36059], [4.90797, 52.3605], [4.90778, 52.36043], [4.90765, 52.36037], [4.90751, 52.3603], [4.90738, 52.36022], [4.9071, 52.36001], [4.90692, 52.35988], [4.90664, 52.35972], [4.9065, 52.35966], [4.90617, 52.35955], [4.90598, 52.3595], [4.90516, 52.35935], [4.90463, 52.35921]]]}}, {"type": "Feature", "properties": {"code": "GB-GM15", "name": "Indische Buurt, Oostelijk Havengebied"}, "geometry": {"type": "Polygon", "coordinates": [[[4.91059, 52.37991], [4.91116, 52.37764], [4.91198, 52.37758], [4.91209, 52.37718], [4.91204, 52.37711], [4.91191, 52.3771], [4.91198, 52.3768], [4.91208, 52.37681], [4.91209, 52.37679], [4.91212, 52.37678], [4.9124, 52.37679], [4.91273, 52.3768], [4.9133, 52.37679], [4.91356, 52.37677], [4.91412, 52.37672], [4.91451, 52.37666], [4.9205, 52.37569], [4.92125, 52.37558], [4.92126, 52.37561], [4.92128, 52.37561], [4.92129, 52.37562], [4.92157, 52.37558], [4.92154, 52.37553], [4.92304, 52.3753], [4.92352, 52.37521], [4.92405, 52.37508], [4.92426, 52.37502], [4.9277, 52.37391], [4.92791, 52.37385], [4.92855, 52.37368], [4.9294, 52.37347], [4.92985, 52.37335], [4.93019, 52.37323], [4.93055, 52.37308], [4.93088, 52.37292], [4.93118, 52.37275], [4.93143, 52.37259], [4.93175, 52.37235], [4.93197, 52.37216], [4.93211, 52.37198], [4.93218, 52.37196], [4.93226, 52.37196], [4.9324, 52.37178], [4.93233, 52.37175], [4.93232, 52.37173], [4.93233, 52.3717], [4.93251, 52.3715], [4.93263, 52.37128], [4.93277, 52.3709], [4.93278, 52.37073], [4.93282, 52.37069], [4.93285, 52.37068], [4.9329, 52.37068], [4.9329, 52.37067], [4.93291, 52.37067], [4.93297, 52.37041], [4.93296, 52.37041], [4.9329, 52.37037], [4.93292, 52.37005], [4.93295, 52.3699], [4.9329, 52.3694], [4.93283, 52.36907], [4.93269, 52.3687], [4.93259, 52.3685], [4.93209, 52.36767], [4.93212, 52.36766], [4.93211, 52.36764], [4.93213, 52.3676], [4.93219, 52.36757], [4.93159, 52.36657], [4.9321, 52.36657], [4.93172, 52.36595], [4.93179, 52.36592], [4.93181, 52.3659], [4.93178, 52.36581], [4.93177, 52.36581], [4.93175, 52.36577], [4.93145, 52.36523], [4.93136, 52.36496], [4.93133, 52.36496], [4.93126, 52.36462], [4.93131, 52.36461], [4.93128, 52.36454], [4.93127, 52.36423], [4.93129, 52.36385], [4.93133, 52.36356], [4.93127, 52.36354], [4.93125, 52.36352], [4.93125, 52.36349], [4.93122, 52.36349], [4.93124, 52.36327], [4.93127, 52.36328], [4.93128, 52.36325], [4.93132, 52.36322], [4.93135, 52.36322], [4.93141, 52.36322], [4.93147, 52.36289], [4.93148, 52.3628], [4.93166, 52.36225], [4.9317, 52.36214], [4.93173, 52.36212], [4.93187, 52.36176], [4.93207, 52.36146], [4.93208, 52.36143], [4.93204, 52.3614], [4.93203, 52.36137], [4.93205, 52.36135], [4.93203, 52.36135], [4.93212, 52.3612], [4.93231, 52.36091], [4.93234, 52.36092], [4.93239, 52.36085], [4.9325, 52.36083], [4.93273, 52.36057], [4.93282, 52.36048], [4.93297, 52.3603], [4.93334, 52.35994], [4.93356, 52.35977], [4.93376, 52.35962], [4.93391, 52.3595], [4.93417, 52.35932], [4.93429, 52.35924], [4.93488, 52.35889], [4.93489, 52.35887], [4.93486, 52.35884], [4.93502, 52.35877], [4.93505, 52.35879], [4.93517, 52.3588], [4.93534, 52.3587], [4.936, 52.3584], [4.93675, 52.35806], [4.93726, 52.35784], [4.93732, 52.35781], [4.93731, 52.35779], [4.93743, 52.35774], [4.9378, 52.35779], [4.94046, 52.35838], [4.94071, 52.35841], [4.94095, 52.35841], [4.94115, 52.35841], [4.94468, 52.35826], [4.95294, 52.35791], [4.95709, 52.35777], [4.95854, 52.35779], [4.95874, 52.35783], [4.95893, 52.35787], [4.95909, 52.35794], [4.95919, 52.35801], [4.95945, 52.35823], [4.96131, 52.35913], [4.95752, 52.36499], [4.95698, 52.36727], [4.95657, 52.36846], [4.95665, 52.36873], [4.9567, 52.36899], [4.95671, 52.36926], [4.95668, 52.36953], [4.95499, 52.37648], [4.95243, 52.38257], [4.94959, 52.3825], [4.93983, 52.38251], [4.93109, 52.38214], [4.92246, 52.3811], [4.9175, 52.38055], [4.911, 52.37993], [4.91059, 52.37991]]]}}, {"type": "Feature", "properties": {"code": "GB-GM16", "name": "Watergraafsmeer"}, "geometry": {"type": "Polygon", "coordinates": [[[4.89876, 52.33279], [4.89862, 52.33263], [4.89853, 52.33247], [4.89848, 52.33228], [4.89848, 52.33208], [4.89849, 52.33196], [4.89888, 52.33111], [4.89901, 52.33071], [4.89907, 52.33044], [4.89908, 52.3302], [4.89903, 52.33], [4.89891, 52.32977], [4.89877, 52.32956], [4.89825, 52.32897], [4.89784, 52.32857], [4.89732, 52.32802], [4.89714, 52.32778], [4.897, 52.32756], [4.89686, 52.32727], [4.89668, 52.32685], [4.89656, 52.32652], [4.89644, 52.3263], [4.89584, 52.3252], [4.89531, 52.32434], [4.89525, 52.3242], [4.89523, 52.32408], [4.89526, 52.32383], [4.89538, 52.3235], [4.89547, 52.32332], [4.89576, 52.32287], [4.89591, 52.3227], [4.89609, 52.32256], [4.8963, 52.32242], [4.89641, 52.32232], [4.89715, 52.3219], [4.89828, 52.32165], [4.89935, 52.32155], [4.9002, 52.32155], [4.90093, 52.32157], [4.90161, 52.32153], [4.9021, 52.32145], [4.90254, 52.32133], [4.90298, 52.32115], [4.9041, 52.32065], [4.90471, 52.3204], [4.90552, 52.32015], [4.90784, 52.31951], [4.90905, 52.31883], [4.90914, 52.31825], [4.91056, 52.31827], [4.91065, 52.31828], [4.91075, 52.31828], [4.91112, 52.31827], [4.91154, 52.31827], [4.91187, 52.31826], [4.91218, 52.31825], [4.91238, 52.31825], [4.91301, 52.31894], [4.91334, 52.31929], [4.91348, 52.31947], [4.91354, 52.31956], [4.91429, 52.32041], [4.9127, 52.32106], [4.91261, 52.32111], [4.91256, 52.32114], [4.91254, 52.32118], [4.91255, 52.32122], [4.91249, 52.32126], [4.91233, 52.32132], [4.91124, 52.32173], [4.91081, 52.32188], [4.91078, 52.32189], [4.91073, 52.32192], [4.91076, 52.32199], [4.91084, 52.32207], [4.91112, 52.3225], [4.91133, 52.32283], [4.91135, 52.3229], [4.91123, 52.32301], [4.91078, 52.32331], [4.91052, 52.32347], [4.91034, 52.32357], [4.91095, 52.32402], [4.9111, 52.3241], [4.91129, 52.32416], [4.91159, 52.32421], [4.91213, 52.32426], [4.9128, 52.32437], [4.91389, 52.32455], [4.91362, 52.32615], [4.91312, 52.32935], [4.91294, 52.33051], [4.91339, 52.33056], [4.91354, 52.33058], [4.91382, 52.33062], [4.91418, 52.33068], [4.91457, 52.33076], [4.91691, 52.33137], [4.91809, 52.33172], [4.9196, 52.33217], [4.92038, 52.33236], [4.92168, 52.33276], [4.92255, 52.33309], [4.92244, 52.33322], [4.92262, 52.33333], [4.9228, 52.33346], [4.92298, 52.33362], [4.92309, 52.33371], [4.92316, 52.33379], [4.92329, 52.33394], [4.92341, 52.33409], [4.92352, 52.33426], [4.9236, 52.33442], [4.92368, 52.33463], [4.92373, 52.33481], [4.92376, 52.33496], [4.92377, 52.33527], [4.92377, 52.33544], [4.92453, 52.33541], [4.9248, 52.33539], [4.92523, 52.33538], [4.9255, 52.33538], [4.92578, 52.33537], [4.92695, 52.33578], [4.92677, 52.33597], [4.9285, 52.33656], [4.93422, 52.3355], [4.93563, 52.33552], [4.93651, 52.33459], [4.93734, 52.33487], [4.93771, 52.335], [4.93792, 52.33509], [4.93815, 52.33524], [4.93833, 52.33529], [4.9385, 52.33531], [4.93883, 52.3354], [4.93903, 52.33547], [4.9394, 52.33557], [4.93953, 52.33559], [4.93968, 52.33561], [4.93996, 52.33562], [4.94037, 52.33561], [4.94171, 52.33553], [4.94172, 52.33604], [4.94171, 52.33617], [4.94172, 52.33641], [4.94313, 52.33659], [4.94349, 52.33667], [4.9438, 52.33671], [4.94375, 52.33674], [4.94394, 52.33679], [4.94399, 52.33682], [4.94421, 52.33689], [4.94525, 52.33721], [4.94554, 52.33729], [4.94596, 52.33742], [4.94657, 52.3376], [4.94677, 52.33766], [4.94688, 52.33769], [4.94703, 52.3377], [4.94792, 52.33792], [4.94835, 52.33803], [4.94865, 52.33813], [4.94867, 52.33813], [4.94909, 52.33825], [4.94935, 52.33833], [4.94955, 52.33838], [4.94953, 52.33841], [4.94958, 52.33844], [4.94986, 52.33853], [4.9497, 52.33873], [4.95058, 52.33907], [4.95189, 52.33967], [4.95238, 52.33993], [4.95306, 52.34037], [4.95384, 52.34106], [4.95502, 52.34233], [4.95656, 52.34388], [4.95701, 52.34435], [4.95808, 52.34534], [4.9597, 52.34693], [4.95988, 52.34722], [4.95993, 52.34745], [4.96137, 52.34885], [4.96254, 52.35037], [4.96496, 52.35328], [4.96583, 52.3547], [4.96606, 52.35439], [4.96624, 52.35416], [4.96626, 52.35419], [4.96629, 52.35421], [4.96636, 52.35424], [4.96653, 52.35428], [4.96661, 52.35431], [4.96685, 52.35439], [4.96742, 52.35462], [4.96773, 52.35474], [4.96792, 52.35481], [4.96808, 52.35486], [4.96831, 52.35493], [4.96874, 52.35509], [4.96888, 52.35515], [4.96912, 52.35528], [4.96923, 52.35533], [4.9694, 52.35542], [4.96953, 52.3555], [4.9695, 52.35558], [4.96932, 52.35561], [4.96933, 52.35564], [4.96937, 52.35564], [4.9696, 52.3561], [4.96972, 52.35636], [4.96681, 52.35692], [4.96454, 52.35747], [4.9623, 52.35839], [4.96131, 52.35913], [4.95945, 52.35823], [4.95919, 52.35801], [4.95909, 52.35794], [4.95893, 52.35787], [4.95874, 52.35783], [4.95854, 52.35779], [4.95709, 52.35777], [4.95294, 52.35791], [4.94468, 52.35826], [4.94115, 52.35841], [4.94095, 52.35841], [4.94071, 52.35841], [4.94046, 52.35838], [4.9378, 52.35779], [4.93743, 52.35774], [4.93715, 52.35769], [4.93702, 52.35758], [4.93663, 52.35753], [4.93324, 52.35682], [4.92988, 52.35607], [4.92823, 52.35534], [4.92693, 52.35473], [4.92162, 52.35233], [4.9165, 52.35003], [4.91223, 52.34812], [4.91271, 52.34734], [4.91316, 52.34576], [4.91329, 52.34515], [4.91344, 52.3447], [4.91386, 52.34388], [4.91486, 52.34264], [4.91495, 52.34243], [4.91499, 52.34215], [4.91497, 52.34186], [4.91487, 52.3416], [4.91468, 52.34134], [4.91438, 52.34094], [4.91405, 52.34058], [4.9136, 52.34028], [4.91319, 52.34003], [4.91262, 52.33973], [4.91202, 52.33952], [4.9118, 52.33946], [4.91118, 52.33931], [4.91072, 52.33921], [4.91007, 52.33904], [4.90927, 52.33871], [4.90796, 52.33822], [4.90775, 52.33812], [4.90748, 52.33796], [4.90741, 52.33792], [4.90731, 52.33782], [4.90724, 52.33772], [4.90719, 52.33762], [4.9069, 52.33641], [4.90686, 52.33616], [4.9068, 52.33596], [4.90675, 52.33586], [4.90663, 52.33565], [4.90649, 52.33547], [4.90635, 52.33533], [4.90617, 52.33512], [4.90578, 52.33472], [4.90555, 52.33449], [4.90526, 52.33423], [4.90478, 52.33385], [4.90455, 52.3337], [4.90426, 52.33357], [4.90394, 52.33348], [4.90355, 52.33343], [4.90285, 52.33338], [4.90248, 52.33337], [4.9022, 52.33337], [4.90116, 52.33344], [4.9006, 52.33342], [4.9002, 52.33338], [4.89983, 52.33331], [4.89964, 52.33326], [4.89947, 52.33322], [4.8993, 52.33315], [4.89912, 52.33307], [4.89898, 52.33298], [4.89884, 52.33288], [4.89876, 52.33279]]]}}, {"type": "Feature", "properties": {"code": "GB-GM17", "name": "IJburg, Zeeburgereiland"}, "geometry": {"type": "Polygon", "coordinates": [[[4.95243, 52.38257], [4.95499, 52.37648], [4.95668, 52.36953], [4.95671, 52.36926], [4.9567, 52.36899], [4.95665, 52.36873], [4.95657, 52.36846], [4.95698, 52.36727], [4.95752, 52.36499], [4.96131, 52.35913], [4.9623, 52.35839], [4.96454, 52.35747], [4.96681, 52.35692], [4.96972, 52.35636], [4.9696, 52.3561], [4.97019, 52.35599], [4.97022, 52.35605], [4.97043, 52.35601], [4.9704, 52.35596], [4.97111, 52.35582], [4.97151, 52.35573], [4.97218, 52.35555], [4.97248, 52.35546], [4.9728, 52.35535], [4.97319, 52.35522], [4.97346, 52.35511], [4.97388, 52.35495], [4.97416, 52.35483], [4.97449, 52.35467], [4.97481, 52.35451], [4.97553, 52.35412], [4.97603, 52.35385], [4.97707, 52.3533], [4.98274, 52.35028], [4.99162, 52.34556], [4.99373, 52.34442], [4.99382, 52.34439], [4.99394, 52.34435], [4.99402, 52.34432], [4.99413, 52.34426], [4.99533, 52.34362], [4.99805, 52.34216], [4.99827, 52.34205], [4.99907, 52.34168], [4.99932, 52.34154], [4.99955, 52.34172], [4.99962, 52.34177], [4.99972, 52.34184], [4.99983, 52.3419], [4.99991, 52.34193], [5.00017, 52.34204], [5.00031, 52.34209], [5.00051, 52.34215], [5.00062, 52.34218], [5.00077, 52.34222], [5.00136, 52.34232], [5.00155, 52.34235], [5.00183, 52.34239], [5.00212, 52.34243], [5.00251, 52.34246], [5.00378, 52.34255], [5.004, 52.34257], [5.00417, 52.34258], [5.00433, 52.34258], [5.00445, 52.34258], [5.00461, 52.34257], [5.00472, 52.34256], [5.00508, 52.34252], [5.00532, 52.34249], [5.00548, 52.34246], [5.00571, 52.34242], [5.00613, 52.34232], [5.00668, 52.34219], [5.00696, 52.34213], [5.00719, 52.34209], [5.0075, 52.34202], [5.00772, 52.34197], [5.00802, 52.34189], [5.00817, 52.34186], [5.00825, 52.34185], [5.00833, 52.34184], [5.00841, 52.34184], [5.00853, 52.34184], [5.00866, 52.34184], [5.00878, 52.34185], [5.0089, 52.34186], [5.00912, 52.3419], [5.00926, 52.34193], [5.00944, 52.34198], [5.00953, 52.342], [5.00966, 52.34205], [5.01022, 52.34228], [5.01037, 52.34235], [5.0106, 52.34246], [5.01081, 52.34257], [5.011, 52.34267], [5.01118, 52.34276], [5.01129, 52.34283], [5.0115, 52.34297], [5.01171, 52.34311], [5.01188, 52.34326], [5.01197, 52.34334], [5.01205, 52.34342], [5.01213, 52.34351], [5.01219, 52.3436], [5.01225, 52.34369], [5.01226, 52.34371], [5.01222, 52.34372], [5.01228, 52.34385], [5.01231, 52.34384], [5.01236, 52.34398], [5.01238, 52.34431], [5.0159, 52.34832], [5.03906, 52.35458], [5.03898, 52.35584], [5.03852, 52.36212], [5.03796, 52.37131], [5.03768, 52.3754], [5.01444, 52.36983], [5.00126, 52.36859], [4.99875, 52.36836], [4.99645, 52.36823], [4.99387, 52.36824], [4.99141, 52.36838], [4.98904, 52.36867], [4.98654, 52.36913], [4.9842, 52.36973], [4.98212, 52.37039], [4.97974, 52.37133], [4.97737, 52.37252], [4.97033, 52.37626], [4.96372, 52.37977], [4.96158, 52.38122], [4.96061, 52.38166], [4.95966, 52.3821], [4.95841, 52.38247], [4.95671, 52.38265], [4.95425, 52.38262], [4.95243, 52.38257]]]}}, {"type": "Feature", "properties": {"code": "GB-GN18", "name": "Noord-West"}, "geometry": {"type": "Polygon", "coordinates": [[[4.93072, 52.41161], [4.93041, 52.41194], [4.93039, 52.41208], [4.93034, 52.41209], [4.93026, 52.41212], [4.93018, 52.41215], [4.9301, 52.4122], [4.93006, 52.41221], [4.92997, 52.41225], [4.92994, 52.41226], [4.92987, 52.4123], [4.92981, 52.41231], [4.92972, 52.41236], [4.92966, 52.41238], [4.92959, 52.41241], [4.92948, 52.41245], [4.9294, 52.41248], [4.92934, 52.41252], [4.92925, 52.41256], [4.9292, 52.41258], [4.92912, 52.41261], [4.92903, 52.41265], [4.92892, 52.4127], [4.92886, 52.41273], [4.92878, 52.41278], [4.92873, 52.4128], [4.92866, 52.41283], [4.92845, 52.41293], [4.92839, 52.41296], [4.92827, 52.41301], [4.92822, 52.41304], [4.92817, 52.41305], [4.92811, 52.41308], [4.92805, 52.41311], [4.92794, 52.41315], [4.92788, 52.41319], [4.9276, 52.41329], [4.92748, 52.41336], [4.92731, 52.41344], [4.92723, 52.41347], [4.92696, 52.41359], [4.92688, 52.41362], [4.92679, 52.41366], [4.92668, 52.41371], [4.92664, 52.41373], [4.92656, 52.41376], [4.92649, 52.4138], [4.92635, 52.41386], [4.92619, 52.41393], [4.92613, 52.41397], [4.92596, 52.41404], [4.92584, 52.41409], [4.92578, 52.41412], [4.92574, 52.41414], [4.9257, 52.41415], [4.92554, 52.41421], [4.9255, 52.41424], [4.92548, 52.41427], [4.92519, 52.4144], [4.92508, 52.41447], [4.92441, 52.41479], [4.92346, 52.41524], [4.92206, 52.41581], [4.92194, 52.41587], [4.92172, 52.41597], [4.92146, 52.41609], [4.92137, 52.41613], [4.92127, 52.41617], [4.92111, 52.41624], [4.9209, 52.41633], [4.92085, 52.41635], [4.9208, 52.41639], [4.92073, 52.41646], [4.92069, 52.4165], [4.92066, 52.41651], [4.92061, 52.41651], [4.92055, 52.41652], [4.92054, 52.41652], [4.92053, 52.41655], [4.92052, 52.41657], [4.92045, 52.41661], [4.92043, 52.41662], [4.92027, 52.41661], [4.92027, 52.41662], [4.92023, 52.41663], [4.92013, 52.41668], [4.91997, 52.41674], [4.91989, 52.41678], [4.91979, 52.4168], [4.91967, 52.41684], [4.91958, 52.41689], [4.91946, 52.41694], [4.91938, 52.41698], [4.91912, 52.41709], [4.91897, 52.41715], [4.91891, 52.41718], [4.91879, 52.41723], [4.91871, 52.41726], [4.91848, 52.41736], [4.9184, 52.4174], [4.91834, 52.41743], [4.9182, 52.4175], [4.9181, 52.41753], [4.91787, 52.41763], [4.91777, 52.41767], [4.91763, 52.41774], [4.91755, 52.41777], [4.9174, 52.41784], [4.91716, 52.41794], [4.91682, 52.41809], [4.91675, 52.41811], [4.91631, 52.41831], [4.91627, 52.41833], [4.91618, 52.41836], [4.916, 52.41843], [4.91574, 52.41855], [4.9157, 52.41856], [4.91567, 52.41857], [4.91557, 52.41859], [4.9155, 52.4186], [4.91539, 52.41861], [4.91502, 52.41864], [4.91493, 52.41865], [4.91475, 52.41867], [4.91471, 52.41868], [4.91465, 52.4185], [4.91462, 52.4185], [4.91459, 52.41849], [4.91453, 52.4185], [4.91405, 52.4185], [4.91394, 52.41853], [4.91381, 52.41858], [4.9136, 52.41865], [4.91327, 52.41879], [4.91313, 52.41883], [4.91287, 52.41893], [4.91188, 52.41931], [4.91143, 52.41949], [4.91096, 52.41968], [4.90962, 52.42027], [4.90868, 52.42072], [4.90856, 52.42075], [4.90797, 52.42087], [4.90801, 52.42096], [4.90807, 52.42108], [4.90809, 52.42113], [4.90762, 52.42123], [4.90754, 52.42125], [4.90633, 52.42181], [4.90599, 52.42198], [4.90593, 52.42202], [4.90571, 52.42213], [4.90568, 52.42214], [4.90565, 52.42215], [4.90539, 52.42226], [4.90529, 52.42231], [4.90518, 52.42235], [4.90506, 52.42241], [4.90499, 52.42243], [4.90494, 52.42246], [4.90474, 52.42254], [4.90465, 52.42259], [4.90437, 52.4227], [4.90413, 52.4228], [4.90396, 52.42288], [4.90375, 52.42296], [4.90366, 52.423], [4.90334, 52.42311], [4.90295, 52.42326], [4.90292, 52.42327], [4.90278, 52.42332], [4.90229, 52.42349], [4.90223, 52.42351], [4.90189, 52.42362], [4.90147, 52.42376], [4.90113, 52.42385], [4.9011, 52.42387], [4.90103, 52.42389], [4.90097, 52.42391], [4.90089, 52.42393], [4.90084, 52.42395], [4.90076, 52.42397], [4.90053, 52.42404], [4.90048, 52.42405], [4.90033, 52.4241], [4.90027, 52.42411], [4.90023, 52.42413], [4.90006, 52.42418], [4.89995, 52.4242], [4.8999, 52.42422], [4.89986, 52.42423], [4.89976, 52.42426], [4.89967, 52.42428], [4.89962, 52.4243], [4.8995, 52.42432], [4.89936, 52.42436], [4.89927, 52.42438], [4.89875, 52.42449], [4.89875, 52.42446], [4.89846, 52.42451], [4.89839, 52.42452], [4.89841, 52.42458], [4.89835, 52.42458], [4.89774, 52.4247], [4.89738, 52.42478], [4.89715, 52.42481], [4.89687, 52.42488], [4.89673, 52.4249], [4.89654, 52.42493], [4.89642, 52.42494], [4.89624, 52.42497], [4.896, 52.42501], [4.89591, 52.42503], [4.89575, 52.42505], [4.89552, 52.42509], [4.89537, 52.4251], [4.89518, 52.42513], [4.89508, 52.42515], [4.8949, 52.42517], [4.89479, 52.42518], [4.89447, 52.42523], [4.89391, 52.42529], [4.89375, 52.42531], [4.89365, 52.42532], [4.89354, 52.42534], [4.89334, 52.42535], [4.89317, 52.42537], [4.89299, 52.42539], [4.89247, 52.42545], [4.8923, 52.42546], [4.89222, 52.42547], [4.89211, 52.42547], [4.8917, 52.42551], [4.89156, 52.42552], [4.89136, 52.42554], [4.8906, 52.42559], [4.88995, 52.42562], [4.8897, 52.42563], [4.88912, 52.42564], [4.88893, 52.42564], [4.88831, 52.42562], [4.88816, 52.42562], [4.88758, 52.42558], [4.88758, 52.42557], [4.88705, 52.42556], [4.8868, 52.42557], [4.88661, 52.42559], [4.88655, 52.42559], [4.88584, 52.42561], [4.8853, 52.42561], [4.88482, 52.4256], [4.88443, 52.42559], [4.88415, 52.42558], [4.88354, 52.42554], [4.88328, 52.42552], [4.88305, 52.42551], [4.88298, 52.42551], [4.88297, 52.42552], [4.88283, 52.42565], [4.88273, 52.42573], [4.88258, 52.42583], [4.88246, 52.42589], [4.88237, 52.42593], [4.88232, 52.42594], [4.88222, 52.42597], [4.88194, 52.42601], [4.88183, 52.42602], [4.88176, 52.42602], [4.88164, 52.42601], [4.88152, 52.42599], [4.88094, 52.42586], [4.88062, 52.42579], [4.88041, 52.42576], [4.88016, 52.42574], [4.88001, 52.42572], [4.87964, 52.42569], [4.87942, 52.42569], [4.87926, 52.42569], [4.87913, 52.42569], [4.87881, 52.42571], [4.87866, 52.42572], [4.87838, 52.42576], [4.87801, 52.42582], [4.87767, 52.42588], [4.87747, 52.42593], [4.87735, 52.42597], [4.87697, 52.42609], [4.87668, 52.42619], [4.87658, 52.42623], [4.87662, 52.42624], [4.87654, 52.42627], [4.87624, 52.4264], [4.87597, 52.42655], [4.87572, 52.42671], [4.87548, 52.42688], [4.87526, 52.42705], [4.87473, 52.42753], [4.87448, 52.42774], [4.87423, 52.42797], [4.87412, 52.42796], [4.87377, 52.42864], [4.87367, 52.42884], [4.87355, 52.42906], [4.87337, 52.42945], [4.87334, 52.42949], [4.87325, 52.42954], [4.87305, 52.42956], [4.87295, 52.42956], [4.87274, 52.42954], [4.87268, 52.42961], [4.87265, 52.42961], [4.87256, 52.42968], [4.87245, 52.42975], [4.87223, 52.42986], [4.87211, 52.42992], [4.87186, 52.43001], [4.87173, 52.43004], [4.87157, 52.43008], [4.87143, 52.43011], [4.8713, 52.43013], [4.87097, 52.43019], [4.87075, 52.4304], [4.8706, 52.43036], [4.87055, 52.43033], [4.87028, 52.43014], [4.87025, 52.43012], [4.8702, 52.43007], [4.87017, 52.43005], [4.8701, 52.43002], [4.86998, 52.42999], [4.86994, 52.42997], [4.8699, 52.42993], [4.86987, 52.42986], [4.86984, 52.42983], [4.86981, 52.42981], [4.8697, 52.42975], [4.86949, 52.42989], [4.86902, 52.43021], [4.86897, 52.43024], [4.86892, 52.43026], [4.86887, 52.43028], [4.86875, 52.43032], [4.86837, 52.43042], [4.8682, 52.43047], [4.86794, 52.43052], [4.86779, 52.43055], [4.867, 52.43065], [4.86686, 52.43066], [4.8667, 52.43067], [4.86619, 52.43066], [4.86598, 52.43068], [4.86595, 52.43068], [4.86558, 52.43062], [4.86539, 52.43057], [4.86526, 52.43054], [4.86524, 52.43054], [4.86518, 52.43055], [4.86514, 52.43054], [4.86502, 52.43055], [4.86489, 52.43051], [4.86421, 52.43038], [4.86419, 52.43027], [4.86397, 52.43022], [4.86386, 52.43019], [4.86286, 52.42997], [4.86269, 52.42994], [4.86281, 52.42962], [4.86271, 52.4296], [4.86274, 52.42951], [4.86275, 52.42944], [4.86275, 52.42938], [4.86274, 52.42932], [4.86271, 52.4292], [4.86268, 52.42911], [4.86263, 52.42902], [4.86252, 52.42885], [4.86246, 52.42878], [4.8624, 52.42872], [4.86128, 52.42776], [4.86089, 52.42743], [4.86057, 52.42714], [4.8584, 52.42526], [4.85825, 52.42512], [4.85815, 52.42502], [4.85809, 52.42494], [4.85803, 52.42485], [4.85795, 52.42472], [4.85791, 52.42459], [4.85787, 52.42448], [4.85782, 52.42428], [4.85782, 52.42418], [4.85782, 52.42408], [4.85784, 52.42398], [4.85785, 52.4239], [4.85787, 52.42383], [4.85791, 52.42373], [4.85799, 52.42359], [4.85804, 52.42352], [4.85821, 52.42328], [4.85949, 52.42161], [4.85967, 52.42137], [4.85973, 52.42128], [4.85981, 52.42113], [4.85986, 52.42099], [4.85989, 52.42079], [4.85989, 52.42069], [4.85988, 52.42054], [4.85985, 52.42041], [4.85976, 52.42018], [4.85964, 52.41996], [4.85955, 52.41984], [4.85947, 52.41976], [4.85609, 52.41666], [4.85572, 52.41632], [4.86088, 52.4149], [4.86388, 52.41382], [4.8671, 52.41239], [4.87099, 52.41013], [4.87355, 52.4083], [4.8827, 52.4017], [4.88404, 52.40285], [4.88545, 52.40401], [4.88814, 52.40615], [4.8886, 52.40651], [4.89115, 52.40529], [4.89155, 52.40566], [4.89255, 52.40707], [4.89264, 52.40699], [4.89277, 52.40685], [4.89288, 52.4067], [4.89297, 52.40653], [4.89302, 52.40637], [4.89317, 52.40516], [4.89322, 52.40502], [4.89328, 52.40493], [4.89351, 52.40463], [4.89393, 52.40443], [4.89461, 52.40414], [4.9002, 52.40148], [4.90027, 52.40154], [4.90082, 52.4023], [4.90212, 52.40378], [4.90241, 52.40405], [4.90322, 52.40352], [4.9039, 52.40297], [4.90398, 52.40291], [4.90408, 52.40285], [4.90834, 52.40123], [4.90877, 52.40108], [4.90887, 52.40102], [4.90892, 52.40095], [4.90945, 52.40092], [4.9098, 52.40089], [4.91033, 52.40084], [4.91067, 52.40079], [4.91325, 52.40083], [4.91331, 52.40083], [4.91344, 52.4008], [4.91357, 52.40078], [4.91364, 52.40078], [4.91375, 52.40079], [4.914, 52.40077], [4.91484, 52.4009], [4.9148, 52.40111], [4.9148, 52.40111], [4.91475, 52.40128], [4.91473, 52.4015], [4.9176, 52.401], [4.91892, 52.40065], [4.91922, 52.40058], [4.91987, 52.4004], [4.91997, 52.40037], [4.92151, 52.39978], [4.92211, 52.39926], [4.9222, 52.39929], [4.92231, 52.39935], [4.92244, 52.39945], [4.92253, 52.39957], [4.92272, 52.40006], [4.92283, 52.40049], [4.92293, 52.40081], [4.9231, 52.40124], [4.9238, 52.40224], [4.92498, 52.40434], [4.92515, 52.40527], [4.92516, 52.40641], [4.92525, 52.40672], [4.92541, 52.40702], [4.92559, 52.40728], [4.92575, 52.40748], [4.92684, 52.40845], [4.92722, 52.40874], [4.92819, 52.40933], [4.92855, 52.40976], [4.92903, 52.41038], [4.92947, 52.41085], [4.92966, 52.41101], [4.9298, 52.41113], [4.92996, 52.41125], [4.93013, 52.41135], [4.93031, 52.41145], [4.93051, 52.41153], [4.93072, 52.41161]]]}}, {"type": "Feature", "properties": {"code": "GB-GN19", "name": "Oud-Noord"}, "geometry": {"type": "Polygon", "coordinates": [[[4.8827, 52.4017], [4.88586, 52.39938], [4.88978, 52.39641], [4.89201, 52.39479], [4.89266, 52.39421], [4.89322, 52.39356], [4.89366, 52.39282], [4.89399, 52.39205], [4.89508, 52.38869], [4.89566, 52.38692], [4.89588, 52.38636], [4.89625, 52.38565], [4.89676, 52.38489], [4.89731, 52.38427], [4.89792, 52.38368], [4.89866, 52.38304], [4.89948, 52.38249], [4.90037, 52.38198], [4.90118, 52.38156], [4.90226, 52.38113], [4.90326, 52.38077], [4.90431, 52.38046], [4.90547, 52.3802], [4.90601, 52.38011], [4.90641, 52.38004], [4.90653, 52.38002], [4.90762, 52.37988], [4.90868, 52.37986], [4.91059, 52.37991], [4.911, 52.37993], [4.9175, 52.38055], [4.92246, 52.3811], [4.93109, 52.38214], [4.93983, 52.38251], [4.94959, 52.3825], [4.95243, 52.38257], [4.95243, 52.38983], [4.95161, 52.39129], [4.9402, 52.39469], [4.94008, 52.3947], [4.93996, 52.39469], [4.93621, 52.39337], [4.93589, 52.39327], [4.93543, 52.39316], [4.93502, 52.39308], [4.93439, 52.393], [4.93415, 52.39299], [4.9339, 52.39299], [4.93364, 52.39302], [4.92455, 52.39526], [4.92484, 52.39562], [4.92384, 52.3968], [4.9236, 52.39719], [4.9231, 52.39808], [4.92275, 52.39868], [4.92231, 52.39935], [4.9222, 52.39929], [4.92211, 52.39926], [4.92151, 52.39978], [4.91997, 52.40037], [4.91987, 52.4004], [4.91922, 52.40058], [4.91892, 52.40065], [4.9176, 52.401], [4.91473, 52.4015], [4.91475, 52.40128], [4.9148, 52.40111], [4.9148, 52.40111], [4.91484, 52.4009], [4.914, 52.40077], [4.91375, 52.40079], [4.91364, 52.40078], [4.91357, 52.40078], [4.91344, 52.4008], [4.91331, 52.40083], [4.91325, 52.40083], [4.91067, 52.40079], [4.91033, 52.40084], [4.9098, 52.40089], [4.90945, 52.40092], [4.90892, 52.40095], [4.90887, 52.40102], [4.90877, 52.40108], [4.90834, 52.40123], [4.90408, 52.40285], [4.90398, 52.40291], [4.9039, 52.40297], [4.90322, 52.40352], [4.90241, 52.40405], [4.90212, 52.40378], [4.90082, 52.4023], [4.90027, 52.40154], [4.9002, 52.40148], [4.89461, 52.40414], [4.89393, 52.40443], [4.89351, 52.40463], [4.89328, 52.40493], [4.89322, 52.40502], [4.89317, 52.40516], [4.89302, 52.40637], [4.89297, 52.40653], [4.89288, 52.4067], [4.89277, 52.40685], [4.89264, 52.40699], [4.89255, 52.40707], [4.89155, 52.40566], [4.89115, 52.40529], [4.8886, 52.40651], [4.88814, 52.40615], [4.88545, 52.40401], [4.88404, 52.40285], [4.8827, 52.4017]]]}}, {"type": "Feature", "properties": {"code": "GB-GN20", "name": "Noord-Oost"}, "geometry": {"type": "Polygon", "coordinates": [[[4.92231, 52.39935], [4.92275, 52.39868], [4.9231, 52.39808], [4.9236, 52.39719], [4.92384, 52.3968], [4.92484, 52.39562], [4.92455, 52.39526], [4.93364, 52.39302], [4.9339, 52.39299], [4.93415, 52.39299], [4.93439, 52.393], [4.93502, 52.39308], [4.93543, 52.39316], [4.93589, 52.39327], [4.93621, 52.39337], [4.93996, 52.39469], [4.94008, 52.3947], [4.9402, 52.39469], [4.95161, 52.39129], [4.95243, 52.38983], [4.95243, 52.38257], [4.95425, 52.38262], [4.95671, 52.38265], [4.95841, 52.38247], [4.95966, 52.3821], [4.96061, 52.38166], [4.96158, 52.38122], [4.96372, 52.37977], [4.97033, 52.37626], [4.97737, 52.37252], [4.97974, 52.37133], [4.98212, 52.37039], [4.9842, 52.36973], [4.98654, 52.36913], [4.98904, 52.36867], [4.99141, 52.36838], [4.99387, 52.36824], [4.99645, 52.36823], [4.99875, 52.36836], [5.00126, 52.36859], [5.01444, 52.36983], [5.03768, 52.3754], [5.04027, 52.37623], [5.05233, 52.38002], [5.0671, 52.38467], [5.07916, 52.38865], [5.07426, 52.41384], [5.06992, 52.41582], [5.06827, 52.41656], [5.06794, 52.41657], [5.06625, 52.41701], [5.06542, 52.41724], [5.06483, 52.41695], [5.06438, 52.41675], [5.06369, 52.41643], [5.06319, 52.41626], [5.06256, 52.41617], [5.06209, 52.41618], [5.05776, 52.41654], [5.05509, 52.41597], [5.05252, 52.41554], [5.05093, 52.41528], [5.04918, 52.41513], [5.044, 52.41661], [5.04259, 52.41698], [5.04071, 52.41724], [5.03939, 52.41738], [5.03864, 52.41759], [5.03737, 52.41794], [5.03688, 52.41809], [5.03631, 52.4182], [5.03587, 52.41827], [5.03547, 52.41827], [5.03524, 52.41825], [5.03505, 52.4182], [5.03477, 52.41806], [5.03441, 52.41781], [5.03407, 52.41717], [5.03347, 52.41669], [5.03249, 52.41628], [5.03005, 52.41564], [5.03011, 52.41621], [5.03009, 52.41661], [5.03005, 52.41683], [5.02995, 52.4172], [5.02973, 52.41771], [5.02951, 52.41806], [5.02898, 52.41886], [5.0287, 52.41918], [5.02836, 52.41942], [5.02726, 52.41987], [5.02692, 52.41997], [5.0265, 52.42006], [5.02607, 52.42012], [5.02563, 52.42015], [5.02495, 52.42008], [5.02483, 52.42009], [5.02429, 52.42012], [5.02356, 52.42027], [5.02321, 52.42037], [5.02238, 52.42077], [5.02194, 52.42106], [5.02162, 52.42122], [5.02152, 52.4212], [5.02141, 52.42117], [5.02129, 52.42113], [5.02116, 52.42107], [5.02047, 52.42006], [5.0204, 52.41996], [5.02032, 52.4199], [5.02019, 52.41984], [5.01993, 52.41977], [5.01973, 52.41969], [5.01932, 52.41951], [5.01903, 52.41938], [5.01862, 52.41921], [5.01852, 52.41912], [5.01845, 52.41914], [5.01842, 52.41913], [5.01821, 52.41906], [5.01782, 52.4192], [5.01781, 52.41919], [5.01757, 52.41929], [5.01671, 52.41958], [5.01648, 52.41966], [5.0163, 52.41972], [5.01588, 52.41987], [5.01558, 52.41997], [5.01523, 52.42011], [5.01501, 52.42018], [5.01498, 52.42019], [5.01495, 52.4202], [5.01489, 52.42021], [5.01478, 52.42024], [5.014, 52.42052], [5.01374, 52.42063], [5.01372, 52.42064], [5.01369, 52.42066], [5.01317, 52.42084], [5.01285, 52.42095], [5.01253, 52.42107], [5.01242, 52.4211], [5.01214, 52.42121], [5.01118, 52.42154], [5.01064, 52.42175], [5.01031, 52.42186], [5.01024, 52.42188], [5.01021, 52.42188], [5.00955, 52.42214], [5.00942, 52.42218], [5.00894, 52.42235], [5.00872, 52.42243], [5.00836, 52.42256], [5.00796, 52.42269], [5.00795, 52.4227], [5.00731, 52.42293], [5.00711, 52.42299], [5.00687, 52.42307], [5.00643, 52.42323], [5.00627, 52.42329], [5.00619, 52.42332], [5.00598, 52.4234], [5.00587, 52.42344], [5.00572, 52.42349], [5.0053, 52.42364], [5.00435, 52.42398], [5.00406, 52.42409], [5.00379, 52.42418], [5.00348, 52.4243], [5.00318, 52.4244], [5.00248, 52.42466], [5.00149, 52.42501], [5.00119, 52.42513], [5.00094, 52.42522], [5.00072, 52.42529], [5.00016, 52.42544], [5.00013, 52.42542], [4.99997, 52.42541], [4.99967, 52.42543], [4.99963, 52.42543], [4.99945, 52.42543], [4.99921, 52.42541], [4.99907, 52.42541], [4.99879, 52.42542], [4.99697, 52.42543], [4.99558, 52.42547], [4.99557, 52.42549], [4.99544, 52.42549], [4.99538, 52.42546], [4.99526, 52.42547], [4.99525, 52.42544], [4.99521, 52.42544], [4.99517, 52.42544], [4.99497, 52.42543], [4.99453, 52.42544], [4.99447, 52.42544], [4.99445, 52.42545], [4.99427, 52.42546], [4.99407, 52.42544], [4.99381, 52.42543], [4.99357, 52.4254], [4.99346, 52.4254], [4.99295, 52.42543], [4.99284, 52.42543], [4.99272, 52.42544], [4.99256, 52.42544], [4.99242, 52.42544], [4.99217, 52.42543], [4.99202, 52.42543], [4.99173, 52.42545], [4.99153, 52.42546], [4.99143, 52.42545], [4.99141, 52.42544], [4.99139, 52.42543], [4.99138, 52.4254], [4.99066, 52.42542], [4.99049, 52.42543], [4.99051, 52.42548], [4.99049, 52.42548], [4.99046, 52.4255], [4.99047, 52.42552], [4.99045, 52.42552], [4.9904, 52.42539], [4.99037, 52.42528], [4.99036, 52.42517], [4.9904, 52.42479], [4.99042, 52.42458], [4.99041, 52.42452], [4.99037, 52.42446], [4.9902, 52.4243], [4.98993, 52.42406], [4.98957, 52.42372], [4.98919, 52.42337], [4.98911, 52.42331], [4.98901, 52.42327], [4.98884, 52.42325], [4.98826, 52.42326], [4.98792, 52.42327], [4.98777, 52.42327], [4.98769, 52.42323], [4.9875, 52.42311], [4.98711, 52.42284], [4.98657, 52.4233], [4.98579, 52.42399], [4.98472, 52.42494], [4.98451, 52.42511], [4.98383, 52.42572], [4.98264, 52.42676], [4.98258, 52.42674], [4.98245, 52.42669], [4.98213, 52.42656], [4.9818, 52.42641], [4.98163, 52.42634], [4.98156, 52.4263], [4.98153, 52.42628], [4.9813, 52.4262], [4.98101, 52.42608], [4.98094, 52.42606], [4.98083, 52.426], [4.98052, 52.42586], [4.98039, 52.42579], [4.98012, 52.42569], [4.9799, 52.4256], [4.97943, 52.42539], [4.97924, 52.42529], [4.97887, 52.42516], [4.97865, 52.42507], [4.9786, 52.42505], [4.9785, 52.42499], [4.97833, 52.42492], [4.9783, 52.4249], [4.97822, 52.42487], [4.97818, 52.42486], [4.97816, 52.42485], [4.97811, 52.42483], [4.97772, 52.42467], [4.97736, 52.42453], [4.97724, 52.42446], [4.97711, 52.42441], [4.97677, 52.42427], [4.97674, 52.42426], [4.97668, 52.42423], [4.97665, 52.42421], [4.97659, 52.42417], [4.97638, 52.42409], [4.97611, 52.42396], [4.976, 52.42393], [4.97593, 52.42389], [4.97582, 52.42386], [4.97575, 52.42382], [4.97548, 52.42371], [4.97515, 52.42357], [4.97496, 52.42348], [4.9747, 52.42337], [4.97448, 52.42328], [4.97434, 52.42321], [4.97427, 52.42318], [4.97383, 52.42299], [4.97349, 52.42286], [4.9734, 52.42281], [4.97333, 52.4228], [4.97324, 52.4228], [4.97284, 52.42277], [4.97264, 52.42276], [4.9723, 52.42273], [4.97148, 52.42271], [4.97143, 52.42271], [4.97123, 52.42269], [4.97104, 52.42267], [4.97038, 52.42267], [4.97023, 52.42266], [4.9702, 52.42265], [4.97011, 52.42263], [4.96947, 52.42262], [4.96902, 52.4226], [4.96884, 52.4226], [4.96817, 52.42256], [4.96805, 52.42256], [4.96796, 52.42254], [4.96786, 52.42254], [4.96777, 52.42254], [4.96694, 52.42252], [4.96688, 52.42252], [4.96667, 52.4225], [4.96613, 52.42248], [4.96593, 52.42246], [4.96577, 52.42246], [4.96572, 52.42244], [4.96518, 52.42243], [4.96501, 52.42241], [4.96486, 52.4224], [4.96419, 52.42238], [4.96391, 52.42238], [4.96361, 52.42236], [4.96346, 52.42235], [4.96295, 52.42234], [4.96283, 52.42234], [4.96254, 52.42232], [4.96207, 52.42231], [4.96158, 52.42228], [4.96148, 52.42228], [4.96049, 52.42223], [4.96029, 52.42221], [4.95982, 52.4222], [4.95895, 52.42217], [4.95872, 52.42215], [4.95721, 52.42209], [4.9563, 52.42205], [4.95625, 52.42205], [4.95595, 52.42195], [4.95588, 52.42244], [4.95565, 52.42242], [4.95545, 52.4224], [4.95538, 52.42241], [4.95532, 52.42242], [4.95527, 52.42241], [4.95521, 52.42242], [4.95496, 52.4224], [4.95472, 52.42237], [4.95455, 52.42234], [4.95428, 52.42225], [4.95411, 52.42222], [4.95402, 52.42221], [4.95381, 52.4222], [4.9537, 52.4222], [4.95366, 52.4222], [4.95364, 52.4222], [4.95361, 52.42221], [4.95358, 52.42223], [4.95356, 52.42226], [4.95351, 52.42231], [4.95346, 52.42234], [4.95337, 52.42243], [4.95324, 52.42255], [4.95315, 52.42264], [4.95307, 52.42273], [4.95296, 52.42284], [4.95285, 52.42293], [4.95285, 52.42295], [4.95283, 52.42297], [4.95278, 52.42303], [4.95274, 52.42308], [4.95271, 52.42314], [4.95264, 52.42323], [4.95262, 52.42326], [4.9526, 52.4233], [4.9525, 52.42349], [4.95259, 52.42353], [4.95283, 52.42362], [4.95278, 52.42368], [4.95253, 52.42359], [4.95192, 52.42338], [4.9516, 52.42329], [4.95155, 52.42329], [4.95145, 52.42326], [4.95142, 52.42325], [4.95134, 52.42323], [4.95153, 52.42302], [4.9515, 52.42301], [4.95155, 52.42293], [4.95159, 52.42283], [4.95164, 52.42265], [4.95165, 52.42253], [4.95165, 52.42242], [4.95153, 52.42199], [4.95152, 52.42195], [4.95149, 52.42193], [4.94981, 52.42186], [4.9498, 52.42188], [4.94978, 52.4219], [4.94974, 52.42192], [4.94971, 52.42193], [4.94966, 52.42191], [4.94922, 52.42174], [4.94892, 52.42162], [4.94864, 52.4215], [4.94863, 52.42149], [4.94858, 52.42146], [4.94853, 52.42143], [4.94779, 52.42156], [4.9477, 52.42143], [4.94746, 52.42093], [4.94739, 52.42075], [4.94722, 52.42037], [4.947, 52.41991], [4.94615, 52.41804], [4.946, 52.41773], [4.94557, 52.41679], [4.9451, 52.41557], [4.94498, 52.41532], [4.94479, 52.41502], [4.94456, 52.41475], [4.94444, 52.41463], [4.94413, 52.41437], [4.94407, 52.41434], [4.94398, 52.4143], [4.94358, 52.41415], [4.94314, 52.414], [4.94257, 52.41384], [4.94173, 52.41366], [4.9396, 52.41321], [4.93949, 52.41318], [4.938, 52.41278], [4.93646, 52.41236], [4.9358, 52.41219], [4.93529, 52.41207], [4.93515, 52.41204], [4.93505, 52.41202], [4.93452, 52.41196], [4.93341, 52.41187], [4.93292, 52.41183], [4.93161, 52.41174], [4.93113, 52.41169], [4.9308, 52.41163], [4.93072, 52.41161], [4.93051, 52.41153], [4.93031, 52.41145], [4.93013, 52.41135], [4.92996, 52.41125], [4.9298, 52.41113], [4.92966, 52.41101], [4.92947, 52.41085], [4.92903, 52.41038], [4.92855, 52.40976], [4.92819, 52.40933], [4.92722, 52.40874], [4.92684, 52.40845], [4.92575, 52.40748], [4.92559, 52.40728], [4.92541, 52.40702], [4.92525, 52.40672], [4.92516, 52.40641], [4.92515, 52.40527], [4.92498, 52.40434], [4.9238, 52.40224], [4.9231, 52.40124], [4.92293, 52.40081], [4.92283, 52.40049], [4.92272, 52.40006], [4.92253, 52.39957], [4.92244, 52.39945], [4.92231, 52.39935]]]}}, {"type": "Feature", "properties": {"code": "GB-GS25", "name": "Weesp, Driemond"}, "geometry": {"type": "Polygon", "coordinates": [[[4.99808, 52.31404], [4.99794, 52.31394], [4.9972, 52.3135], [4.99761, 52.31327], [4.99906, 52.31244], [4.99996, 52.31195], [5.00141, 52.31107], [5.00163, 52.31094], [5.00187, 52.31082], [5.00198, 52.31077], [5.0021, 52.31072], [5.0024, 52.3106], [5.00265, 52.31051], [5.00285, 52.31045], [5.00304, 52.3104], [5.00331, 52.31033], [5.00358, 52.31028], [5.00379, 52.31024], [5.00392, 52.31022], [5.00421, 52.31018], [5.00449, 52.31015], [5.00616, 52.31004], [5.0064, 52.31002], [5.00662, 52.30999], [5.00684, 52.30995], [5.00713, 52.30989], [5.00734, 52.30984], [5.00754, 52.30978], [5.00781, 52.30969], [5.00793, 52.30964], [5.00806, 52.30959], [5.00818, 52.30953], [5.0083, 52.30948], [5.00853, 52.30935], [5.00869, 52.30926], [5.00884, 52.30915], [5.0097, 52.30852], [5.00977, 52.30846], [5.00983, 52.3084], [5.00994, 52.30827], [5.00998, 52.30821], [5.01001, 52.30814], [5.01021, 52.30773], [5.00938, 52.3075], [5.00877, 52.3074], [5.00863, 52.30737], [5.0085, 52.30733], [5.00841, 52.3073], [5.00835, 52.30725], [5.0083, 52.3072], [5.00827, 52.30714], [5.00827, 52.30711], [5.00829, 52.30707], [5.00836, 52.30705], [5.00843, 52.30703], [5.0085, 52.30703], [5.00858, 52.30703], [5.00865, 52.30704], [5.0087, 52.30705], [5.00873, 52.30708], [5.00878, 52.30712], [5.00881, 52.30714], [5.00886, 52.30715], [5.00895, 52.30716], [5.00908, 52.30718], [5.00921, 52.3072], [5.00954, 52.30724], [5.00959, 52.30723], [5.00961, 52.30722], [5.00987, 52.30666], [5.01, 52.30642], [5.01019, 52.30618], [5.0102, 52.30617], [5.0102, 52.30615], [5.0102, 52.30615], [5.01014, 52.30613], [5.00995, 52.3061], [5.00949, 52.30603], [5.00968, 52.30577], [5.00988, 52.3056], [5.0099, 52.30556], [5.00989, 52.30552], [5.00984, 52.30548], [5.00958, 52.3053], [5.00987, 52.30516], [5.01003, 52.30509], [5.01043, 52.30485], [5.01044, 52.30485], [5.01046, 52.30484], [5.01048, 52.30485], [5.01066, 52.30495], [5.01068, 52.30495], [5.01071, 52.30495], [5.01102, 52.30484], [5.01104, 52.30484], [5.01105, 52.30484], [5.01112, 52.30489], [5.01189, 52.30451], [5.01131, 52.30428], [5.01183, 52.30378], [5.01265, 52.30388], [5.01272, 52.30359], [5.01299, 52.30361], [5.01322, 52.30362], [5.01339, 52.30362], [5.01423, 52.30359], [5.01427, 52.30368], [5.01448, 52.30362], [5.01473, 52.30355], [5.01496, 52.30347], [5.01524, 52.30336], [5.01573, 52.3032], [5.0161, 52.30308], [5.01639, 52.303], [5.01665, 52.30294], [5.01671, 52.30292], [5.01669, 52.30288], [5.01683, 52.30285], [5.01713, 52.30279], [5.01784, 52.30266], [5.01831, 52.3026], [5.01859, 52.30257], [5.01909, 52.30252], [5.01942, 52.3025], [5.01975, 52.30249], [5.02011, 52.30248], [5.02064, 52.30247], [5.02155, 52.30246], [5.02162, 52.30186], [5.02167, 52.30122], [5.02172, 52.29841], [5.02185, 52.2899], [5.02186, 52.28943], [5.02193, 52.28493], [5.02187, 52.28265], [5.02279, 52.2822], [5.02281, 52.28219], [5.02283, 52.28215], [5.02288, 52.2821], [5.02299, 52.28203], [5.02307, 52.28198], [5.02321, 52.28191], [5.02326, 52.2819], [5.02336, 52.2819], [5.02342, 52.28188], [5.02369, 52.28171], [5.02438, 52.28136], [5.02447, 52.28142], [5.02456, 52.28153], [5.02474, 52.28176], [5.02525, 52.28237], [5.02569, 52.28294], [5.02602, 52.28336], [5.02628, 52.28367], [5.02635, 52.28378], [5.02651, 52.28398], [5.02669, 52.28418], [5.02698, 52.28452], [5.02706, 52.2846], [5.02749, 52.2851], [5.02754, 52.28517], [5.02767, 52.28531], [5.02782, 52.28549], [5.02892, 52.28669], [5.02916, 52.28697], [5.02952, 52.28735], [5.03006, 52.28795], [5.03053, 52.28849], [5.03093, 52.28814], [5.03144, 52.28771], [5.03186, 52.28736], [5.03225, 52.28705], [5.03275, 52.28665], [5.03292, 52.28651], [5.03321, 52.28626], [5.03335, 52.28625], [5.03342, 52.28632], [5.03427, 52.28594], [5.03487, 52.28566], [5.03515, 52.28553], [5.03556, 52.28532], [5.03671, 52.28475], [5.03681, 52.28469], [5.03718, 52.28447], [5.03766, 52.28421], [5.03784, 52.28411], [5.03826, 52.28386], [5.03842, 52.28377], [5.03866, 52.28364], [5.03943, 52.28324], [5.0395, 52.28325], [5.03958, 52.28329], [5.04015, 52.28358], [5.04047, 52.28372], [5.04074, 52.28388], [5.04077, 52.28388], [5.0408, 52.28388], [5.04094, 52.2838], [5.04163, 52.28337], [5.04176, 52.28327], [5.04278, 52.28249], [5.0431, 52.28262], [5.0434, 52.28275], [5.04396, 52.28304], [5.04446, 52.28333], [5.04518, 52.2837], [5.04551, 52.28389], [5.04655, 52.28448], [5.04689, 52.28466], [5.04707, 52.28474], [5.04749, 52.28502], [5.04752, 52.28506], [5.04783, 52.28539], [5.04806, 52.28564], [5.04807, 52.28565], [5.04811, 52.28566], [5.04816, 52.28567], [5.0482, 52.2857], [5.04822, 52.28573], [5.04845, 52.28596], [5.04898, 52.28648], [5.04925, 52.28677], [5.04942, 52.28694], [5.04974, 52.28724], [5.05013, 52.28757], [5.05038, 52.2878], [5.05035, 52.28781], [5.05041, 52.28787], [5.05064, 52.2878], [5.05072, 52.28777], [5.05085, 52.2877], [5.05098, 52.28762], [5.05128, 52.28741], [5.0513, 52.2874], [5.05136, 52.28738], [5.05149, 52.28735], [5.05154, 52.28734], [5.05158, 52.28732], [5.05198, 52.28706], [5.05249, 52.28669], [5.05277, 52.28649], [5.05344, 52.28685], [5.05349, 52.28687], [5.05411, 52.28719], [5.05482, 52.28754], [5.05503, 52.28763], [5.05531, 52.28773], [5.05543, 52.28776], [5.05559, 52.28783], [5.0564, 52.28814], [5.05729, 52.28847], [5.05734, 52.28848], [5.05756, 52.28858], [5.05773, 52.28865], [5.05819, 52.28883], [5.0583, 52.28887], [5.05867, 52.28901], [5.05913, 52.28919], [5.05941, 52.2893], [5.05946, 52.28931], [5.05954, 52.28932], [5.05981, 52.28915], [5.06009, 52.28899], [5.06093, 52.28852], [5.06139, 52.28828], [5.06241, 52.2877], [5.06312, 52.2873], [5.06324, 52.28723], [5.06328, 52.2872], [5.06375, 52.28674], [5.06402, 52.28648], [5.0642, 52.28629], [5.06428, 52.28614], [5.06479, 52.28508], [5.06534, 52.28519], [5.06543, 52.2852], [5.06547, 52.2852], [5.06566, 52.28269], [5.0655, 52.28136], [5.06549, 52.28127], [5.06558, 52.28125], [5.06567, 52.28125], [5.06576, 52.28125], [5.06582, 52.28126], [5.06588, 52.28127], [5.06586, 52.28111], [5.0659, 52.28055], [5.06582, 52.28053], [5.06575, 52.28052], [5.06567, 52.28051], [5.06561, 52.28051], [5.06552, 52.28051], [5.06547, 52.28051], [5.06524, 52.28053], [5.06505, 52.28056], [5.06483, 52.2806], [5.06465, 52.28065], [5.06458, 52.28067], [5.06448, 52.28071], [5.06441, 52.28074], [5.06399, 52.28026], [5.06394, 52.2801], [5.06393, 52.28008], [5.06392, 52.28009], [5.06389, 52.27998], [5.06494, 52.27987], [5.06504, 52.27981], [5.06497, 52.27978], [5.06499, 52.27978], [5.0653, 52.27969], [5.06533, 52.27966], [5.06533, 52.27964], [5.0653, 52.27959], [5.06517, 52.27954], [5.06484, 52.27944], [5.06461, 52.27936], [5.06436, 52.27928], [5.06434, 52.27926], [5.06432, 52.27924], [5.06432, 52.27923], [5.06433, 52.2792], [5.06453, 52.27902], [5.06446, 52.27899], [5.06433, 52.27891], [5.06418, 52.27884], [5.06415, 52.27882], [5.06406, 52.27874], [5.06396, 52.27868], [5.06383, 52.2786], [5.06381, 52.27858], [5.06381, 52.27856], [5.06386, 52.27852], [5.06391, 52.27849], [5.06399, 52.27846], [5.0641, 52.27843], [5.06436, 52.27836], [5.06444, 52.27833], [5.06455, 52.2783], [5.06463, 52.27826], [5.06477, 52.27827], [5.06645, 52.27823], [5.06667, 52.27822], [5.06744, 52.2782], [5.06827, 52.27818], [5.06923, 52.27816], [5.07033, 52.27814], [5.0705, 52.27813], [5.07093, 52.27812], [5.07293, 52.27807], [5.07349, 52.27806], [5.07456, 52.27803], [5.07506, 52.27802], [5.07641, 52.27799], [5.07708, 52.27798], [5.07771, 52.27809], [5.07804, 52.27816], [5.07968, 52.27846], [5.08021, 52.27857], [5.08147, 52.2788], [5.08174, 52.27886], [5.08295, 52.27909], [5.08358, 52.27921], [5.08429, 52.27934], [5.0846, 52.2794], [5.08464, 52.27942], [5.08483, 52.27956], [5.08527, 52.27988], [5.08581, 52.28028], [5.08601, 52.28043], [5.08614, 52.28053], [5.08621, 52.28059], [5.08624, 52.28061], [5.08638, 52.2807], [5.08659, 52.28086], [5.08679, 52.28102], [5.08685, 52.28105], [5.0877, 52.28169], [5.08774, 52.28167], [5.0878, 52.28166], [5.08938, 52.28145], [5.09105, 52.28125], [5.0912, 52.28124], [5.09184, 52.28115], [5.09239, 52.28108], [5.09399, 52.28089], [5.09527, 52.28072], [5.09589, 52.28065], [5.09606, 52.28063], [5.09624, 52.2806], [5.09663, 52.28055], [5.09725, 52.28048], [5.09758, 52.28043], [5.09813, 52.28037], [5.0989, 52.28026], [5.09895, 52.28026], [5.09906, 52.28025], [5.09936, 52.28022], [5.10033, 52.2801], [5.10074, 52.28005], [5.10121, 52.27999], [5.10134, 52.27997], [5.10132, 52.27998], [5.10136, 52.27998], [5.10207, 52.27989], [5.10218, 52.28067], [5.10218, 52.28084], [5.10218, 52.28109], [5.10218, 52.28123], [5.10218, 52.28129], [5.10216, 52.28143], [5.10212, 52.28153], [5.10208, 52.28158], [5.10206, 52.28162], [5.10201, 52.28165], [5.10232, 52.28186], [5.10241, 52.28193], [5.10257, 52.28204], [5.10259, 52.28205], [5.10267, 52.28208], [5.10273, 52.28209], [5.10276, 52.28209], [5.10278, 52.2821], [5.10279, 52.28211], [5.1028, 52.28213], [5.10276, 52.2823], [5.10276, 52.28232], [5.10277, 52.28235], [5.1028, 52.28237], [5.10282, 52.28238], [5.1029, 52.28242], [5.10308, 52.2825], [5.10323, 52.28255], [5.10342, 52.28268], [5.10349, 52.28273], [5.10386, 52.28291], [5.10397, 52.28298], [5.10408, 52.28306], [5.10418, 52.28312], [5.10423, 52.28315], [5.10426, 52.28318], [5.10428, 52.28321], [5.1043, 52.28326], [5.10431, 52.28332], [5.10431, 52.28343], [5.10426, 52.28374], [5.10426, 52.28379], [5.10427, 52.28381], [5.10428, 52.28384], [5.10432, 52.28387], [5.10438, 52.28391], [5.10448, 52.28396], [5.10456, 52.28401], [5.1047, 52.2841], [5.10476, 52.28417], [5.10478, 52.28421], [5.10479, 52.28423], [5.1048, 52.28429], [5.10481, 52.28432], [5.1048, 52.2844], [5.10484, 52.28454], [5.10484, 52.28464], [5.10484, 52.28467], [5.10482, 52.28472], [5.10473, 52.28488], [5.10469, 52.28493], [5.10467, 52.28496], [5.10466, 52.285], [5.10464, 52.28509], [5.10464, 52.28516], [5.10464, 52.28528], [5.10465, 52.28543], [5.10465, 52.28552], [5.1047, 52.28556], [5.10468, 52.28558], [5.10461, 52.28564], [5.10455, 52.28567], [5.10438, 52.28579], [5.10389, 52.28614], [5.10353, 52.28641], [5.10322, 52.28665], [5.10269, 52.28711], [5.10206, 52.28766], [5.10179, 52.28789], [5.10165, 52.28804], [5.10176, 52.28808], [5.10171, 52.28812], [5.1016, 52.28818], [5.10153, 52.28826], [5.10147, 52.28834], [5.10142, 52.28838], [5.10138, 52.28843], [5.10132, 52.28849], [5.10117, 52.28861], [5.10101, 52.28872], [5.10065, 52.28899], [5.10058, 52.28905], [5.10046, 52.28917], [5.10024, 52.28939], [5.09991, 52.28977], [5.09975, 52.28993], [5.0997, 52.29], [5.09962, 52.29006], [5.09884, 52.29063], [5.09872, 52.29057], [5.09865, 52.29067], [5.09857, 52.29083], [5.09846, 52.29114], [5.09844, 52.29123], [5.09843, 52.29134], [5.09843, 52.29141], [5.09844, 52.29147], [5.09848, 52.29164], [5.09849, 52.29169], [5.09859, 52.29192], [5.09865, 52.29203], [5.09871, 52.29211], [5.09874, 52.29217], [5.09874, 52.29219], [5.09895, 52.29236], [5.0992, 52.29254], [5.09947, 52.2927], [5.09948, 52.29271], [5.09948, 52.29272], [5.09948, 52.29273], [5.09944, 52.29275], [5.09938, 52.29279], [5.09936, 52.2928], [5.09948, 52.29286], [5.10061, 52.2934], [5.10143, 52.29376], [5.10226, 52.29414], [5.10234, 52.29418], [5.10272, 52.29437], [5.10279, 52.2944], [5.10292, 52.29447], [5.10298, 52.29449], [5.10307, 52.2945], [5.10322, 52.29453], [5.1035, 52.29453], [5.10369, 52.29455], [5.10401, 52.29456], [5.10466, 52.29459], [5.10592, 52.29465], [5.10603, 52.29466], [5.10607, 52.29467], [5.10612, 52.29472], [5.10639, 52.29502], [5.10645, 52.29509], [5.10646, 52.29511], [5.10645, 52.29513], [5.10643, 52.29515], [5.10642, 52.29516], [5.10671, 52.29546], [5.10707, 52.29586], [5.10719, 52.29597], [5.10721, 52.296], [5.10723, 52.29603], [5.10732, 52.29628], [5.10738, 52.29629], [5.1074, 52.2963], [5.10742, 52.29633], [5.10757, 52.29668], [5.10767, 52.29698], [5.10769, 52.29711], [5.1077, 52.29723], [5.10768, 52.29729], [5.10742, 52.2977], [5.10735, 52.29777], [5.10731, 52.29781], [5.10725, 52.29786], [5.10705, 52.298], [5.10699, 52.29804], [5.10682, 52.29813], [5.10666, 52.2982], [5.1065, 52.29827], [5.10632, 52.29833], [5.10623, 52.29834], [5.1061, 52.29834], [5.10607, 52.29834], [5.10604, 52.29832], [5.10568, 52.29837], [5.10552, 52.29839], [5.10534, 52.29842], [5.1053, 52.29843], [5.10526, 52.29843], [5.10516, 52.29841], [5.1049, 52.29836], [5.10439, 52.29829], [5.10375, 52.29818], [5.10337, 52.29812], [5.10319, 52.29809], [5.10304, 52.29805], [5.10291, 52.29802], [5.10276, 52.29798], [5.10226, 52.29787], [5.10197, 52.2978], [5.10191, 52.29781], [5.10173, 52.29784], [5.10148, 52.29788], [5.1013, 52.29792], [5.10088, 52.29804], [5.10038, 52.29819], [5.10025, 52.29823], [5.1, 52.29832], [5.09999, 52.29835], [5.09997, 52.29836], [5.09967, 52.29846], [5.09931, 52.29858], [5.09911, 52.29865], [5.09905, 52.29866], [5.09894, 52.2987], [5.09872, 52.29882], [5.0981, 52.29921], [5.098, 52.29927], [5.09786, 52.29935], [5.09781, 52.29938], [5.09757, 52.29963], [5.09736, 52.29982], [5.09719, 52.29995], [5.09689, 52.30031], [5.09684, 52.30039], [5.09677, 52.30046], [5.09672, 52.30065], [5.09669, 52.30073], [5.09665, 52.30087], [5.09659, 52.3011], [5.09653, 52.30128], [5.09649, 52.30137], [5.09647, 52.30144], [5.09644, 52.30152], [5.09639, 52.30167], [5.09637, 52.30178], [5.09634, 52.30183], [5.09632, 52.30199], [5.09628, 52.30207], [5.09625, 52.30216], [5.0962, 52.30237], [5.09617, 52.30246], [5.09612, 52.30264], [5.09606, 52.30289], [5.09603, 52.30292], [5.09602, 52.30296], [5.09597, 52.30313], [5.0959, 52.30336], [5.09581, 52.30358], [5.09583, 52.30364], [5.09583, 52.30368], [5.09583, 52.30371], [5.09582, 52.30374], [5.09579, 52.30375], [5.09577, 52.30376], [5.09582, 52.30419], [5.09585, 52.30427], [5.09587, 52.30449], [5.09589, 52.30461], [5.0959, 52.30484], [5.09604, 52.30561], [5.09608, 52.30573], [5.09609, 52.30576], [5.09608, 52.3058], [5.0961, 52.30592], [5.09616, 52.30618], [5.09618, 52.30643], [5.09622, 52.30655], [5.09626, 52.30686], [5.09628, 52.30691], [5.09641, 52.30716], [5.09648, 52.30729], [5.09649, 52.30729], [5.09654, 52.30731], [5.09662, 52.30739], [5.09671, 52.30749], [5.09682, 52.3076], [5.09692, 52.30767], [5.0972, 52.30783], [5.09737, 52.30791], [5.09762, 52.30807], [5.09777, 52.30817], [5.09824, 52.30845], [5.09856, 52.30866], [5.09871, 52.30877], [5.09898, 52.30901], [5.09917, 52.30916], [5.09927, 52.30922], [5.0995, 52.30942], [5.0996, 52.30953], [5.09973, 52.30971], [5.09974, 52.30975], [5.0998, 52.31003], [5.09986, 52.31006], [5.09992, 52.31008], [5.1, 52.31009], [5.10011, 52.31013], [5.10016, 52.31015], [5.10022, 52.31018], [5.10028, 52.31023], [5.10035, 52.31027], [5.10057, 52.3103], [5.10055, 52.31039], [5.10056, 52.31044], [5.10053, 52.31046], [5.10044, 52.3105], [5.10028, 52.31046], [5.09972, 52.31073], [5.09885, 52.31113], [5.0988, 52.31114], [5.09874, 52.31116], [5.09819, 52.31137], [5.09799, 52.31141], [5.09787, 52.31145], [5.09767, 52.31154], [5.09745, 52.3116], [5.09635, 52.31191], [5.09601, 52.31201], [5.09553, 52.31216], [5.09462, 52.31243], [5.09392, 52.3126], [5.09322, 52.31277], [5.0923, 52.31297], [5.09213, 52.31301], [5.09211, 52.31302], [5.09231, 52.31332], [5.09259, 52.31371], [5.09265, 52.31378], [5.09271, 52.31385], [5.0928, 52.31393], [5.09299, 52.31409], [5.09308, 52.31415], [5.09297, 52.3142], [5.09286, 52.31424], [5.09281, 52.31427], [5.09274, 52.3142], [5.09264, 52.31424], [5.09262, 52.31422], [5.0919, 52.31453], [5.09166, 52.31464], [5.09069, 52.31495], [5.09053, 52.31499], [5.08962, 52.31519], [5.08945, 52.31522], [5.08886, 52.31534], [5.08812, 52.3155], [5.08785, 52.31557], [5.08735, 52.31569], [5.08711, 52.31573], [5.08684, 52.3158], [5.08675, 52.31581], [5.08676, 52.31587], [5.08675, 52.31589], [5.08673, 52.3159], [5.08664, 52.31593], [5.08628, 52.316], [5.08605, 52.31605], [5.08496, 52.3163], [5.08481, 52.31633], [5.08484, 52.31642], [5.08484, 52.31644], [5.08483, 52.31646], [5.08482, 52.31647], [5.08478, 52.3165], [5.08477, 52.31651], [5.08476, 52.31652], [5.08478, 52.31655], [5.08484, 52.3166], [5.08491, 52.31664], [5.08494, 52.31666], [5.08494, 52.31668], [5.08494, 52.3167], [5.08493, 52.31671], [5.08491, 52.31674], [5.08483, 52.31677], [5.0838, 52.31707], [5.08343, 52.3172], [5.08322, 52.31727], [5.08321, 52.31727], [5.08314, 52.31719], [5.08307, 52.31706], [5.08306, 52.31705], [5.08305, 52.31704], [5.08301, 52.31702], [5.08297, 52.31702], [5.0814, 52.31732], [5.08097, 52.3174], [5.07922, 52.31778], [5.07752, 52.31818], [5.07746, 52.3182], [5.07689, 52.31847], [5.0754, 52.31915], [5.07518, 52.31924], [5.0743, 52.31961], [5.07389, 52.3198], [5.07358, 52.31995], [5.07311, 52.32018], [5.07291, 52.31997], [5.07286, 52.3199], [5.07281, 52.31992], [5.07276, 52.31994], [5.07236, 52.32017], [5.07201, 52.32038], [5.0719, 52.32045], [5.07135, 52.32079], [5.07106, 52.32098], [5.07082, 52.32114], [5.07038, 52.3214], [5.07016, 52.3215], [5.06994, 52.3216], [5.06951, 52.32179], [5.06941, 52.32174], [5.06935, 52.32169], [5.06928, 52.32164], [5.06924, 52.32158], [5.06909, 52.32153], [5.06904, 52.32154], [5.06897, 52.32163], [5.06878, 52.32172], [5.06636, 52.32217], [5.06607, 52.32222], [5.06597, 52.32223], [5.06582, 52.32224], [5.06572, 52.32224], [5.06556, 52.32224], [5.06538, 52.32223], [5.06525, 52.32221], [5.06514, 52.32219], [5.06505, 52.32216], [5.06498, 52.32213], [5.06493, 52.32211], [5.06469, 52.32201], [5.06485, 52.32186], [5.06517, 52.32157], [5.06524, 52.32151], [5.06528, 52.32144], [5.06533, 52.32138], [5.06537, 52.3213], [5.06553, 52.32098], [5.06563, 52.32073], [5.06572, 52.32048], [5.06526, 52.31918], [5.06386, 52.31847], [5.06362, 52.31835], [5.06346, 52.31829], [5.06339, 52.31826], [5.0633, 52.31821], [5.06321, 52.31816], [5.06308, 52.31807], [5.06274, 52.31777], [5.06263, 52.3177], [5.06248, 52.31761], [5.06241, 52.31758], [5.06231, 52.31754], [5.06217, 52.3175], [5.06175, 52.31738], [5.0615, 52.31731], [5.06144, 52.31728], [5.06137, 52.31725], [5.06111, 52.31709], [5.06104, 52.31705], [5.06098, 52.31702], [5.06084, 52.31698], [5.06069, 52.31694], [5.06061, 52.31693], [5.0605, 52.31691], [5.0604, 52.31691], [5.06022, 52.31689], [5.06013, 52.31687], [5.05993, 52.31684], [5.05982, 52.31681], [5.05972, 52.31679], [5.05959, 52.31675], [5.05956, 52.31673], [5.05938, 52.31667], [5.05921, 52.31662], [5.05896, 52.31651], [5.05859, 52.31638], [5.05848, 52.31635], [5.05834, 52.31632], [5.05804, 52.31668], [5.05909, 52.31705], [5.05877, 52.31742], [5.0584, 52.31782], [5.05674, 52.3196], [5.05732, 52.31997], [5.05779, 52.32025], [5.05814, 52.32042], [5.0585, 52.32056], [5.05906, 52.32073], [5.05959, 52.3209], [5.05976, 52.32095], [5.05993, 52.321], [5.06039, 52.32116], [5.06054, 52.32123], [5.06067, 52.3213], [5.06083, 52.3214], [5.06097, 52.32148], [5.06108, 52.32157], [5.06116, 52.32164], [5.06142, 52.32172], [5.06147, 52.32175], [5.0615, 52.32178], [5.06152, 52.3218], [5.06153, 52.32182], [5.06152, 52.32185], [5.06144, 52.32204], [5.0611, 52.32208], [5.06114, 52.32217], [5.06118, 52.32228], [5.0612, 52.32233], [5.06121, 52.32236], [5.06126, 52.32253], [5.06132, 52.32283], [5.06139, 52.32309], [5.06141, 52.32323], [5.06144, 52.32332], [5.06152, 52.32368], [5.06041, 52.32396], [5.06016, 52.32403], [5.06007, 52.32406], [5.05993, 52.32413], [5.05975, 52.32422], [5.05947, 52.32434], [5.05923, 52.32443], [5.05902, 52.32451], [5.05897, 52.32453], [5.05887, 52.3246], [5.05855, 52.32471], [5.05816, 52.32483], [5.05779, 52.32494], [5.05748, 52.32503], [5.05699, 52.32516], [5.05639, 52.3253], [5.05581, 52.32544], [5.05569, 52.32541], [5.05565, 52.32542], [5.05557, 52.32553], [5.05519, 52.32563], [5.05505, 52.32566], [5.05476, 52.3257], [5.05462, 52.32572], [5.05448, 52.32575], [5.05431, 52.32579], [5.05431, 52.32578], [5.05425, 52.32578], [5.05408, 52.32581], [5.05364, 52.32593], [5.05323, 52.32603], [5.05214, 52.32628], [5.05119, 52.32652], [5.0505, 52.32669], [5.04981, 52.32685], [5.0494, 52.32694], [5.04929, 52.32696], [5.04918, 52.32698], [5.04901, 52.327], [5.04884, 52.32702], [5.04873, 52.32702], [5.04861, 52.32703], [5.04844, 52.32703], [5.04827, 52.32703], [5.04813, 52.32702], [5.04787, 52.32699], [5.04765, 52.32696], [5.04743, 52.32691], [5.04709, 52.32683], [5.04684, 52.32678], [5.04674, 52.32677], [5.04657, 52.32675], [5.04639, 52.32673], [5.0463, 52.32673], [5.04609, 52.32673], [5.04595, 52.32674], [5.04581, 52.32674], [5.04565, 52.32676], [5.04553, 52.32678], [5.04539, 52.3268], [5.04523, 52.32684], [5.04513, 52.32686], [5.04498, 52.3269], [5.04479, 52.32697], [5.04461, 52.32704], [5.04451, 52.32709], [5.0444, 52.32715], [5.04478, 52.3274], [5.04486, 52.32745], [5.04485, 52.32746], [5.04467, 52.32752], [5.04391, 52.32799], [5.04355, 52.32778], [5.04335, 52.3279], [5.04313, 52.32802], [5.04292, 52.32812], [5.04269, 52.32821], [5.04255, 52.32827], [5.04239, 52.32832], [5.04139, 52.32864], [5.04123, 52.32869], [5.04102, 52.32875], [5.04066, 52.32884], [5.04026, 52.32893], [5.03998, 52.32899], [5.03956, 52.32908], [5.03889, 52.3292], [5.03683, 52.32955], [5.03632, 52.32964], [5.03574, 52.32977], [5.03545, 52.32982], [5.0344, 52.33001], [5.03329, 52.33019], [5.03232, 52.33034], [5.03137, 52.33049], [5.0308, 52.33057], [5.03008, 52.33066], [5.02925, 52.33074], [5.02886, 52.33078], [5.02848, 52.3308], [5.02816, 52.33081], [5.02776, 52.33081], [5.02747, 52.3308], [5.02707, 52.33078], [5.02671, 52.33076], [5.02648, 52.33074], [5.02613, 52.3307], [5.02585, 52.33067], [5.0256, 52.33065], [5.02526, 52.33063], [5.02509, 52.33063], [5.02482, 52.33063], [5.02458, 52.33064], [5.02441, 52.33064], [5.02416, 52.33066], [5.02395, 52.33068], [5.02373, 52.3307], [5.02357, 52.33072], [5.02319, 52.33078], [5.02296, 52.33081], [5.02281, 52.33083], [5.02254, 52.33085], [5.02232, 52.33087], [5.02203, 52.33087], [5.02174, 52.33087], [5.02144, 52.33085], [5.02123, 52.33084], [5.02095, 52.33081], [5.02061, 52.33078], [5.02023, 52.33073], [5.01971, 52.33065], [5.01917, 52.33056], [5.01847, 52.33043], [5.01791, 52.33032], [5.01728, 52.33019], [5.01759, 52.3295], [5.01787, 52.32871], [5.01798, 52.32835], [5.01811, 52.32782], [5.01822, 52.32703], [5.0183, 52.32609], [5.0184, 52.32471], [5.01843, 52.32434], [5.01844, 52.32417], [5.01849, 52.3233], [5.01794, 52.32319], [5.01684, 52.32302], [5.01666, 52.32299], [5.01658, 52.32323], [5.01659, 52.32329], [5.01655, 52.32344], [5.0165, 52.32355], [5.01642, 52.32365], [5.01644, 52.32369], [5.01637, 52.32397], [5.01633, 52.32424], [5.0163, 52.3243], [5.01624, 52.3244], [5.01618, 52.32448], [5.01614, 52.32451], [5.01579, 52.32434], [5.01507, 52.32394], [5.01474, 52.32374], [5.01414, 52.32339], [5.01369, 52.32311], [5.01288, 52.32266], [5.01246, 52.32242], [5.01224, 52.32228], [5.01129, 52.32173], [5.01088, 52.32149], [5.01063, 52.32135], [5.01032, 52.32116], [5.00975, 52.32084], [5.00946, 52.32069], [5.00936, 52.32063], [5.00877, 52.32033], [5.00846, 52.32016], [5.00823, 52.32002], [5.00798, 52.31989], [5.00774, 52.31974], [5.00706, 52.31935], [5.00678, 52.31922], [5.00653, 52.31908], [5.0052, 52.31828], [5.00501, 52.31814], [5.00437, 52.31771], [5.00344, 52.3171], [5.00306, 52.31687], [5.00276, 52.31668], [5.00221, 52.31633], [5.00153, 52.31591], [5.00138, 52.31584], [5.00097, 52.31564], [5.00054, 52.31538], [5.00039, 52.31531], [5.00017, 52.31521], [4.9999, 52.31509], [4.99966, 52.31496], [4.99947, 52.31485], [4.99922, 52.31471], [4.99891, 52.31453], [4.99873, 52.31443], [4.99866, 52.31438], [4.99858, 52.31434], [4.99836, 52.31421], [4.99835, 52.3142], [4.99836, 52.3142], [4.99808, 52.31404]]]}}, {"type": "Feature", "properties": {"code": "GB-GT21", "name": "Bijlmer-West"}, "geometry": {"type": "Polygon", "coordinates": [[[4.94021, 52.31933], [4.93959, 52.31912], [4.94033, 52.3183], [4.94033, 52.31825], [4.94031, 52.3182], [4.94025, 52.3181], [4.94013, 52.31781], [4.93999, 52.31747], [4.93983, 52.31712], [4.93804, 52.31651], [4.93812, 52.31638], [4.93866, 52.3158], [4.93874, 52.31564], [4.93873, 52.31509], [4.93523, 52.31389], [4.93636, 52.31267], [4.93414, 52.31191], [4.93333, 52.31137], [4.9327, 52.31094], [4.9324, 52.31075], [4.93166, 52.31027], [4.93146, 52.31015], [4.93073, 52.30972], [4.93044, 52.30955], [4.93007, 52.30934], [4.93031, 52.30918], [4.92997, 52.30899], [4.92962, 52.30881], [4.92933, 52.30853], [4.92991, 52.30811], [4.92964, 52.30796], [4.92942, 52.30783], [4.92983, 52.30752], [4.92948, 52.30742], [4.93026, 52.30643], [4.9305, 52.30617], [4.93099, 52.30569], [4.93169, 52.30503], [4.93249, 52.30448], [4.93272, 52.30426], [4.93322, 52.30356], [4.93369, 52.30311], [4.93414, 52.30274], [4.93494, 52.30197], [4.93487, 52.30194], [4.93603, 52.30073], [4.93705, 52.29959], [4.93714, 52.29947], [4.93708, 52.29945], [4.94638, 52.28868], [4.94646, 52.28858], [4.94641, 52.28856], [4.94676, 52.2882], [4.94699, 52.28797], [4.94768, 52.28723], [4.95209, 52.28254], [4.95184, 52.28245], [4.95376, 52.28017], [4.95495, 52.27868], [4.95524, 52.27831], [4.95574, 52.27842], [4.95585, 52.27845], [4.95639, 52.2786], [4.95657, 52.27864], [4.95668, 52.27866], [4.95678, 52.27867], [4.95699, 52.27868], [4.95715, 52.27867], [4.9573, 52.27867], [4.95749, 52.27865], [4.95764, 52.27864], [4.95774, 52.27863], [4.95781, 52.27861], [4.95788, 52.2786], [4.95805, 52.27854], [4.95835, 52.27843], [4.95842, 52.2784], [4.95848, 52.27838], [4.95856, 52.27837], [4.95867, 52.27834], [4.95873, 52.27834], [4.95886, 52.27833], [4.95894, 52.27833], [4.95965, 52.27836], [4.95979, 52.27836], [4.95997, 52.27835], [4.9603, 52.27832], [4.96047, 52.27829], [4.96076, 52.27824], [4.96106, 52.27818], [4.96126, 52.2784], [4.96134, 52.27853], [4.96146, 52.27877], [4.9615, 52.27884], [4.96155, 52.27895], [4.96164, 52.27919], [4.96182, 52.27961], [4.96188, 52.27971], [4.96203, 52.27996], [4.96208, 52.28005], [4.96213, 52.28012], [4.96218, 52.28017], [4.96225, 52.28021], [4.96232, 52.28025], [4.96238, 52.28026], [4.96249, 52.28028], [4.96255, 52.28029], [4.96263, 52.28029], [4.96319, 52.2803], [4.96333, 52.28032], [4.96345, 52.28033], [4.96368, 52.28036], [4.96393, 52.28039], [4.96416, 52.28041], [4.96426, 52.28041], [4.96468, 52.28038], [4.96485, 52.28038], [4.96513, 52.28042], [4.96532, 52.28045], [4.96552, 52.28049], [4.96562, 52.28053], [4.96566, 52.28055], [4.96571, 52.28058], [4.9658, 52.28065], [4.96598, 52.28084], [4.96616, 52.28098], [4.96617, 52.28098], [4.96619, 52.28098], [4.96621, 52.28098], [4.96622, 52.28097], [4.96625, 52.28089], [4.96627, 52.28081], [4.96628, 52.28078], [4.9663, 52.28046], [4.96633, 52.28034], [4.96636, 52.28027], [4.9664, 52.2802], [4.96644, 52.28016], [4.96649, 52.2801], [4.96655, 52.28005], [4.96663, 52.27999], [4.96673, 52.27993], [4.96684, 52.27988], [4.96741, 52.27966], [4.96752, 52.2796], [4.96758, 52.27956], [4.96768, 52.27958], [4.96788, 52.27984], [4.96799, 52.27997], [4.96807, 52.28006], [4.9681, 52.28011], [4.96816, 52.28021], [4.96821, 52.28027], [4.96826, 52.28034], [4.96833, 52.28041], [4.96847, 52.28054], [4.96854, 52.28061], [4.96858, 52.28063], [4.9686, 52.28064], [4.9687, 52.28069], [4.96874, 52.28071], [4.96876, 52.28073], [4.96877, 52.28077], [4.96877, 52.28085], [4.96878, 52.28089], [4.9688, 52.28094], [4.96882, 52.28097], [4.96892, 52.28112], [4.96897, 52.28117], [4.96898, 52.28118], [4.96903, 52.28127], [4.96915, 52.28142], [4.96918, 52.2815], [4.96921, 52.28158], [4.96924, 52.28162], [4.96938, 52.28178], [4.96939, 52.28183], [4.96938, 52.28192], [4.96938, 52.28196], [4.96966, 52.28291], [4.96972, 52.28311], [4.96973, 52.28312], [4.96975, 52.28313], [4.96986, 52.28317], [4.96991, 52.28319], [4.96999, 52.28325], [4.97027, 52.28343], [4.97067, 52.28365], [4.97079, 52.28372], [4.9709, 52.28379], [4.97136, 52.28404], [4.97152, 52.28415], [4.97184, 52.28436], [4.97, 52.28637], [4.96974, 52.28662], [4.96931, 52.28713], [4.96629, 52.29046], [4.96602, 52.29086], [4.96584, 52.291], [4.96396, 52.29306], [4.96367, 52.29331], [4.96319, 52.29388], [4.96175, 52.29538], [4.96116, 52.29601], [4.96096, 52.29625], [4.961, 52.2963], [4.96018, 52.29735], [4.95962, 52.29797], [4.95958, 52.29802], [4.95932, 52.29821], [4.95845, 52.29919], [4.9561, 52.30173], [4.95575, 52.3021], [4.9554, 52.3025], [4.95533, 52.30258], [4.95506, 52.30281], [4.95314, 52.30496], [4.95249, 52.30571], [4.9521, 52.30608], [4.94775, 52.31055], [4.94397, 52.31467], [4.94392, 52.31482], [4.94395, 52.31488], [4.94372, 52.31514], [4.94362, 52.31514], [4.94296, 52.31576], [4.94298, 52.31583], [4.94295, 52.31597], [4.94195, 52.31746], [4.94142, 52.31795], [4.94091, 52.31851], [4.94069, 52.31854], [4.94026, 52.31906], [4.94035, 52.31916], [4.94021, 52.31933]]]}}, {"type": "Feature", "properties": {"code": "GB-GT22", "name": "Bijlmer-Centrum"}, "geometry": {"type": "Polygon", "coordinates": [[[4.95676, 52.32405], [4.95518, 52.3235], [4.95505, 52.32346], [4.95503, 52.32348], [4.95499, 52.32346], [4.955, 52.32345], [4.95375, 52.32301], [4.95343, 52.3229], [4.95268, 52.32265], [4.94984, 52.32575], [4.94766, 52.32814], [4.9405, 52.32568], [4.94035, 52.32556], [4.94011, 52.32538], [4.93998, 52.32529], [4.93989, 52.32521], [4.93986, 52.32519], [4.93986, 52.32519], [4.93958, 52.325], [4.93946, 52.32492], [4.93937, 52.32484], [4.93932, 52.32478], [4.93909, 52.3246], [4.93891, 52.32445], [4.93869, 52.32429], [4.93863, 52.32423], [4.93861, 52.32422], [4.93855, 52.32419], [4.93846, 52.32417], [4.93827, 52.32415], [4.93819, 52.32414], [4.93796, 52.32412], [4.93786, 52.32376], [4.93775, 52.32354], [4.93766, 52.32339], [4.93762, 52.3233], [4.9378, 52.32324], [4.93792, 52.32313], [4.938, 52.32306], [4.93826, 52.3229], [4.93837, 52.32284], [4.93852, 52.3228], [4.93863, 52.32274], [4.93873, 52.32267], [4.93895, 52.32251], [4.93914, 52.32239], [4.93945, 52.32218], [4.93957, 52.32211], [4.93976, 52.32203], [4.93993, 52.32194], [4.93995, 52.32176], [4.93999, 52.32145], [4.94007, 52.32115], [4.94021, 52.32082], [4.94038, 52.32051], [4.94049, 52.32035], [4.9406, 52.32019], [4.94105, 52.31962], [4.94021, 52.31933], [4.94035, 52.31916], [4.94026, 52.31906], [4.94069, 52.31854], [4.94091, 52.31851], [4.94142, 52.31795], [4.94195, 52.31746], [4.94295, 52.31597], [4.94298, 52.31583], [4.94296, 52.31576], [4.94362, 52.31514], [4.94372, 52.31514], [4.94395, 52.31488], [4.94392, 52.31482], [4.94397, 52.31467], [4.94775, 52.31055], [4.9521, 52.30608], [4.95249, 52.30571], [4.95314, 52.30496], [4.95506, 52.30281], [4.95533, 52.30258], [4.9554, 52.3025], [4.97142, 52.308], [4.96518, 52.31482], [4.96357, 52.3166], [4.95934, 52.32122], [4.95676, 52.32405]]]}}, {"type": "Feature", "properties": {"code": "GB-GT23", "name": "Bijlmer-Oost"}, "geometry": {"type": "Polygon", "coordinates": [[[4.95676, 52.32405], [4.95934, 52.32122], [4.96357, 52.3166], [4.96518, 52.31482], [4.97142, 52.308], [4.97867, 52.31049], [4.98733, 52.31345], [4.98823, 52.31378], [4.98913, 52.31411], [4.99009, 52.31449], [4.99114, 52.31492], [4.99211, 52.31533], [4.99318, 52.3158], [4.99423, 52.31629], [4.99505, 52.31669], [4.99546, 52.3169], [4.9969, 52.31764], [4.99679, 52.31776], [4.99621, 52.31846], [4.99593, 52.31884], [4.99585, 52.31894], [4.99558, 52.3192], [4.99548, 52.31931], [4.99537, 52.31945], [4.99526, 52.31962], [4.99492, 52.32012], [4.99484, 52.32022], [4.99472, 52.32037], [4.99434, 52.32083], [4.9943, 52.32089], [4.99427, 52.32094], [4.99425, 52.32098], [4.99421, 52.32103], [4.99346, 52.32195], [4.9926, 52.32314], [4.99217, 52.32371], [4.99211, 52.32377], [4.99176, 52.32428], [4.99162, 52.32454], [4.99151, 52.32475], [4.99117, 52.32557], [4.991, 52.32593], [4.99089, 52.32614], [4.99074, 52.32635], [4.99058, 52.32654], [4.98994, 52.32721], [4.98961, 52.32755], [4.98948, 52.32767], [4.9892, 52.32788], [4.98905, 52.32799], [4.98863, 52.32822], [4.988, 52.32855], [4.98794, 52.32858], [4.98786, 52.32862], [4.98759, 52.32876], [4.9873, 52.32893], [4.98703, 52.32912], [4.98685, 52.32926], [4.98637, 52.3296], [4.98604, 52.32981], [4.9855, 52.33014], [4.9853, 52.33026], [4.9851, 52.33036], [4.98495, 52.33043], [4.98479, 52.33048], [4.98448, 52.33057], [4.98397, 52.33067], [4.98368, 52.33071], [4.98336, 52.33075], [4.98308, 52.33077], [4.98252, 52.3308], [4.98165, 52.33081], [4.98114, 52.33077], [4.98092, 52.33076], [4.98069, 52.33076], [4.98051, 52.33078], [4.9798, 52.331], [4.97835, 52.33108], [4.97795, 52.33116], [4.97714, 52.33064], [4.97635, 52.33065], [4.97597, 52.33064], [4.97564, 52.33061], [4.97531, 52.33056], [4.97501, 52.32998], [4.97483, 52.3297], [4.97451, 52.32933], [4.97403, 52.32891], [4.97342, 52.32848], [4.97216, 52.32772], [4.97181, 52.32747], [4.97137, 52.32696], [4.97132, 52.32689], [4.97121, 52.32676], [4.97114, 52.32669], [4.97109, 52.32664], [4.97096, 52.32655], [4.97083, 52.32647], [4.97071, 52.32641], [4.97041, 52.32625], [4.97026, 52.32617], [4.96961, 52.32652], [4.96921, 52.32678], [4.96755, 52.32776], [4.96404, 52.32656], [4.96251, 52.32604], [4.96103, 52.32552], [4.95754, 52.32432], [4.95676, 52.32405]]]}}, {"type": "Feature", "properties": {"code": "GB-GT24", "name": "Gaasperdam"}, "geometry": {"type": "Polygon", "coordinates": [[[4.9554, 52.3025], [4.95575, 52.3021], [4.9561, 52.30173], [4.95845, 52.29919], [4.95932, 52.29821], [4.95958, 52.29802], [4.95962, 52.29797], [4.96018, 52.29735], [4.961, 52.2963], [4.96096, 52.29625], [4.96116, 52.29601], [4.96175, 52.29538], [4.96319, 52.29388], [4.96367, 52.29331], [4.96396, 52.29306], [4.96584, 52.291], [4.96602, 52.29086], [4.96629, 52.29046], [4.96931, 52.28713], [4.96974, 52.28662], [4.97, 52.28637], [4.97184, 52.28436], [4.97194, 52.28443], [4.9724, 52.28472], [4.97261, 52.28485], [4.97272, 52.2849], [4.97283, 52.28495], [4.97296, 52.28499], [4.97304, 52.28501], [4.97307, 52.28502], [4.9731, 52.28505], [4.97313, 52.28511], [4.97317, 52.28517], [4.9732, 52.2852], [4.97324, 52.28523], [4.97346, 52.28534], [4.97371, 52.28545], [4.97477, 52.28609], [4.97485, 52.28616], [4.97494, 52.28623], [4.97515, 52.28634], [4.97554, 52.28649], [4.97594, 52.28665], [4.97601, 52.28669], [4.97609, 52.28674], [4.97612, 52.28675], [4.97628, 52.28682], [4.97639, 52.28686], [4.97728, 52.28727], [4.97769, 52.28745], [4.97787, 52.28753], [4.97857, 52.28784], [4.9787, 52.28789], [4.9789, 52.28797], [4.97924, 52.2881], [4.97939, 52.28817], [4.97979, 52.28835], [4.97985, 52.28838], [4.97985, 52.28838], [4.98011, 52.28851], [4.98045, 52.28865], [4.98096, 52.28887], [4.98111, 52.28893], [4.98126, 52.28897], [4.98134, 52.289], [4.98147, 52.28906], [4.98167, 52.28915], [4.98196, 52.28927], [4.98205, 52.28931], [4.98219, 52.28935], [4.98227, 52.28939], [4.98231, 52.28941], [4.98234, 52.28943], [4.98247, 52.28947], [4.98257, 52.28951], [4.98262, 52.28952], [4.98266, 52.28954], [4.98271, 52.28957], [4.98275, 52.28959], [4.98289, 52.28964], [4.98291, 52.28965], [4.98292, 52.28967], [4.98294, 52.28971], [4.98298, 52.28979], [4.98309, 52.28989], [4.98337, 52.29022], [4.98348, 52.29033], [4.98349, 52.29034], [4.98351, 52.29037], [4.98389, 52.29032], [4.98462, 52.29023], [4.98511, 52.29017], [4.98655, 52.29001], [4.98668, 52.29], [4.98757, 52.2899], [4.9883, 52.28983], [4.98903, 52.28975], [4.98974, 52.28967], [4.99046, 52.2896], [4.99119, 52.28955], [4.99265, 52.28941], [4.99291, 52.2894], [4.99337, 52.28936], [4.99368, 52.28933], [4.99412, 52.28929], [4.99502, 52.28923], [4.99554, 52.28922], [4.99672, 52.28916], [4.99748, 52.28912], [4.99776, 52.28935], [4.9981, 52.28964], [4.99822, 52.28975], [4.99829, 52.28981], [4.99833, 52.28983], [4.99845, 52.28984], [4.99846, 52.28985], [4.99848, 52.28998], [4.99852, 52.29018], [4.99852, 52.2902], [4.99855, 52.29024], [4.99866, 52.29023], [4.99874, 52.29022], [4.99877, 52.29022], [4.99878, 52.29022], [4.99882, 52.29024], [4.99883, 52.29026], [4.99924, 52.29062], [5.00001, 52.29127], [5.00008, 52.29133], [5.00018, 52.29142], [5.00054, 52.29172], [5.00056, 52.29175], [5.00061, 52.29178], [5.00068, 52.29185], [5.00082, 52.29196], [5.00091, 52.29204], [5.00125, 52.29233], [5.00133, 52.29241], [5.00136, 52.29246], [5.00137, 52.29248], [5.0015, 52.29258], [5.0016, 52.29265], [5.00168, 52.29272], [5.00179, 52.29279], [5.00182, 52.29284], [5.00184, 52.29292], [5.0018, 52.29306], [5.0018, 52.29318], [5.00182, 52.29341], [5.00182, 52.29376], [5.00183, 52.29421], [5.00183, 52.29428], [5.00184, 52.29444], [5.00185, 52.29505], [5.00185, 52.2952], [5.00186, 52.29537], [5.00185, 52.29551], [5.00184, 52.29561], [5.00185, 52.29572], [5.00185, 52.29588], [5.00204, 52.29592], [5.0021, 52.29593], [5.0023, 52.296], [5.00238, 52.29602], [5.00249, 52.29604], [5.0026, 52.29605], [5.00282, 52.29605], [5.00288, 52.29604], [5.00306, 52.29602], [5.00311, 52.29602], [5.00315, 52.29603], [5.00321, 52.29605], [5.00323, 52.29607], [5.00324, 52.29608], [5.00325, 52.29613], [5.00325, 52.29616], [5.00325, 52.2963], [5.00323, 52.2966], [5.00323, 52.29675], [5.00324, 52.29703], [5.00323, 52.29739], [5.00325, 52.29743], [5.0034, 52.29767], [5.00368, 52.29817], [5.00377, 52.29834], [5.00384, 52.29851], [5.00527, 52.29839], [5.00706, 52.30038], [5.00736, 52.30066], [5.00755, 52.30087], [5.00763, 52.30101], [5.0077, 52.30118], [5.00773, 52.30128], [5.00775, 52.30137], [5.00781, 52.30144], [5.00789, 52.30152], [5.00795, 52.30155], [5.00808, 52.30157], [5.00834, 52.3016], [5.00853, 52.30163], [5.00873, 52.30167], [5.00896, 52.30173], [5.00921, 52.3018], [5.00943, 52.30189], [5.00958, 52.30195], [5.00992, 52.3021], [5.01004, 52.30216], [5.01012, 52.30221], [5.01021, 52.30228], [5.0105, 52.30251], [5.01067, 52.30266], [5.01086, 52.30287], [5.01097, 52.30297], [5.01111, 52.30307], [5.01143, 52.30325], [5.01154, 52.3033], [5.01172, 52.30337], [5.01184, 52.30341], [5.012, 52.30346], [5.01228, 52.30352], [5.01246, 52.30355], [5.01272, 52.30359], [5.01265, 52.30388], [5.01183, 52.30378], [5.01131, 52.30428], [5.01189, 52.30451], [5.01112, 52.30489], [5.01105, 52.30484], [5.01104, 52.30484], [5.01102, 52.30484], [5.01071, 52.30495], [5.01068, 52.30495], [5.01066, 52.30495], [5.01048, 52.30485], [5.01046, 52.30484], [5.01044, 52.30485], [5.01043, 52.30485], [5.01003, 52.30509], [5.00987, 52.30516], [5.00958, 52.3053], [5.00984, 52.30548], [5.00989, 52.30552], [5.0099, 52.30556], [5.00988, 52.3056], [5.00968, 52.30577], [5.00949, 52.30603], [5.00995, 52.3061], [5.01014, 52.30613], [5.0102, 52.30615], [5.0102, 52.30615], [5.0102, 52.30617], [5.01019, 52.30618], [5.01, 52.30642], [5.00987, 52.30666], [5.00961, 52.30722], [5.00959, 52.30723], [5.00954, 52.30724], [5.00921, 52.3072], [5.00908, 52.30718], [5.00895, 52.30716], [5.00886, 52.30715], [5.00881, 52.30714], [5.00878, 52.30712], [5.00873, 52.30708], [5.0087, 52.30705], [5.00865, 52.30704], [5.00858, 52.30703], [5.0085, 52.30703], [5.00843, 52.30703], [5.00836, 52.30705], [5.00829, 52.30707], [5.00827, 52.30711], [5.00827, 52.30714], [5.0083, 52.3072], [5.00835, 52.30725], [5.00841, 52.3073], [5.0085, 52.30733], [5.00863, 52.30737], [5.00877, 52.3074], [5.00938, 52.3075], [5.01021, 52.30773], [5.01001, 52.30814], [5.00998, 52.30821], [5.00994, 52.30827], [5.00983, 52.3084], [5.00977, 52.30846], [5.0097, 52.30852], [5.00884, 52.30915], [5.00869, 52.30926], [5.00853, 52.30935], [5.0083, 52.30948], [5.00818, 52.30953], [5.00806, 52.30959], [5.00793, 52.30964], [5.00781, 52.30969], [5.00754, 52.30978], [5.00734, 52.30984], [5.00713, 52.30989], [5.00684, 52.30995], [5.00662, 52.30999], [5.0064, 52.31002], [5.00616, 52.31004], [5.00449, 52.31015], [5.00421, 52.31018], [5.00392, 52.31022], [5.00379, 52.31024], [5.00358, 52.31028], [5.00331, 52.31033], [5.00304, 52.3104], [5.00285, 52.31045], [5.00265, 52.31051], [5.0024, 52.3106], [5.0021, 52.31072], [5.00198, 52.31077], [5.00187, 52.31082], [5.00163, 52.31094], [5.00141, 52.31107], [4.99996, 52.31195], [4.99906, 52.31244], [4.99761, 52.31327], [4.9972, 52.3135], [4.99794, 52.31394], [4.99808, 52.31404], [4.99786, 52.31398], [4.99759, 52.31415], [4.99746, 52.31425], [4.9973, 52.3142], [4.9972, 52.31429], [4.99713, 52.31439], [4.99709, 52.31446], [4.99709, 52.31448], [4.99712, 52.31464], [4.99712, 52.3147], [4.9971, 52.31481], [4.99707, 52.31485], [4.99709, 52.31508], [4.99715, 52.31591], [4.99718, 52.31604], [4.99723, 52.31622], [4.99726, 52.31632], [4.99734, 52.31652], [4.99736, 52.31659], [4.99737, 52.31667], [4.99736, 52.31677], [4.99733, 52.31691], [4.99727, 52.31706], [4.99718, 52.31726], [4.99711, 52.31739], [4.99702, 52.31752], [4.9969, 52.31764], [4.99546, 52.3169], [4.99505, 52.31669], [4.99423, 52.31629], [4.99318, 52.3158], [4.99211, 52.31533], [4.99114, 52.31492], [4.99009, 52.31449], [4.98913, 52.31411], [4.98823, 52.31378], [4.98733, 52.31345], [4.97867, 52.31049], [4.97142, 52.308], [4.9554, 52.3025]]]}}]}